Ngày đăng bài,Tên,Năm sản xuất,Xuất xứ,Địa điểm,Kiểu dáng,Số km đã đi,Hộp số,Trạng thái,Nhiên Liệu,Giá
05/10/2025,Hyundai Kona 2.0 AT Đặc biệt 2019,2019,Trong nước,Nam Từ Liêm - Hà Nội,SUV,80.000 km,Số tự động,Xe cũ,Máy xăng,450 triệu
15/10/2025,Mercedes-Benz E200 Exclusive 2022,2022,Trong nước,Tp.HCM,Sedan,26.000 km,Số tự động,Xe cũ,Máy xăng,1 tỉ 650 triệu
24/09/2025,Hyundai Accent 1.4 MT Tiêu chuẩn 2022,2022,Trong nước,Tân An - Long An,Sedan,130.000 km,Số sàn,Xe cũ,Máy xăng,325 triệu
14/10/2025,Mitsubishi Xpander AT Premium 2022,2022,Trong nước,Chí Linh - Hải Dương,SUV,83.000 km,Số tự động,Xe cũ,Máy xăng,515 triệu
13/10/2025,Toyota Corolla Cross 1.8 V  2023,2023,Trong nước,An Dương - Hải Phòng,SUV,43.000 km,Số tự động,Xe cũ,Máy xăng,700 triệu
14/10/2025,Mitsubishi Triton GLX 2025,2025,Nhập khẩu,Cầu Giấy - Hà Nội,Bán tải,1.000 km,Số tự động,Xe cũ,Máy dầu,615 triệu
23/09/2025,Hyundai Tucson 1.6 Turbo HTRAC 2024,2024,Trong nước,Tân An - Long An,SUV,32.000 km,Số tự động,Xe cũ,Máy xăng,919 triệu
14/10/2025,Lexus GX 460 2016,2016,Nhập khẩu,Gò Vấp - Tp.HCM,SUV,68.000 km,Số tự động,Xe cũ,Máy xăng,2 tỉ 350 triệu
15/10/2025,Hyundai Accent 1.4 AT 2022,2022,Trong nước,Cầu Giấy - Hà Nội,Sedan,48.000 km,Số tự động,Xe cũ,Máy xăng,415 triệu
11/10/2025,Hyundai Santa Fe 2.2 Dầu Cao cấp 2024,2024,Trong nước,Cầu Giấy - Hà Nội,SUV,20.000 km,Số tự động,Xe cũ,Máy dầu,1 tỉ 299 triệu
08/10/2025,Honda HR-V G 2023,2023,Nhập khẩu,Thủ Đức - Tp.HCM,SUV,20.000 km,Số tự động,Xe cũ,Máy xăng,645 triệu
09/10/2025,Mazda 3 1.6 AT 2015,2015,Trong nước,Bình Dương,Sedan,55.000 km,Số tự động,Xe cũ,Máy xăng,370 triệu
14/10/2025,Mazda CX-5 2.0 AWD 2014,2014,Trong nước,Chí Linh - Hải Dương,SUV,110.000 km,Số tự động,Xe cũ,Máy xăng,430 triệu
06/10/2025,Hyundai Elantra 1.6 AT Đặc biệt 2023,2023,Trong nước,Dĩ An - Bình Dương,Sedan,39.000 km,Số tự động,Xe cũ,Máy xăng,539 triệu
23/09/2025,Toyota Fortuner 2022,2022,Trong nước,Tân An - Long An,,56.000 km,Số tự động,Xe cũ,Máy xăng,910 triệu
12/10/2025,Toyota Vios 2018,2018,Nhập khẩu,Tp.HCM,Sedan,200.000 km,Số sàn,Xe cũ,Máy xăng,290 triệu
05/10/2025,Mazda 2 1.5AT 2025,2025,Nhập khẩu,Cầu Giấy - Hà Nội,Sedan,6.000 km,Số tự động,Xe cũ,Máy xăng,432 triệu
24/09/2025,VinFast VF 3 2024,2024,Trong nước,Tân An - Long An,Hatchback,22.000 km,Số tự động,Xe cũ,Điện,225 triệu
23/09/2025,Kia Cerato 1.6 MT 2021,2021,Trong nước,Tân An - Long An,Sedan,50.000 km,Số sàn,Xe cũ,Máy xăng,439 triệu
25/09/2025,Mercedes-Benz C200 2015,2015,Trong nước,Thủ Đức - Tp.HCM,Sedan,60.000 km,Số tự động,Xe cũ,Máy xăng,575 triệu
08/10/2025,Mercedes-Benz C250 Exclusive 2017,2017,Nhập khẩu,Quận 7 - Tp.HCM,Sedan,56.000 km,Số tự động,Xe cũ,Máy xăng,1 tỉ
11/10/2025,Kia Sportage 2.0G Luxury 2024,2024,Trong nước,Tân An - Long An,SUV,10.000 km,Số tự động,Xe cũ,Máy xăng,895 triệu
14/10/2025,Toyota Vios 1.5 E CVT 2017,2017,Trong nước,Chí Linh - Hải Dương,Sedan,100.000 km,Số tự động,Xe cũ,Máy xăng,300 triệu
29/09/2025,Toyota Camry 2.5Q 2022,2022,Nhập khẩu,Tân An - Long An,Sedan,14.000 km,Số tự động,Xe cũ,Máy xăng,1 tỉ 179 triệu
15/10/2025,Kia Cerato 1.6 AT Hatchback 2016,2016,Nhập khẩu,Hà Nội,Hatchback,76.000 km,Số tự động,Xe cũ,Máy xăng,385 triệu
09/10/2025,Ford EcoSport Ambiente 1.5L AT 2015,2015,Trong nước,Long Biên - Hà Nội,SUV,80.000 km,Số tự động,Xe cũ,Máy xăng,260 triệu
08/10/2025,Chevrolet Spark 1.0 at 2012,2012,Nhập khẩu,Hà Nội,Hatchback,15.000 km,Số tự động,Xe cũ,Máy xăng,110 triệu
11/10/2025,Ford Everest 2007,2007,Trong nước,Lâm Đồng,SUV,170.000 km,Số tự động,Xe cũ,Máy dầu,140 triệu
23/09/2025,Hyundai Kona 2.0 AT Tiêu chuẩn 2019,2019,Trong nước,Tân An - Long An,,80.000 km,Số tự động,Xe cũ,Máy xăng,440 triệu
14/10/2025,Hyundai Accent 1.4 AT 2022,2022,Trong nước,Thanh Xuân - Hà Nội,Sedan,48.000 km,Số tự động,Xe cũ,Máy xăng,415 triệu
09/10/2025,Ford Ranger XLS 2.0L 4x2 AT 2021,2021,Nhập khẩu,Thanh Xuân - Hà Nội,Bán tải,90.000 km,Số tự động,Xe cũ,Máy dầu,535 triệu
05/10/2025,Mazda CX-8 Premium 2023,2023,Trong nước,Thanh Xuân - Hà Nội,SUV,54.000 km,Số tự động,Xe cũ,Máy xăng,890 triệu
29/09/2025,Hyundai Accent 1.4 AT Đặc biệt 2021,2021,Trong nước,Thanh Xuân - Hà Nội,Sedan,44.000 km,Số tự động,Xe cũ,Máy xăng,425 triệu
14/10/2025,Toyota Land Cruiser Prado GX 2017,2017,Nhập khẩu,Chí Linh - Hải Dương,SUV,100.000 km,Số tự động,Xe cũ,Máy xăng,1 tỉ 350 triệu
14/10/2025,Hyundai Santa Fe 2.4L Xăng Cao cấp 2016,2016,Trong nước,Chí Linh - Hải Dương,SUV,102.000 km,Số tự động,Xe cũ,Máy xăng,555 triệu
18/10/2025,Suzuki Ertiga 1.5L Sport AT 2021,2021,Trong nước,Dĩ An - Bình Dương,MPV,52.000 km,Số tự động,Xe cũ,Máy xăng,419 triệu
13/10/2025,Toyota Zace 2003,2003,Nhập khẩu,Tp.HCM,SUV,,Số sàn,Xe cũ,Máy xăng,155 triệu
10/10/2025,VinFast VF 3 2024,2024,Trong nước,Cầu Giấy - Hà Nội,SUV,10.000 km,Số tự động,Xe cũ,Điện,239 triệu
14/10/2025,Mitsubishi Outlander 2.4 CVT Premium 2018,2018,Nhập khẩu,Kim Thành - Hải Dương,SUV,106.000 km,Số tự động,Xe cũ,Máy xăng,540 triệu
15/10/2025,Ford Everest Titanium 2.0 AT 4x2 2023,2023,Nhập khẩu,Cầu Giấy - Hà Nội,SUV,29.000 km,Số tự động,Xe cũ,Máy dầu,1 tỉ 195 triệu
10/10/2025,Honda CR-V 1.5 G 2019,2019,Nhập khẩu,Bắc Ninh,SUV,94.000 km,Số tự động,Xe cũ,Máy xăng,720 triệu
10/10/2025,Mitsubishi Triton Athlete 4x2 AT 2018,2018,Nhập khẩu,Bắc Giang,Bán tải,6.900 km,Số tự động,Xe cũ,Máy dầu,430 triệu
09/10/2025,Ford Ranger Wildtrak 2.0L 4x2 AT 2018,2018,Nhập khẩu,Bình Dương,Bán tải,60.000 km,Số tự động,Xe cũ,Máy dầu,535 triệu
08/10/2025,Mercedes-Benz GLC 250 2025,2025,Nhập khẩu,Quận 7 - Tp.HCM,SUV,1.000 km,Số tự động,Xe cũ,Máy xăng,999 triệu
25/09/2025,Mitsubishi Xpander 1.5 AT  2023,2023,Nhập khẩu,Dĩ An - Bình Dương,MPV,36.000 km,Số tự động,Xe cũ,Máy xăng,499 triệu
18/10/2025,Hyundai Santa Fe 2.2 Dầu Cao cấp 2023,2023,Trong nước,Kiến An - Hải Phòng,SUV,44.000 km,Số tự động,Xe cũ,Máy dầu,1 tỉ 190 triệu
10/10/2025,Kia Sorento 2.2 DAT Premium 2020,2020,Trong nước,Thủ Đức - Tp.HCM,SUV,50.000 km,Số tự động,Xe cũ,Máy dầu,799 triệu
11/10/2025,Kia Sorento 2.2D Premium AWD 2022,2022,Trong nước,Cầu Giấy - Hà Nội,SUV,43.000 km,Số tự động,Xe cũ,Máy dầu,968 triệu
09/10/2025,Ford Ranger 2023,2023,Trong nước,Tp.HCM,Bán tải,5.200 km,Số tự động,Xe cũ,Máy dầu,685 triệu
11/10/2025,Toyota Veloz Cross CVT Top 2022,2022,Nhập khẩu,Lào Cai,MPV,40.000 km,Số tự động,Xe cũ,Máy xăng,470 triệu
08/10/2025,Kia Seltos 1.4 Luxury 2020,2020,Trong nước,Quận 12 - Tp.HCM,SUV,54.000 km,Số tự động,Xe cũ,Máy xăng,550 triệu
14/10/2025,Hyundai Accent 1.5 AT cao cấp 2024,2024,Trong nước,Cầu Giấy - Hà Nội,Sedan,4.000 km,Số tự động,Xe cũ,Máy xăng,520 triệu
14/10/2025,Mazda 3 1.5 Hatchback 2020,2020,Trong nước,Tp.HCM,Hatchback,74.000 km,Số tự động,Xe cũ,Máy xăng,520 triệu
13/10/2025,Peugeot 3008 GT 2022,2022,Trong nước,Tp.HCM,SUV,34.000 km,Số tự động,Xe cũ,Máy xăng,850 triệu
15/10/2025,VinFast LUX A2.0 Nâng cao 2021,2021,Trong nước,Cầu Giấy - Hà Nội,Sedan,79.000 km,Số tự động,Xe cũ,Máy xăng,545 triệu
12/10/2025,Ford Ranger XLS 2.2 4x2 MT 2015,2015,Nhập khẩu,Hoàng Mai - Hà Nội,Bán tải,198.000 km,Số sàn,Xe cũ,Máy dầu,335 triệu
08/10/2025,BMW 320i 2015,2015,Nhập khẩu,Tp.HCM,Sedan,84.000 km,Số tự động,Xe cũ,Máy xăng,550 triệu
15/10/2025,Toyota Fortuner 2.4G 4x2 AT  2019,2019,Trong nước,Tp.HCM,SUV,50.000 km,Số tự động,Xe cũ,Máy xăng,840 triệu
10/10/2025,Hyundai Venue 1.0 T-GDi Đặc biệt  2024,2024,Nhập khẩu,Hà Nam,SUV,30.000 km,Số tự động,Xe cũ,Máy xăng,500 triệu
06/10/2025,Mazda CX-5 2.0 Luxury 2024,2024,Trong nước,Cầu Giấy - Hà Nội,SUV,20.000 km,Số tự động,Xe cũ,Máy xăng,750 triệu
02/10/2025,Mercedes-Benz S400 3.0 V6 2014,2014,Nhập khẩu,Cầu Giấy - Hà Nội,Sedan,80.000 km,Số tự động,Xe cũ,Máy xăng,1 tỉ 120 triệu
11/10/2025,Nissan X trail 2.0 SL 2WD Premium 2017,2017,Trong nước,Cầu Giấy - Hà Nội,SUV,100.000 km,Số tự động,Xe cũ,Máy xăng,485 triệu
15/10/2025,Chevrolet Cruze LTZ 2016,2016,Nhập khẩu,Hà Nội,Sedan,12.375 km,Số tự động,Xe cũ,Máy xăng,230 triệu
10/10/2025,Peugeot 3008 Active 2018,2018,Nhập khẩu,Tp.HCM,SUV,95.000 km,Số tự động,Xe cũ,Máy xăng,575 triệu
10/10/2025,Chevrolet Aveo LT 1.5 MT 2015,2015,Nhập khẩu,Bến Tre,Sedan,140 km,Số tự động,Xe cũ,Máy xăng,135 triệu
06/10/2025,Mercedes-Benz S450L Luxury 2021,2021,Nhập khẩu,Gò Vấp - Tp.HCM,Sedan,39.000 km,Số tự động,Xe cũ,Máy xăng,2 tỉ 450 triệu
26/09/2025,Mercedes-Benz C200 2011,2011,Nhập khẩu,Chí Linh - Hải Dương,Sedan,116.780 km,Số tự động,Xe cũ,Máy xăng,275 triệu
25/09/2025,Kia Sonet 1.5 Luxury 2025,2025,Trong nước,Dĩ An - Bình Dương,,4.700 km,Số tự động,Xe cũ,Máy xăng,559 triệu
14/10/2025,Lexus RX 350 Luxury 2024,2024,Nhập khẩu,Gò Vấp - Tp.HCM,SUV,3.900 km,Số tự động,Xe cũ,Máy xăng,4 tỉ 290 triệu
14/10/2025,Kia Morning LX 1.25 MT 2017,2017,Trong nước,Đồng Nai,Hatchback,114.000 km,Số sàn,Xe cũ,Máy xăng,200 triệu
11/10/2025,VinFast VF8 Plus 2023,2023,Trong nước,Tân An - Long An,SUV,48.000 km,Số tự động,Xe cũ,Điện,789 triệu
09/10/2025,Honda Brio G 2019,2019,Trong nước,Hà Nội,Hatchback,580.000 km,Số tự động,Xe cũ,Máy xăng,320 triệu
10/10/2025,Mazda CX-5 2.0 Deluxe 2022,2022,Trong nước,Cầu Giấy - Hà Nội,SUV,40.000 km,Số tự động,Xe cũ,Máy xăng,666 triệu
14/10/2025,Mercedes-Benz S450L 2021,2021,Nhập khẩu,Gò Vấp - Tp.HCM,Sedan,39.000 km,Số tự động,Xe cũ,Máy xăng,2 tỉ 400 triệu
09/10/2025,Toyota Yaris 1.3G 2015,2015,Nhập khẩu,Bà Rịa Vũng Tàu,Hatchback,120.000 km,Số tự động,Xe cũ,Máy xăng,345 triệu
13/10/2025,Kia Sedona 3.3 Platinum G 2019,2019,Trong nước,Thủ Đức - Tp.HCM,MPV,60.000 km,Số tự động,Xe cũ,Máy xăng,698 triệu
11/10/2025,VinFast LUX A2.0 Tiêu chuẩn 2022,2022,Trong nước,Tân An - Long An,Sedan,75.000 km,Số tự động,Xe cũ,Máy xăng,539 triệu
30/09/2025,Ford Ranger Wildtrak 2.0l bi-turbo 4x4 10 AT 2024,2024,Trong nước,Thủ Đức - Tp.HCM,Bán tải,20.000 km,Số tự động,Xe cũ,Máy dầu,879 triệu
14/10/2025,Lexus ES 250 2021,2021,Nhập khẩu,Gò Vấp - Tp.HCM,Sedan,29.000 km,Số tự động,Xe cũ,Máy xăng,1 tỉ 980 triệu
18/10/2025,Mazda CX-30 2.0L Premium 2022,2022,Nhập khẩu,Dĩ An - Bình Dương,Crossover,45.000 km,Số tự động,Xe cũ,Máy xăng,649 triệu
14/10/2025,Mitsubishi Outlander 2.0 CVT 2022,2022,Trong nước,Cầu Giấy - Hà Nội,SUV,20.000 km,Số tự động,Xe cũ,Máy xăng,675 triệu
15/10/2025,Hyundai Accent 1.4 AT 2021,2021,Trong nước,Cầu Giấy - Hà Nội,Sedan,44.000 km,Số tự động,Xe cũ,Máy xăng,425 triệu
12/10/2025,Hyundai Grand i10 Hatchback 1.2 MT Base 2019,2019,Nhập khẩu,Tp.HCM,Hatchback,390.000 km,Số sàn,Xe cũ,Máy xăng,185 triệu
10/10/2025,Kia Morning Luxury 2019,2019,Trong nước,Quận 11 - Tp.HCM,Hatchback,15 km,Số tự động,Xe cũ,Máy xăng,275 triệu
22/09/2025,Peugeot 5008 Allure 2022,2022,Nhập khẩu,Thủ Đức - Tp.HCM,SUV,30.000 km,Số tự động,Xe cũ,Máy xăng,819 triệu
11/10/2025,MG 5 1.5L STD 2023,2023,Trong nước,Đồng Nai,Sedan,34.000 km,Số tự động,Xe cũ,Máy xăng,400 triệu
04/10/2025,Toyota Fortuner 2.4 MT 4x2 2019,2019,Trong nước,Thủ Đức - Tp.HCM,SUV,20.000 km,Số sàn,Xe cũ,Máy dầu,775 triệu
14/10/2025,Toyota Corolla Altis 1.8G CVT 2021,2021,Trong nước,Kiên Giang,Sedan,45.000 km,Số tự động,Xe cũ,Máy xăng,635 triệu
12/10/2025,Mazda 2 Luxury 2023,2023,Nhập khẩu,Bình Dương,Sedan,23.000 km,Số tự động,Xe cũ,Máy xăng,435 triệu
11/10/2025,VinFast VF6 Plus 2025,2025,Trong nước,Tân An - Long An,Crossover,20.000 km,Số tự động,Xe cũ,Điện,660 triệu
13/10/2025,Kia Morning SX 1.1 AT Sport 2010,2010,Nhập khẩu,Bắc Giang,Hatchback,140.000 km,Số tự động,Xe cũ,Máy xăng,150 triệu
14/10/2025,Kia Carens S 2.0 MT 2015,2015,Trong nước,Chí Linh - Hải Dương,MPV,120.000 km,Số sàn,Xe cũ,Máy xăng,220 triệu
14/10/2025,Mitsubishi Xpander 1.5 AT  2019,2019,Trong nước,Chí Linh - Hải Dương,,75.000 km,Số tự động,Xe cũ,Máy xăng,435 triệu
06/10/2025,Mercedes-Benz S450L Luxury 2021,2021,Nhập khẩu,Gò Vấp - Tp.HCM,Sedan,39.000 km,Số tự động,Xe cũ,Máy xăng,2 tỉ 450 triệu
25/09/2025,Kia Soluto AT Deluxe 2020,2020,Trong nước,Dĩ An - Bình Dương,Sedan,26.000 km,Số tự động,Xe cũ,Máy xăng,319 triệu
10/10/2025,Volkswagen New Beetle 2009,2009,Trong nước,Thủ Đức - Tp.HCM,Convertible,60.000 km,Số tự động,Xe cũ,Máy xăng,479 triệu
14/10/2025,Kia Rondo 1.7 DAT 2016,2016,Trong nước,Chí Linh - Hải Dương,MPV,110.000 km,Số tự động,Xe cũ,Máy dầu,399 triệu
23/09/2025,Mazda 3 Sedan 1.5L Deluxe 2022,2022,Trong nước,Nam Từ Liêm - Hà Nội,Sedan,42.000 km,Số tự động,Xe cũ,Máy xăng,495 triệu
24/09/2025,Peugeot 2008 GT Line 2022,2022,Nhập khẩu,Cầu Giấy - Hà Nội,SUV,40.000 km,Số tự động,Xe cũ,Máy xăng,620 triệu
14/10/2025,Hyundai Grand i10 1.2 AT 2010,2010,Trong nước,Tp.HCM,Hatchback,89.000 km,Số tự động,Xe cũ,Máy xăng,168 triệu
10/10/2025,Mazda 3 1.6 AT 2012,2012,Nhập khẩu,Đống Đa - Hà Nội,Hatchback,140.000 km,Số tự động,Xe cũ,Máy xăng,250 triệu
15/10/2025,Mazda CX-8 Premium 2023,2023,Trong nước,Cầu Giấy - Hà Nội,SUV,50.000 km,Số tự động,Xe cũ,Máy xăng,890 triệu
11/10/2025,Honda CR-V 2.4L TG 2012,2012,Trong nước,Quận 2 - Tp.HCM,SUV,87.000 km,Số tự động,Xe cũ,Máy xăng,348 triệu
07/10/2025,Mercedes-Benz GLC 250 4Matic 2018,2018,Trong nước,Quận 7 - Tp.HCM,SUV,1.000 km,Số tự động,Xe cũ,Máy xăng,839 triệu
10/10/2025,Toyota Avanza 1.5 AT 2023,2023,Trong nước,Tp.HCM,MPV,14.766 km,Số tự động,Xe cũ,Máy xăng,489 triệu
24/09/2025,Ford Ranger XLS 2.2 4x2 AT 2015,2015,Trong nước,Hạ Hòa - Phú Thọ,Bán tải,100.000 km,Số tự động,Xe cũ,Máy dầu,380 triệu
30/09/2025,Ford EcoSport Titanium 1.5L AT 2018,2018,Trong nước,Tân Phú - Tp.HCM,Convertible,61.000 km,Số tự động,Xe cũ,Máy xăng,415 triệu
17/10/2025,VinFast Fadil Cao cấp 2019,2019,Trong nước,Quận 2 - Tp.HCM,Hatchback,8.200 km,Số tự động,Xe cũ,Máy xăng,319 triệu
13/10/2025,Mercedes-Benz C250 Exclusive 2016,2016,Trong nước,Tp.HCM,Sedan,78.000 km,Số tự động,Xe cũ,Máy xăng,550 triệu
09/10/2025,Mazda 2 1.5AT 2015,2015,Trong nước,Quận 7 - Tp.HCM,Hatchback,60.000 km,Số tự động,Xe cũ,Máy xăng,270 triệu
08/10/2025,Mitsubishi Xpander 1.5 MT 2023,2023,Trong nước,Dĩ An - Bình Dương,SUV,58.000 km,Số sàn,Xe cũ,Máy xăng,439 triệu
11/10/2025,Ford Ranger Wildtrak 2.0L 4x2 AT 2014,2014,Nhập khẩu,Bà Rịa Vũng Tàu,Bán tải,176.000 km,Số tự động,Xe cũ,Máy dầu,335 triệu
08/10/2025,VinFast Fadil Cao cấp 2020,2020,Trong nước,Dĩ An - Bình Dương,Hatchback,62.000 km,Số tự động,Xe cũ,Máy xăng,279 triệu
01/10/2025,Ford Territory Titanium X 2023,2023,Nhập khẩu,Tân Phú - Tp.HCM,SUV,26.000 km,Số tự động,Xe cũ,Máy xăng,805 triệu
18/10/2025,Hyundai Santa Fe 2.2 Dầu Cao cấp 2022,2022,Trong nước,Dĩ An - Bình Dương,SUV,62.000 km,Số tự động,Xe cũ,Máy dầu,1 tỉ 079 triệu
15/10/2025,Toyota Vios 1.5E MT 2018,2018,Trong nước,Bình Dương,Sedan,71.000 km,Số sàn,Xe cũ,Máy xăng,325 triệu
13/10/2025,Mitsubishi Xpander Cross 1.5 AT 2024,2024,Trong nước,Mỹ Hào - Hưng Yên,MPV,3.000 km,Số tự động,Xe cũ,Máy xăng,640 triệu
23/09/2025,Hyundai Tucson 1.6 Turbo HTRAC 2023,2023,Trong nước,Thanh Xuân - Hà Nội,Hatchback,40.000 km,Số tự động,Xe cũ,Máy xăng,888 triệu
15/10/2025,Hyundai Avante 1.6 AT 2014,2014,Trong nước,Tp.HCM,Sedan,92.000 km,Số tự động,Xe cũ,Máy xăng,270 triệu
06/10/2025,Toyota Camry 2.0Q 2022,2022,Nhập khẩu,Dĩ An - Bình Dương,Sedan,50.000 km,Số tự động,Xe cũ,Máy xăng,999 triệu
22/09/2025,Kia Cerato 2.0 AT Premium 2019,2019,Trong nước,Thanh Xuân - Hà Nội,Sedan,76.000 km,Số tự động,Xe cũ,Máy xăng,450 triệu
14/10/2025,Toyota Vios 1.5E MT 2019,2019,Trong nước,Thanh Xuân - Hà Nội,Sedan,80.000 km,Số sàn,Xe cũ,Máy xăng,320 triệu
09/10/2025,Ford Transit 2016,2016,Trong nước,Thuận An - Bình Dương,Van/Minivan,215.000 km,Số sàn,Xe cũ,Máy dầu,400 triệu
02/10/2025,Kia Sedona 3.3 GAT 2015,2015,Nhập khẩu,Thanh Xuân - Hà Nội,MPV,30.000 km,Số tự động,Xe cũ,Máy xăng,435 triệu
14/10/2025,Hyundai Grand i10 Hatchback 1.2 AT 2019,2019,Trong nước,Thanh Xuân - Hà Nội,Hatchback,58.000 km,Số tự động,Xe cũ,Máy xăng,333 triệu
10/10/2025,Toyota Innova 2.0G 2019,2019,Trong nước,Tp.HCM,MPV,107.000 km,Số tự động,Xe cũ,Máy xăng,550 triệu
25/09/2025,Audi Q2 TFSI 2018,2018,Nhập khẩu,Quận 7 - Tp.HCM,SUV,66.000 km,Số tự động,Xe cũ,Máy xăng,878 triệu
14/10/2025,Kia Morning SX 1.1 AT Sport 2011,2011,Nhập khẩu,Biên Hòa - Đồng Nai,Hatchback,163 km,Số tự động,Xe cũ,Máy xăng,160 triệu
10/10/2025,Mercedes-Benz E180 1.5 I4 2020,2020,Nhập khẩu,Tây Hồ - Hà Nội,Sedan,50.000 km,Số tự động,Xe cũ,Máy xăng,948 triệu
12/10/2025,Ford Ranger XLS 2.0L 4x2 AT 2014,2014,Nhập khẩu,Thanh Xuân - Hà Nội,Bán tải,190.000 km,Số tự động,Xe cũ,Máy dầu,344 triệu
12/10/2025,Honda CR-V 2.4L TG 2015,2015,Trong nước,Long Biên - Hà Nội,SUV,96.000 km,Số tự động,Xe cũ,Máy xăng,470 triệu
16/10/2025,Hyundai Accent 1.4 AT 2023,2023,Trong nước,Mỹ Hào - Hưng Yên,Sedan,7.000 km,Số tự động,Xe cũ,Máy xăng,475 triệu
14/10/2025,Mitsubishi Xpander Cross 1.5 AT 2021,2021,Nhập khẩu,Hà Nội,SUV,185.500 km,Số tự động,Xe cũ,Máy xăng,450 triệu
23/09/2025,Porsche Macan 2.0 2019,2019,Nhập khẩu,Long Biên - Hà Nội,SUV,18.000 km,Số tự động,Xe cũ,Máy xăng,2 tỉ 300 triệu
15/10/2025,Mercedes-Benz C200 Avantgarde 2022,2022,Nhập khẩu,Thủ Đức - Tp.HCM,Sedan,12.000 km,Số tự động,Xe cũ,Hybrid,1 tỉ 199 triệu
15/10/2025,Mercedes-Benz C200 Avantgarde 2022,2022,Nhập khẩu,Thủ Đức - Tp.HCM,Sedan,12.000 km,Số tự động,Xe cũ,Hybrid,1 tỉ 199 triệu
16/10/2025,Ford Everest Titanium 2.0L AT 4WD 2019,2019,Nhập khẩu,Bắc Từ Liêm - Hà Nội,SUV,70.000 km,Số tự động,Xe cũ,Máy dầu,860 triệu
02/10/2025,Toyota Fortuner 2.7V 2015,2015,Trong nước,Thanh Xuân - Hà Nội,SUV,100.000 km,Số tự động,Xe cũ,Máy xăng,485 triệu
13/10/2025,Toyota Corolla Cross 1.8 V  2023,2023,Nhập khẩu,Tp.HCM,SUV,35.000 km,Số tự động,Xe cũ,Máy xăng,720 triệu
23/09/2025,Kia Sonet 1.5 Premium 2024,2024,Trong nước,Thanh Xuân - Hà Nội,Hatchback,20.000 km,Số tự động,Xe cũ,Máy xăng,588 triệu
30/09/2025,Ford Ranger XLS 2.2L 4x2 MT 2019,2019,Trong nước,Tân Phú - Tp.HCM,Bán tải,85.000 km,Số sàn,Xe cũ,Máy dầu,485 triệu
14/10/2025,Mitsubishi Xpander AT Premium 2024,2024,Nhập khẩu,Thanh Xuân - Hà Nội,MPV,38.000 km,Số tự động,Xe cũ,Máy xăng,588 triệu
15/10/2025,Honda HR-V G 2023,2023,Trong nước,Mỹ Hào - Hưng Yên,Crossover,30.000 km,Số tự động,Xe cũ,Máy xăng,625 triệu
14/10/2025,Mazda 3 Sedan 1.5L Luxury 2022,2022,Trong nước,Tp.HCM,Sedan,26.700 km,Số tự động,Xe cũ,Máy xăng,537 triệu
13/10/2025,Toyota Fortuner 2015,2015,Nhập khẩu,Bình Dương,SUV,144.122 km,Số tự động,Xe cũ,Máy dầu,450 triệu
23/09/2025,Ford EcoSport Titanium 1.5L AT 2019,2019,Trong nước,Tân Phú - Tp.HCM,SUV,68.000 km,Số tự động,Xe cũ,Máy xăng,428 triệu
14/10/2025,Ford Ranger XLS 2.0L 4x2 AT 2014,2014,Nhập khẩu,Thanh Xuân - Hà Nội,Bán tải,100.000 km,Số tự động,Xe cũ,Máy dầu,344 triệu
15/10/2025,Mercedes-Benz GLC 200 2018,2018,Nhập khẩu,Hà Nội,SUV,70.000 km,Số tự động,Xe cũ,Máy xăng,890 triệu
07/10/2025,Mercedes-Benz GLC 250 4Matic 2018,2018,Nhập khẩu,Quận 7 - Tp.HCM,SUV,1.000 km,Số tự động,Xe cũ,Máy xăng,839 triệu
08/10/2025,Toyota Vios 2015,2015,Trong nước,Hà Nội,Sedan,1.000 km,Số sàn,Xe cũ,Máy xăng,250 triệu
07/10/2025,Mercedes-Benz GLC 250 4Matic 2018,2018,Nhập khẩu,Quận 7 - Tp.HCM,SUV,1.000 km,Số tự động,Xe cũ,Máy xăng,839 triệu
08/10/2025,Toyota Vios 2015,2015,Trong nước,Hà Nội,Sedan,1.000 km,Số sàn,Xe cũ,Máy xăng,250 triệu
30/09/2025,Ford Focus S 2.0AT 2013,2013,Trong nước,Tân Phú - Tp.HCM,Hatchback,89.000 km,Số tự động,Xe cũ,Máy xăng,338 triệu
13/10/2025,Honda CR-V 2.4L TG 2012,2012,Trong nước,Tp.HCM,SUV,140.000 km,Số tự động,Xe cũ,Máy xăng,355 triệu
13/10/2025,Toyota Corolla Altis 2.0V  2016,2016,Trong nước,Đồng Nai,Sedan,80.000 km,Số tự động,Xe cũ,Máy xăng,460 triệu
11/10/2025,Ford Ranger Raptor 2021,2021,Nhập khẩu,Khánh Hòa,Bán tải,23.000 km,Số tự động,Xe cũ,Máy dầu,970 triệu
15/10/2025,Mitsubishi Xpander AT 2019,2019,Nhập khẩu,Tp.HCM,MPV,186.000 km,Số tự động,Xe cũ,Máy xăng,400 triệu
12/10/2025,Toyota Innova 2.0E 2013,2013,Trong nước,Bình Phước,MPV,95.000 km,Số tự động,Xe cũ,Máy xăng,270 triệu
25/09/2025,Hyundai Elantra 2023,2023,Trong nước,Sóc Sơn - Hà Nội,Sedan,24.000 km,Số tự động,Xe cũ,Máy xăng,580 triệu
14/10/2025,Toyota Vios 1.5 E CVT 2022,2022,Trong nước,Thanh Xuân - Hà Nội,Sedan,50.000 km,Số tự động,Xe cũ,Máy xăng,425 triệu
09/10/2025,Ford Everest Platinum 2.0L 4x4 AT 2021,2021,Nhập khẩu,Tp.HCM,SUV,58.000 km,Số tự động,Xe cũ,Máy dầu,959 triệu
01/10/2025,Ford Ranger XLS 2.0L 4x4 AT 2025,2025,Trong nước,Tân Phú - Tp.HCM,Bán tải,12.000 km,Số tự động,Xe cũ,Máy dầu,720 triệu
19/09/2025,Mitsubishi Xpander AT Premium 2023,2023,Nhập khẩu,Thanh Xuân - Hà Nội,MPV,50.000 km,Số tự động,Xe cũ,Máy xăng,560 triệu
12/10/2025,Mazda CX-5 2.5 AWD 2016,2016,Trong nước,Trà Vinh,SUV,89.000 km,Số tự động,Xe cũ,Máy xăng,450 triệu
10/10/2025,Honda City RS 2022,2022,,Hà Nội,Sedan,,Số tự động,Xe cũ,Máy xăng,465 triệu
08/10/2025,Hyundai Elantra 1.8 AT 2013,2013,Nhập khẩu,Tp.HCM,Sedan,788.000 km,Số tự động,Xe cũ,Máy xăng,265 triệu
23/09/2025,Toyota Raize 2021,2021,Nhập khẩu,Long Biên - Hà Nội,SUV,20.000 km,Số tự động,Xe cũ,Máy xăng,440 triệu
28/09/2025,Kia K3 2.0 Premium 2022,2022,Trong nước,Thanh Xuân - Hà Nội,Sedan,60.000 km,Số tự động,Xe cũ,Máy xăng,565 triệu
07/10/2025,Mercedes-Benz GLC 250 4Matic 2018,2018,Trong nước,Quận 7 - Tp.HCM,SUV,100.000 km,Số tự động,Xe cũ,Máy xăng,999 triệu
15/10/2025,Hyundai Grand i10 2020,2020,Trong nước,Mỹ Hào - Hưng Yên,Hatchback,40.000 km,Số tự động,Xe cũ,Máy xăng,345 triệu
10/10/2025,Kia Carnival 2.2D Signature 2024,2024,Trong nước,Thanh Xuân - Hà Nội,SUV,60.000 km,Số tự động,Xe cũ,Máy dầu,1 tỉ 366 triệu
14/10/2025,Chevrolet Captiva ltz 2.4 at 2008,2008,Trong nước,Đà Nẵng,SUV,94.000 km,Số tự động,Xe cũ,Máy xăng,185 triệu
13/10/2025,Mitsubishi Xpander 1.5 AT  2019,2019,Nhập khẩu,Hải Phòng,MPV,113.418 km,Số tự động,Xe cũ,Máy xăng,430 triệu
03/10/2025,Ford Ranger XLS 2.0L 4x2 AT 2022,2022,Trong nước,Tân Phú - Tp.HCM,Bán tải,45.000 km,Số tự động,Xe cũ,Máy dầu,578 triệu
30/09/2025,Ford EcoSport Titanium 1.5L AT 2017,2017,Trong nước,Tân Phú - Tp.HCM,SUV,87.000 km,Số tự động,Xe cũ,Máy xăng,343 triệu
01/10/2025,Ford Everest Titanium 2.0 AT 4x2 2019,2019,Nhập khẩu,Tân Phú - Tp.HCM,SUV,64.000 km,Số tự động,Xe cũ,Máy dầu,835 triệu
09/10/2025,Ford EcoSport Titanium 1.5L AT 2016,2016,Trong nước,Tân Phú - Tp.HCM,SUV,85.000 km,Số tự động,Xe cũ,Máy xăng,335 triệu
14/10/2025,Ford EcoSport Titanium 1.5L AT 2018,2018,Trong nước,Tân Phú - Tp.HCM,SUV,61.000 km,Số tự động,Xe cũ,Máy xăng,410 triệu
07/10/2025,Mercedes-Benz E200 E200 2020,2020,Nhập khẩu,Quận 7 - Tp.HCM,Sedan,45.000 km,Số tự động,Xe cũ,Máy xăng,1 tỉ 049 triệu
10/10/2025,Hyundai Grand i10 1.2 AT 2023,2023,Nhập khẩu,Khánh Hòa,Hatchback,10.000 km,Số tự động,Xe cũ,Máy xăng,385 triệu
14/10/2025,Ford Ranger XLS 2.0L 4x2 AT 2022,2022,Trong nước,Tân Phú - Tp.HCM,Bán tải,85.000 km,Số tự động,Xe cũ,Máy dầu,568 triệu
16/10/2025,Hyundai Grand i10 1.0 AT 2017,2017,Trong nước,Khoái Châu - Hưng Yên,Hatchback,68.000 km,Số tự động,Xe cũ,Máy xăng,280 triệu
11/10/2025,Kia Morning SLX 1.0 AT 2008,2008,Nhập khẩu,Khoái Châu - Hưng Yên,Hatchback,150.000 km,Số tự động,Xe cũ,Máy xăng,128 triệu
04/10/2025,Honda CR-V 2.4L TG 2011,2011,Trong nước,Khoái Châu - Hưng Yên,SUV,140.000 km,Số tự động,Xe cũ,Máy xăng,310 triệu
29/09/2025,Kia Rondo 1.7 DAT 2015,2015,Trong nước,Khoái Châu - Hưng Yên,SUV,130.000 km,Số tự động,Xe cũ,Máy dầu,350 triệu
10/10/2025,Toyota Avanza 1.5 AT 2023,2023,Trong nước,Tp.HCM,MPV,14.766 km,Số tự động,Xe cũ,Máy xăng,489 triệu
22/09/2025,Hyundai Elantra   2.0 AT 2021,2021,Trong nước,Thanh Xuân - Hà Nội,Sedan,40.000 km,Số tự động,Xe cũ,Máy xăng,490 triệu
09/10/2025,Ford Focus 1.5L EcoBoost Sport 2018,2018,Trong nước,Tân Phú - Tp.HCM,Hatchback,76.000 km,Số tự động,Xe cũ,Máy xăng,465 triệu
17/10/2025,Kia Morning Standard MT 2013,2013,Trong nước,Hạ Hòa - Phú Thọ,Hatchback,110.000 km,Số sàn,Xe cũ,Máy xăng,119 triệu
09/10/2025,Kia Morning S 1.25 AT 2018,2018,Trong nước,Thanh Xuân - Hà Nội,Hatchback,90.000 km,Số tự động,Xe cũ,Máy xăng,288 triệu
19/09/2025,Mitsubishi Triton Athlete 4x2 AT 2022,2022,Trong nước,Hạ Hòa - Phú Thọ,,32.000 km,Số tự động,Xe cũ,Máy xăng,625 triệu
19/09/2025,Suzuki Swift 2019,2019,Nhập khẩu,Long Biên - Hà Nội,,425 km,Số tự động,Xe cũ,Máy xăng,425 triệu
13/10/2025,Mercedes-Benz S450 4Matic Luxury 2022,2022,Nhập khẩu,Bình Tân - Tp.HCM,Sedan,24.000 km,Số tự động,Xe cũ,Máy xăng,3 tỉ 989 triệu
25/09/2025,Mercedes-Benz E200 E200 2019,2019,Trong nước,Bình Tân - Tp.HCM,Sedan,66.000 km,Số tự động,Xe cũ,Máy xăng,1 tỉ 039 triệu
22/09/2025,Mercedes-Benz C200 2.0 AT 2016,2016,Trong nước,Bình Tân - Tp.HCM,Sedan,69.000 km,Số tự động,Xe cũ,Máy xăng,559 triệu
14/10/2025,Mercedes-Benz C200 2.0 AT 2016,2016,Trong nước,Bình Tân - Tp.HCM,Sedan,106.000 km,Số tự động,Xe cũ,Máy xăng,579 triệu
24/09/2025,Hyundai Grand i10 2015,2015,Nhập khẩu,Hạ Hòa - Phú Thọ,Hatchback,100.000 km,Số tự động,Xe cũ,Máy xăng,239 triệu
15/10/2025,Honda City 2017,2017,Trong nước,Tp.HCM,Sedan,68.000 km,Số tự động,Xe cũ,Máy xăng,259 triệu
15/10/2025,VinFast LUX A2.0 2021,2021,Trong nước,Hà Nội,,30.000 km,Số tự động,Xe cũ,Máy xăng,550 triệu
13/10/2025,Peugeot 2008 GT Line 2022,2022,Nhập khẩu,Hưng Yên,SUV,75.000 km,Số tự động,Xe cũ,Máy xăng,600 triệu
08/10/2025,Kia Sedona 2.2 Platinum D 2019,2019,Trong nước,Hà Nội,MPV,160.000 km,Số tự động,Xe cũ,Máy dầu,700 triệu
14/10/2025,Ford Ranger XLS 2.2L 4x2 MT 2022,2022,Trong nước,Tân Phú - Tp.HCM,Bán tải,57.000 km,Số sàn,Xe cũ,Máy dầu,535 triệu
16/10/2025,Mercedes-Benz E200 Exclusive V1 2022,2022,Trong nước,Quận 7 - Tp.HCM,Sedan,27.000 km,Số tự động,Xe cũ,Máy xăng,1 tỉ 689 triệu
15/10/2025,Kia Carnival 3.5G Signature 2022,2022,Trong nước,Quận 7 - Tp.HCM,MPV,35.000 km,Số tự động,Xe cũ,Máy xăng,1 tỉ 200 triệu
15/10/2025,BMW X3 sDrive20i Msport 2024,2024,Nhập khẩu,Quận 7 - Tp.HCM,SUV,29.000 km,Số tự động,Xe cũ,Máy xăng,1 tỉ 839 triệu
15/10/2025,Porsche Macan 2.0 AT 2015,2015,Nhập khẩu,Quận 7 - Tp.HCM,SUV,88.000 km,Số tự động,Xe cũ,Máy xăng,1 tỉ 368 triệu
15/10/2025,Audi TT 2017,2017,Nhập khẩu,Quận 7 - Tp.HCM,Coupe,39.000 km,Số tự động,Xe cũ,Máy xăng,1 tỉ 089 triệu
15/10/2025,Mini Cooper S 3 cửa 2022,2022,Nhập khẩu,Quận 7 - Tp.HCM,Sport Car,9.555 km,Số tự động,Xe cũ,Máy xăng,1 tỉ 579 triệu
15/10/2025,Mercedes-Benz S450 2018,2018,Nhập khẩu,Quận 7 - Tp.HCM,Sedan,62.000 km,Số tự động,Xe cũ,Máy xăng,1 tỉ 668 triệu
15/10/2025,Volkswagen Teramont X 2021,2021,Trong nước,Quận 7 - Tp.HCM,SUV,34.000 km,Số tự động,Xe cũ,Máy xăng,1 tỉ 539 triệu
15/10/2025,Mercedes-Benz GLC 200 4Matic 2021,2021,Nhập khẩu,Quận 7 - Tp.HCM,SUV,52.222 km,Số tự động,Xe cũ,Máy xăng,1 tỉ 299 triệu
17/10/2025,Hyundai Grand i10 Sedan 1.2 MT 2018,2018,Trong nước,Hoài Đức - Hà Nội,Sedan,250.000 km,Số sàn,Xe cũ,Máy xăng,225 triệu
16/10/2025,Toyota Fortuner 2.4 AT 4x2 Legender 2024,2024,Trong nước,Bắc Từ Liêm - Hà Nội,SUV,10.000 km,Số tự động,Xe cũ,Máy dầu,1 tỉ 165 triệu
16/10/2025,Honda CR-V 1.5 G 2018,2018,Trong nước,Bắc Từ Liêm - Hà Nội,,110.000 km,Số tự động,Xe cũ,Máy xăng,660 triệu
02/10/2025,Toyota Camry 2.4G 2011,2011,Trong nước,Thanh Xuân - Hà Nội,Sedan,150.000 km,Số tự động,Xe cũ,Máy xăng,345 triệu
24/09/2025,Toyota Vios 1.5 E CVT 2021,2021,Trong nước,Hạ Hòa - Phú Thọ,Sedan,68.000 km,Số tự động,Xe cũ,Máy xăng,390 triệu
13/10/2025,Hyundai Creta 1.5L Đặc biệt 2022,2022,Trong nước,Mỹ Hào - Hưng Yên,SUV,18.000 km,Số tự động,Xe cũ,Máy xăng,560 triệu
11/10/2025,Ford Ranger XLS 2.0L 4x2 AT 2024,2024,Trong nước,Hà Nội,Bán tải,27.000 km,Số tự động,Xe cũ,Máy xăng,620 triệu
23/09/2025,Ford Transit Tiêu chuẩn 2019,2019,Trong nước,Tân Phú - Tp.HCM,Van/Minivan,61.000 km,Số sàn,Xe cũ,Máy dầu,545 triệu
18/10/2025,Mazda CX-5 2.0 Luxury 2021,2021,Trong nước,Sóc Sơn - Hà Nội,SUV,37.000 km,Số tự động,Xe cũ,Máy xăng,670 triệu
14/10/2025,Ford Transit Cao cấp 2017,2017,Trong nước,Đồng Tháp,Van/Minivan,84.000 km,Số sàn,Xe cũ,Máy dầu,340 triệu
14/10/2025,Lexus RX 300 T 2019,2019,Nhập khẩu,Quận 2 - Tp.HCM,SUV,55.700 km,Số tự động,Xe cũ,Máy xăng,2 tỉ 650 triệu
12/10/2025,Honda City RS 2024,2024,Nhập khẩu,Tp.HCM,Sedan,5.688 km,Số tự động,Xe cũ,Máy xăng,510 triệu
10/10/2025,Mazda 6 2.0 Premium 2019,2019,Trong nước,Hà Nội,Sedan,92.000 km,Số tự động,Xe cũ,Máy xăng,540 triệu
29/09/2025,Peugeot 3008 GT Line 2022,2022,Nhập khẩu,Bắc Từ Liêm - Hà Nội,Crossover,29.000 km,Số tự động,Xe cũ,Máy xăng,820 triệu
23/09/2025,Ford Ranger 2020,2020,Nhập khẩu,Bắc Từ Liêm - Hà Nội,Bán tải,80.000 km,Số tự động,Xe cũ,Máy dầu,675 triệu
11/10/2025,Honda CR-V 1.5 E 2019,2019,Nhập khẩu,Trảng Bom - Đồng Nai,SUV,120.000 km,Số tự động,Xe cũ,Máy xăng,700 triệu
03/10/2025,Ford Ranger Wildtrak 2.2 4x2 AT 2016,2016,Trong nước,Tân Phú - Tp.HCM,Bán tải,59.000 km,Số tự động,Xe cũ,Máy dầu,515 triệu
16/10/2025,Mitsubishi Pajero Sport 2021,2021,Trong nước,Bắc Từ Liêm - Hà Nội,SUV,60.000 km,Số tự động,Xe cũ,Máy dầu,840 triệu
09/10/2025,Honda Civic 2023,2023,,Hà Nội,,23.000 km,Số tự động,Xe cũ,Máy xăng,770 triệu
08/10/2025,Lexus LX 570 Super Sport 2016,2016,Nhập khẩu,Long Biên - Hà Nội,SUV,21.000 km,Số tự động,Xe cũ,Máy xăng,4 tỉ 450 triệu
20/09/2025,Ford Ranger XLS 2.2 4x2 AT 2022,2022,Trong nước,Mỹ Hào - Hưng Yên,Bán tải,40.000 km,Số tự động,Xe cũ,Máy xăng,545 triệu
19/09/2025,Rolls-Royce Cullinan 2019,2019,Nhập khẩu,Long Biên - Hà Nội,,50.000 km,Số tự động,Xe cũ,Máy xăng,11 tỉ 900 triệu
13/10/2025,Toyota Veloz Cross CVT Top 2024,2024,Nhập khẩu,Tp.HCM,MPV,22.000 km,Số tự động,Xe cũ,Máy xăng,600 triệu
13/10/2025,Chevrolet Cruze LTZ 1.8 2017,2017,Nhập khẩu,Tp.HCM,Sedan,80.036 km,Số tự động,Xe cũ,Máy xăng,290 triệu
07/10/2025,Mercedes-Benz GLC 200 4Matic 2022,2022,Trong nước,Quận 7 - Tp.HCM,SUV,58.000 km,Số tự động,Xe cũ,Máy xăng,1 tỉ 459 triệu
25/09/2025,Hyundai Santa Fe 2017,2017,Trong nước,Sóc Sơn - Hà Nội,SUV,90.000 km,Số tự động,Xe cũ,Máy dầu,660 triệu
20/09/2025,Hyundai Grand i10 Hatchback 1.2 AT 2023,2023,Trong nước,Sóc Sơn - Hà Nội,Hatchback,20.000 km,Số tự động,Xe cũ,Máy xăng,385 triệu
10/10/2025,Mitsubishi Xpander 1.5 AT  2019,2019,Nhập khẩu,Thanh Xuân - Hà Nội,MPV,93.000 km,Số tự động,Xe cũ,Máy xăng,433 triệu
09/10/2025,Ford Focus 1.8L 2010,2010,Trong nước,Long An,Hatchback,80.000 km,Số tự động,Xe cũ,Máy xăng,189 triệu
20/09/2025,Lexus GX 460 2016,2016,Nhập khẩu,Gò Vấp - Tp.HCM,SUV,68.000 km,Số tự động,Xe cũ,Máy xăng,2 tỉ 350 triệu
08/10/2025,Toyota Camry 2.5Q 2020,2020,Nhập khẩu,Tp.HCM,Sedan,37.000 km,Số tự động,Xe cũ,Hybrid,850 triệu
14/10/2025,Lexus GX 460 2016,2016,Nhập khẩu,Gò Vấp - Tp.HCM,SUV,68.000 km,Số tự động,Xe cũ,Máy xăng,2 tỉ 350 triệu
15/10/2025,Suzuki Ertiga Hybrid Ertiga AT 2021,2021,Nhập khẩu,Quận 8 - Tp.HCM,MPV,170.000 km,Số tự động,Xe cũ,Máy xăng,375 triệu
14/10/2025,Ford Ranger XLS 2.2L 4x2 MT 2014,2014,Trong nước,Hải Phòng,Bán tải,183.000 km,Số tự động,Xe cũ,Máy dầu,285 triệu
12/10/2025,Kia Morning 1.0MT 2011,2011,Nhập khẩu,Bắc Giang,Hatchback,177.198 km,Số sàn,Xe cũ,Máy xăng,110 triệu
12/10/2025,Fuso Rosa 2016,2016,Trong nước,Tiên Du - Bắc Ninh,Minibus,230.000 km,Số sàn,Xe cũ,Máy dầu,500 triệu
13/10/2025,Mitsubishi Attrage 1.2L MT 2017,2017,Nhập khẩu,Tp.HCM,Sedan,2.018 km,Số sàn,Xe cũ,Máy xăng,150 triệu
09/10/2025,Honda CR-V 1.5 L 2018,2018,Nhập khẩu,Hà Nội,SUV,110.000 km,Số tự động,Xe cũ,Máy xăng,690 triệu
13/10/2025,Toyota Corolla Altis 1.8E CVT 2011,2011,Nhập khẩu,Bình Tân - Tp.HCM,Sedan,73.000 km,Số tự động,Xe cũ,Máy xăng,295 triệu
11/10/2025,Hyundai Elantra 2016,2016,Nhập khẩu,Quảng Nam,Sedan,300.000 km,Số tự động,Xe cũ,Máy xăng,320 triệu
16/10/2025,Hyundai Santa Fe 2.2 Dầu Cao cấp 2021,2021,Trong nước,Quận 1 - Tp.HCM,SUV,31.000 km,Số tự động,Xe cũ,Máy dầu,1 tỉ 069 triệu
13/10/2025,Toyota Innova 2.0G 2006,2006,Trong nước,Hà Nội,MPV,250.000 km,Số tự động,Xe cũ,Máy xăng,165 triệu
12/10/2025,Chevrolet Colorado LT 2.5L 4x2 AT 2018,2018,Nhập khẩu,Tp.HCM,Bán tải,80.000 km,Số tự động,Xe cũ,Máy dầu,385 triệu
09/10/2025,Ford Everest Titanium 2.0 AT 4x2 2019,2019,Nhập khẩu,Tp.HCM,SUV,140.000 km,Số tự động,Xe cũ,Máy xăng,775 triệu
13/10/2025,Ford Ranger XLS 2.0L 4x2 AT 2024,2024,Trong nước,Bình Phước,Bán tải,30.000 km,Số tự động,Xe cũ,Máy xăng,620 triệu
15/10/2025,Toyota Vios 1.5 G CVT 2018,2018,Nhập khẩu,Hà Nội,Sedan,140.000 km,Số tự động,Xe cũ,Máy xăng,340 triệu
08/10/2025,Mitsubishi Mirage 2014,2014,,Hà Nội,Hatchback,90.000 km,Số tự động,Xe cũ,Máy xăng,195 triệu
11/10/2025,Kia Carens SX 2.0 MT 2009,2009,Nhập khẩu,Tp.HCM,MPV,100.000 km,Số sàn,Xe cũ,Máy xăng,150 triệu
14/10/2025,Toyota Innova 2.0E 2016,2016,Nhập khẩu,Đồng Nai,MPV,281.976 km,Số tự động,Xe cũ,Máy xăng,350 triệu
12/10/2025,Mazda 3 Sedan 1.5L Deluxe 2021,2021,Trong nước,Bà Rịa Vũng Tàu,Sedan,30.000 km,Số tự động,Xe cũ,Máy xăng,475 triệu
09/10/2025,Toyota Vios 1.5E MT 2013,2013,Nhập khẩu,Hà Nội,Sedan,40.000 km,Số sàn,Xe cũ,Máy xăng,216 triệu
09/10/2025,Toyota Yaris 2008,2008,Nhập khẩu,Bình Dương,Sedan,81.000 km,Số tự động,Xe cũ,Máy xăng,228 triệu
14/10/2025,VinFast Fadil 2021,2021,Trong nước,Hà Nội,Hatchback,20.000 km,Số tự động,Xe cũ,Máy xăng,320 triệu
10/10/2025,Ford Ranger XLS 2.2L 4x2 MT 2015,2015,Nhập khẩu,Hà Đông - Hà Nội,Bán tải,250.000 km,Số tự động,Xe cũ,Máy dầu,369 triệu
15/10/2025,Toyota Avanza Premio 2019,2019,Nhập khẩu,Hà Nội,MPV,6.000 km,Số sàn,Xe cũ,Máy xăng,340 triệu
20/09/2025,Volvo XC90 2022,2022,Nhập khẩu,Gò Vấp - Tp.HCM,SUV,19.000 km,Số tự động,Xe cũ,Hybrid,3 tỉ 300 triệu
15/10/2025,Kia Carens EX 2.0 MT 2011,2011,Nhập khẩu,Thanh Oai - Hà Nội,MPV,110.000 km,Số sàn,Xe cũ,Máy xăng,150 triệu
15/10/2025,Mercedes-Benz C300 AMG 2016,2016,Nhập khẩu,Hà Nội,Sedan,50.000 km,Số tự động,Xe cũ,Máy xăng,680 triệu
14/10/2025,Honda Jazz RS 2018,2018,Nhập khẩu,Tp.HCM,Hatchback,61.000 km,Số tự động,Xe cũ,Máy xăng,355 triệu
12/10/2025,Ford Escape XLS 2.3 AT 4x2 2013,2013,Trong nước,Hà Nội,SUV,89.000 km,Số tự động,Xe cũ,Máy xăng,260 triệu
13/10/2025,Suzuki Super Carry Van Blind Van 2016,2016,Trong nước,Hà Nội,Van/Minivan,90.000 km,Số sàn,Xe cũ,Máy xăng,110 triệu
09/10/2025,VinFast LUX SA2.0 Tiêu chuẩn 2020,2020,Trong nước,Hà Nội,SUV,60.000 km,Số tự động,Xe cũ,Máy xăng,550 triệu
08/10/2025,Mitsubishi Xpander 1.5 AT  2021,2021,Nhập khẩu,Tp.HCM,MPV,120.000 km,Số tự động,Xe cũ,Máy xăng,450 triệu
15/10/2025,Mazda CX-8 Luxury 2020,2020,Trong nước,An Giang,SUV,106.000 km,Số tự động,Xe cũ,Máy xăng,666 triệu
11/10/2025,Toyota Veloz 2022,2022,Trong nước,Việt Yên - Bắc Giang,MPV,40.000 km,Số tự động,Xe cũ,Máy xăng,570 triệu
08/10/2025,Kia Soluto AT Deluxe 2020,2020,Trong nước,Tp.HCM,Sedan,127.364 km,Số tự động,Xe cũ,Máy xăng,315 triệu
09/10/2025,Mitsubishi Xpander AT Premium 2023,2023,Nhập khẩu,Tp.HCM,MPV,75.000 km,Số tự động,Xe cũ,Máy xăng,530 triệu
13/10/2025,Toyota Innova 2.0V 2008,2008,Trong nước,Tp.HCM,MPV,370.000 km,Số tự động,Xe cũ,Máy xăng,180 triệu
13/10/2025,VinFast LUX SA2.0 Cao cấp 2019,2019,Nhập khẩu,Hà Nội,SUV,117.000 km,Số tự động,Xe cũ,Máy xăng,540 triệu
08/10/2025,Toyota Wigo 1.2 G AT 2024,2024,Nhập khẩu,Tp.HCM,Hatchback,25.000 km,Số tự động,Xe cũ,Máy xăng,370 triệu
08/10/2025,Chevrolet Trax 1.4L LTZ 2016,2016,Trong nước,Hóc Môn - Tp.HCM,SUV,100.000 km,Số tự động,Xe cũ,Máy xăng,330 triệu
13/10/2025,Hyundai Grand i10 Hatchback 1.2 MT Base 2019,2019,Trong nước,Hải Phòng,Hatchback,110.000 km,Số sàn,Xe cũ,Máy xăng,300 triệu
10/10/2025,Mazda 3 1.6 AT 2015,2015,Trong nước,Bình Dương,Sedan,55.000 km,Số tự động,Xe cũ,Máy xăng,370 triệu
16/10/2025,Honda Civic 1.8 AT 2009,2009,Trong nước,Nam Từ Liêm - Hà Nội,Sedan,180.000 km,Số tự động,Xe cũ,Máy xăng,200 triệu
06/10/2025,Mercedes-Benz C300 AMG 2022,2022,Nhập khẩu,Quận 7 - Tp.HCM,Sedan,18.888 km,Số tự động,Xe cũ,Máy xăng,1 tỉ 699 triệu
13/10/2025,Mercedes-Benz GLC 300 4Matic 2023,2023,Trong nước,Cầu Giấy - Hà Nội,SUV,32.000 km,Số tự động,Xe cũ,Máy xăng,2 tỉ 215 triệu
10/10/2025,Ford Ranger XLS 2.2L 4x2 MT 2018,2018,Nhập khẩu,Bình Dương,Bán tải,120.000 km,Số sàn,Xe cũ,Máy dầu,390 triệu
10/10/2025,Mazda CX-8 Premium 2019,2019,Trong nước,Tp.HCM,SUV,86 km,Số tự động,Xe cũ,Máy xăng,779 triệu
13/10/2025,Mazda BT-50 Standard 4x4 2.2 MT 2015,2015,Nhập khẩu,Bình Dương,Bán tải,150.000 km,Số sàn,Xe cũ,Máy dầu,310 triệu
09/10/2025,Mitsubishi Xpander AT Premium 2022,2022,Nhập khẩu,Tp.HCM,MPV,27.000 km,Số tự động,Xe cũ,Máy xăng,540 triệu
10/10/2025,Land Rover Defender 110 3.0 X 2020,2020,Nhập khẩu,Quận 7 - Tp.HCM,SUV,19.999 km,Số tự động,Xe cũ,Máy xăng,4 tỉ 999 triệu
08/10/2025,Toyota Corolla Cross 1.8 G 2021,2021,Nhập khẩu,Tp.HCM,SUV,46.146 km,Số tự động,Xe cũ,Máy xăng,685 triệu
15/10/2025,Mitsubishi Attrage 1.2L MT 2021,2021,Nhập khẩu,Vũng Tàu - Bà Rịa Vũng Tàu,Sedan,15.000 km,Số sàn,Xe cũ,Máy xăng,270 triệu
13/10/2025,Peugeot 2008 Active 2022,2022,Nhập khẩu,Tp.HCM,SUV,35.000 km,Số tự động,Xe cũ,Máy xăng,590 triệu
10/10/2025,BMW X6 xDrive40i Msport 2022,2022,Nhập khẩu,Quận 7 - Tp.HCM,SUV,17.777 km,Số tự động,Xe cũ,Máy xăng,3 tỉ 499 triệu
15/10/2025,VinFast VF e34 Tiêu chuẩn 2023,2023,Trong nước,Hải Phòng,Crossover,28.000 km,Số tự động,Xe cũ,Điện,480 triệu
13/10/2025,Hyundai Santa Fe 2.2 Dầu Cao cấp 2015,2015,Trong nước,Tp.HCM,SUV,120.000 km,Số tự động,Xe cũ,Máy dầu,580 triệu
16/10/2025,Mercedes-Benz AMG GLE 53 2022,2022,Nhập khẩu,Quận 7 - Tp.HCM,SUV,13.333 km,Số tự động,Xe cũ,Máy xăng,3 tỉ 899 triệu
08/10/2025,Toyota Rush 1.5 AT 2018,2018,Nhập khẩu,Tp.HCM,SUV,6.036 km,Số tự động,Xe cũ,Máy xăng,485 triệu
14/10/2025,Hyundai Elantra 1.6 AT 2018,2018,Trong nước,Hà Nội,Sedan,50.000 km,Số tự động,Xe cũ,Máy xăng,410 triệu
28/09/2025,Mercedes-Benz C300 AMG 2022,2022,Nhập khẩu,Quận 7 - Tp.HCM,Sedan,16.666 km,Số tự động,Xe cũ,Máy xăng,1 tỉ 699 triệu
17/10/2025,Mazda CX-5 2.0 Premium 2023,2023,Trong nước,Cầu Giấy - Hà Nội,SUV,32.000 km,Số tự động,Xe cũ,Máy xăng,770 triệu
13/10/2025,Kia Soluto AT Deluxe 2020,2020,Nhập khẩu,Thanh Khê - Đà Nẵng,Sedan,3.079 km,Số tự động,Xe cũ,Máy xăng,350 triệu
08/10/2025,VinFast Fadil Tiêu Chuẩn 2022,2022,Trong nước,Nhà Bè - Tp.HCM,Hatchback,16.390 km,Số tự động,Xe cũ,Máy xăng,340 triệu
12/10/2025,Hyundai Santa Fe 2.2L Dầu Cao cấp 2020,2020,Trong nước,Tp.HCM,SUV,20.000 km,Số tự động,Xe cũ,Máy dầu,835 triệu
12/10/2025,Mini Cooper S 3 cửa 2022,2022,Nhập khẩu,Quận 7 - Tp.HCM,Hatchback,9.500 km,Số tự động,Xe cũ,Máy xăng,1 tỉ 590 triệu
10/10/2025,Mercedes-Benz Maybach S450 4Matic 2019,2019,Nhập khẩu,Quận 7 - Tp.HCM,Sedan,20.000 km,Số tự động,Xe cũ,Máy xăng,4 tỉ 299 triệu
18/10/2025,Acura MDX 2008,2008,Nhập khẩu,Đoan Hùng - Phú Thọ,SUV,100.000 km,Số tự động,Xe cũ,Máy xăng,299 triệu
04/10/2025,Kia Carnival 3.5G Signature 2022,2022,Trong nước,Quận 7 - Tp.HCM,MPV,35.000 km,Số tự động,Xe cũ,Máy xăng,1 tỉ 290 triệu
13/10/2025,Mercedes-Benz E300 AMG 2020,2020,Trong nước,Bình Tân - Tp.HCM,Sedan,22.000 km,Số tự động,Xe cũ,Máy xăng,1 tỉ 399 triệu
14/10/2025,Hyundai Santa Fe 2.2 Dầu Đặc biệt 2022,2022,Trong nước,Đoan Hùng - Phú Thọ,SUV,58.000 km,Số tự động,Xe cũ,Máy dầu,1 tỉ 070 triệu
01/10/2025,Lexus RX 300 2021,2021,Trong nước,Gò Vấp - Tp.HCM,SUV,12.000 km,Số tự động,Xe cũ,Máy xăng,2 tỉ 850 triệu
25/09/2025,MG ZS 1.5 2WD Luxury 2021,2021,Trong nước,Kiến An - Hải Phòng,SUV,60.000 km,Số tự động,Xe cũ,Máy xăng,435 triệu
12/10/2025,Ford Territory 1.5L Titanium 2022,2022,Nhập khẩu,Kiến An - Hải Phòng,SUV,55.000 km,Số tự động,Xe cũ,Máy xăng,725 triệu
13/10/2025,Mercedes-Benz GLC 300 4Matic V1 2022,2022,Trong nước,Bình Tân - Tp.HCM,SUV,39.800 km,Số tự động,Xe cũ,Máy xăng,1 tỉ 699 triệu
30/09/2025,Mercedes-Benz C300 AMG 2019,2019,Trong nước,Bình Tân - Tp.HCM,Sedan,89.000 km,Số tự động,Xe cũ,Máy xăng,999 triệu
19/09/2025,Mercedes-Benz GLC 200 V1 2022,2022,Trong nước,Bình Tân - Tp.HCM,SUV,28.000 km,Số tự động,Xe cũ,Máy xăng,1 tỉ 379 triệu
14/10/2025,Mercedes-Benz GLC 300 4Matic 2021,2021,Nhập khẩu,Hoàng Mai - Hà Nội,SUV,30.000 km,Số tự động,Xe cũ,Máy xăng,1 tỉ 590 triệu
10/10/2025,Mercedes-Benz S450 4Matic Luxury 2018,2018,Trong nước,Hoàng Mai - Hà Nội,Sedan,80.000 km,Số tự động,Xe cũ,Máy xăng,1 tỉ 950 triệu
01/10/2025,Mercedes-Benz C200 2.0 AT 2019,2019,Trong nước,Hoàng Mai - Hà Nội,Sedan,80.000 km,Số tự động,Xe cũ,Máy xăng,779 triệu
26/09/2025,Mercedes-Benz GLC 200 4Matic 2020,2020,Nhập khẩu,Hoàng Mai - Hà Nội,SUV,60.000 km,Số tự động,Xe cũ,Máy xăng,1 tỉ 190 triệu
19/09/2025,Mercedes-Benz S450 4Matic 2022,2022,Nhập khẩu,Hoàng Mai - Hà Nội,Sedan,32.000 km,Số tự động,Xe cũ,Máy xăng,3 tỉ 590 triệu
04/10/2025,Rolls-Royce Ghost 2010,2010,Nhập khẩu,Hoàng Mai - Hà Nội,Sedan,70.000 km,Số tự động,Xe cũ,Máy xăng,3 tỉ 950 triệu
10/10/2025,Nissan X trail 2.5 SV 4WD Premium 2020,2020,Trong nước,Hoàng Mai - Hà Nội,SUV,60.000 km,Số tự động,Xe cũ,Máy xăng,655 triệu
30/09/2025,Bentley Mulsanne 6.8 V8 2014,2014,Nhập khẩu,Hoàng Mai - Hà Nội,Sedan,53.000 km,Số tự động,Xe cũ,Máy xăng,7 tỉ 900 triệu
14/10/2025,Kia Morning 2011,2011,Trong nước,Chí Linh - Hải Dương,Hatchback,100.000 km,Số tự động,Xe cũ,Máy xăng,215 triệu
16/10/2025,Kia Carnival 2.2D Luxury 2022,2022,Trong nước,Bắc Từ Liêm - Hà Nội,MPV,55.000 km,Số tự động,Xe cũ,Máy dầu,1 tỉ 210 triệu
06/10/2025,Mercedes-Benz GLC 200 4Matic 2022,2022,Nhập khẩu,Gò Vấp - Tp.HCM,SUV,59.000 km,Số tự động,Xe cũ,Máy xăng,1 tỉ 180 triệu
22/09/2025,Mazda 2 2018,2018,Trong nước,Quận 10 - Tp.HCM,Hatchback,30.000 km,Số tự động,Xe cũ,Máy xăng,359 triệu
11/10/2025,Peugeot 3008 GT Line 2022,2022,Trong nước,Tân An - Long An,SUV,30.000 km,Số tự động,Xe cũ,Máy xăng,830 triệu
05/10/2025,Toyota Sienna Limited 3.5 AT AWD 2016,2016,Nhập khẩu,Quận 10 - Tp.HCM,MPV,76.000 km,Số tự động,Xe cũ,Máy xăng,1 tỉ 750 triệu
17/10/2025,Kia Cerato 1.6 AT Luxury 2020,2020,Trong nước,Tân An - Long An,Sedan,63.000 km,Số tự động,Xe cũ,Máy xăng,458 triệu
16/10/2025,Lexus LX 570 2016,2016,Nhập khẩu,Quận 10 - Tp.HCM,SUV,67.000 km,Số tự động,Xe cũ,Máy xăng,4 tỉ 550 triệu
25/09/2025,Honda CR-V 1.5 L 2020,2020,Trong nước,Thanh Xuân - Hà Nội,SUV,55.131 km,Số tự động,Xe cũ,Máy xăng,799 triệu
23/09/2025,Hyundai Tucson 1.6 Turbo HTRAC 2024,2024,Trong nước,Tân An - Long An,SUV,32.000 km,Số tự động,Xe cũ,Máy xăng,919 triệu
05/10/2025,Mazda CX-8 Premium 2025,2025,Trong nước,Quận 10 - Tp.HCM,SUV,20.000 km,Số tự động,Xe cũ,Máy xăng,999 triệu
16/10/2025,Toyota Alphard Executive Lounge 2020,2020,Nhập khẩu,Quận 10 - Tp.HCM,MPV,67.000 km,Số tự động,Xe cũ,Máy xăng,2 tỉ 899 triệu
29/09/2025,VinFast VF7 Base 2024,2024,Trong nước,Tân An - Long An,SUV,11.000 km,Số tự động,Xe cũ,Điện,705 triệu
15/10/2025,Toyota Land Cruiser Prado VX 2019,2019,Nhập khẩu,Thanh Xuân - Hà Nội,SUV,85.981 km,Số tự động,Xe cũ,Máy xăng,1 tỉ 900 triệu
01/10/2025,Lexus RX 300 T 2022,2022,Nhập khẩu,Thanh Xuân - Hà Nội,SUV,60.000 km,Số tự động,Xe cũ,Máy xăng,2 tỉ 800 triệu
22/09/2025,Toyota Previa 2010,2010,Nhập khẩu,Quận 10 - Tp.HCM,Van/Minivan,50.000 km,Số tự động,Xe cũ,Máy xăng,589 triệu
07/10/2025,Mercedes-Benz C200 Avantgarde Plus 2022,2022,Trong nước,Bình Tân - Tp.HCM,Sedan,16.000 km,Số tự động,Xe cũ,Máy xăng,1 tỉ 379 triệu
25/09/2025,Hyundai Elantra 2014,2014,Nhập khẩu,An Lão - Hải Phòng,Sedan,80.000 km,Số tự động,Xe cũ,Máy xăng,318 triệu
16/10/2025,Mercedes-Benz GLC 300 4Matic 2023,2023,Trong nước,Long Biên - Hà Nội,SUV,26.000 km,Số tự động,Xe cũ,Máy xăng,2 tỉ 199 triệu
12/10/2025,Hyundai Santa Fe 2.4L Xăng Cao cấp 2016,2016,Trong nước,Hoàng Mai - Hà Nội,SUV,85.689 km,Số tự động,Xe cũ,Máy xăng,569 triệu
13/10/2025,Mazda 3 1.5L Sedan 2019,2019,Trong nước,Hoàng Mai - Hà Nội,Sedan,65.689 km,Số tự động,Xe cũ,Máy xăng,450 triệu
01/10/2025,VinFast LUX A2.0 Cao cấp 2019,2019,Trong nước,Hoàng Mai - Hà Nội,Sedan,67.899 km,Số tự động,Xe cũ,Máy xăng,499 triệu
16/10/2025,Mercedes-Benz GLC 200 4Matic 2021,2021,Nhập khẩu,Long Biên - Hà Nội,SUV,52.000 km,Số tự động,Xe cũ,Máy xăng,1 tỉ 299 triệu
26/09/2025,Mazda 3 Sedan 1.5L Luxury 2020,2020,Trong nước,Hoàng Mai - Hà Nội,Sedan,3.200 km,Số tự động,Xe cũ,Máy xăng,499 triệu
01/10/2025,Mazda 3 Sedan 1.5L Luxury 2020,2020,Trong nước,Đồ Sơn - Hải Phòng,Sedan,3.200 km,Số tự động,Xe cũ,Máy xăng,495 triệu
07/10/2025,Hyundai Grand i10 2015,2015,Nhập khẩu,Tĩnh Gia - Thanh Hóa,Hatchback,110.000 km,Số sàn,Xe cũ,Máy xăng,145 triệu
03/10/2025,Hyundai Grand i10 2014,2014,Nhập khẩu,Hà Tĩnh - Hà Tĩnh,Hatchback,111.000 km,Số sàn,Xe cũ,Máy xăng,115 triệu
26/09/2025,Hyundai Grand i10 2014,2014,Nhập khẩu,Can Lộc - Hà Tĩnh,Hatchback,89.000 km,Số sàn,Xe cũ,Máy xăng,145 triệu
25/09/2025,Hyundai Grand i10 2014,2014,Nhập khẩu,Vinh - Nghệ An,Hatchback,110.000 km,Số sàn,Xe cũ,Máy xăng,115 triệu
21/09/2025,Hyundai Grand i10 1.0 AT 2014,2014,Nhập khẩu,Vinh - Nghệ An,Hatchback,81.000 km,Số tự động,Xe cũ,Máy xăng,235 triệu
16/10/2025,Ford Ranger Wildtrak 2.0l bi-turbo 4x4 10 AT 2019,2019,Nhập khẩu,Hoàng Mai - Hà Nội,Bán tải,68.000 km,Số tự động,Xe cũ,Máy dầu,585 triệu
21/09/2025,Ford Everest Titanium 2.0 AT 4x2 2023,2023,Nhập khẩu,Hoàng Mai - Hà Nội,SUV,22.000 km,Số tự động,Xe cũ,Máy dầu,1 tỉ 225 triệu
16/10/2025,Mitsubishi Xpander AT Premium 2024,2024,Trong nước,Đồ Sơn - Hải Phòng,MPV,25.000 km,Số tự động,Xe cũ,Máy xăng,575 triệu
14/10/2025,Kia Cerato 2.0 AT Premium 2020,2020,Trong nước,Hoàng Mai - Hà Nội,Sedan,72.000 km,Số tự động,Xe cũ,Máy xăng,470 triệu
16/10/2025,Mazda 3 Sedan 1.5L Luxury 2020,2020,Trong nước,Hưng Yên - Hưng Yên,Sedan,33.000 km,Số tự động,Xe cũ,Máy xăng,495 triệu
16/10/2025,Ford Everest Titanium 2.0 AT 4x2 2023,2023,Nhập khẩu,Hoàng Mai - Hà Nội,SUV,29.000 km,Số tự động,Xe cũ,Máy dầu,1 tỉ 219 triệu
28/09/2025,Ford Ranger Wildtrak 2.2 4x2 AT 2014,2014,Trong nước,Đồ Sơn - Hải Phòng,Bán tải,140.000 km,Số tự động,Xe cũ,Máy dầu,315 triệu
11/10/2025,Toyota Vios 1.5 G CVT 2022,2022,Trong nước,Hoàng Mai - Hà Nội,Sedan,61.000 km,Số tự động,Xe cũ,Máy xăng,430 triệu
19/09/2025,Ford Transit 9 Chỗ 2.4 Diesel 2018,2018,Trong nước,Tân Phú - Tp.HCM,Van/Minivan,130.000 km,Số sàn,Xe cũ,Máy dầu,465 triệu
29/09/2025,Ford Focus 1.5L EcoBoost Sport 2018,2018,Nhập khẩu,Tân Phú - Tp.HCM,Hatchback,76.000 km,Số tự động,Xe cũ,Máy xăng,465 triệu
25/09/2025,Kia Morning AT 2011,2011,Nhập khẩu,An Lão - Hải Phòng,Hatchback,120.000 km,Số tự động,Xe cũ,Máy xăng,208 triệu
13/10/2025,Honda CR-V 1.5 E 2019,2019,Nhập khẩu,An Dương - Hải Phòng,SUV,68.000 km,Số tự động,Xe cũ,Máy xăng,658 triệu
25/09/2025,Hyundai Accent 1.4 AT 2012,2012,Nhập khẩu,An Lão - Hải Phòng,,120.000 km,Số tự động,Xe cũ,Máy xăng,238 triệu
09/10/2025,Mercedes-Benz GLC 300 2025,2025,Trong nước,Hồng Bàng - Hải Phòng,SUV,01 km,Số tự động,Xe cũ,Máy xăng,2 tỉ 600 triệu
16/10/2025,Kia Sedona 3.3 GATH 2015,2015,Trong nước,Hoàng Mai - Hà Nội,MPV,160.000 km,Số tự động,Xe cũ,Máy xăng,488 triệu
16/10/2025,Hyundai Santa Fe SLX 2010,2010,Trong nước,Hoàng Mai - Hà Nội,SUV,10.000 km,Số tự động,Xe cũ,Máy dầu,410 triệu
16/10/2025,Ford EcoSport Titanium 1.5L AT 2021,2021,Trong nước,Hoàng Mai - Hà Nội,SUV,55.000 km,Số tự động,Xe cũ,Máy xăng,445 triệu
29/09/2025,Mazda CX-5 2.5 2WD 2016,2016,Trong nước,Hà Nội,SUV,38.000 km,Số tự động,Xe cũ,Máy xăng,505 triệu
29/09/2025,Ford Everest Titanium 2.0 AT 4x2 2023,2023,Trong nước,Hà Nội,SUV,50.000 km,Số tự động,Xe cũ,Máy dầu,1 tỉ 195 triệu
21/09/2025,Ford Everest Titanium 2.0L AT 4WD 2024,2024,Trong nước,Hà Nội,SUV,9.000 km,Số tự động,Xe cũ,Máy dầu,1 tỉ 415 triệu
29/09/2025,Hyundai Santa Fe 2.5 Xăng Cao cấp 2024,2024,Trong nước,Hà Nội,SUV,20.000 km,Số tự động,Xe cũ,Máy xăng,1 tỉ 190 triệu
15/10/2025,Volkswagen Polo 1.6AT 2016,2016,Nhập khẩu,Thuận An - Bình Dương,Hatchback,92.000 km,Số tự động,Xe cũ,Máy xăng,299 triệu
15/10/2025,Hyundai Genesis 2010,2010,Trong nước,Thuận An - Bình Dương,Sedan,98.000 km,Số tự động,Xe cũ,Máy xăng,350 triệu
15/10/2025,Hyundai Elantra   2.0 AT 2018,2018,Trong nước,Thuận An - Bình Dương,Sedan,52.000 km,Số tự động,Xe cũ,Máy xăng,445 triệu
15/10/2025,Kia Ray 2012,2012,Nhập khẩu,Thuận An - Bình Dương,MPV,63.000 km,Số tự động,Xe cũ,Máy xăng,430 triệu
15/10/2025,Ford Focus 2019,2019,Trong nước,Thuận An - Bình Dương,Sedan,80.000 km,Số tự động,Xe cũ,Máy xăng,435 triệu
08/10/2025,Mazda CX-8 Premium 2025,2025,Trong nước,Long Biên - Hà Nội,SUV,6.000 km,Số tự động,Xe cũ,Máy xăng,1 tỉ 040 triệu
08/10/2025,Lexus RX 350 2023,2023,Nhập khẩu,Long Biên - Hà Nội,SUV,52.000 km,Số tự động,Xe cũ,Máy xăng,3 tỉ 250 triệu
29/09/2025,Mercedes-Benz C200 Avantgarde 2023,2023,Trong nước,Quận 7 - Tp.HCM,,3.500 km,Số tự động,Xe cũ,Máy xăng,1 tỉ 398 triệu
08/10/2025,Hyundai Santa Fe 2.2 Dầu Cao cấp 2021,2021,Trong nước,Long Biên - Hà Nội,SUV,54.000 km,Số tự động,Xe cũ,Máy dầu,1 tỉ 030 triệu
13/10/2025,Nissan Navara 2017,2017,Nhập khẩu,Hà Đông - Hà Nội,,75.000 km,Số tự động,Xe cũ,Máy xăng,370 triệu
13/10/2025,Ford Ranger XLS 2.0L 4x2 AT 2018,2018,Trong nước,Hà Đông - Hà Nội,,120.000 km,Số tự động,Xe cũ,Máy xăng,470 triệu
13/10/2025,Mazda BT-50 1.9 AT 4x2 2020,2020,Nhập khẩu,Hà Đông - Hà Nội,Bán tải,70.000 km,Số tự động,Xe cũ,Máy dầu,470 triệu
09/10/2025,Mercedes-Benz GLC 200 4Matic 2025,2025,Trong nước,Hồng Bàng - Hải Phòng,SUV,500 km,Số tự động,Xe cũ,Máy xăng,2 tỉ 300 triệu
09/10/2025,Mercedes-Benz GLC 200 4Matic 2025,2025,Trong nước,Hoàn Kiếm - Hà Nội,SUV,500 km,Số tự động,Xe cũ,Máy xăng,2 tỉ 300 triệu
13/10/2025,VinFast Fadil Nâng Cao 2019,2019,Trong nước,Thuận An - Bình Dương,Hatchback,13.000 km,Số tự động,Xe cũ,Máy xăng,310 triệu
13/10/2025,Kia Morning AT 2017,2017,Trong nước,An Dương - Hải Phòng,Hatchback,40.306 km,Số tự động,Xe cũ,Máy xăng,300 triệu
09/10/2025,Toyota Corolla Altis 1.8 G 2019,2019,Trong nước,Hóc Môn - Tp.HCM,Sedan,85.000 km,Số tự động,Xe cũ,Máy xăng,485 triệu
09/10/2025,Ford EcoSport Titanium 1.0L AT 2016,2016,Trong nước,Hóc Môn - Tp.HCM,,40.000 km,Số tự động,Xe cũ,Máy xăng,325 triệu
07/10/2025,Kia Sportage 2.0D Signature 2022,2022,Trong nước,Đoan Hùng - Phú Thọ,SUV,50.000 km,Số tự động,Xe cũ,Máy dầu,785 triệu
24/09/2025,Mercedes-Benz GLC 300 4Matic 2023,2023,Trong nước,Quận 7 - Tp.HCM,,28.000 km,Số tự động,Xe cũ,Máy xăng,2 tỉ 298 triệu
23/09/2025,Ford Territory 1.5L Ecoboost Titanium 2024,2024,Nhập khẩu,Tân Phú - Tp.HCM,SUV,40.000 km,Số tự động,Xe cũ,Máy xăng,730 triệu
19/09/2025,Ford Ranger Wildtrak 2.0L 4x4 AT 2021,2021,Nhập khẩu,Tân Phú - Tp.HCM,Bán tải,60.000 km,Số tự động,Xe cũ,Máy dầu,750 triệu
25/09/2025,Ford Focus 1.5L Ecoboost Titanium 2018,2018,Trong nước,Tây Hồ - Hà Nội,Sedan,80.000 km,Số tự động,Xe cũ,Máy xăng,359 triệu
29/09/2025,Land Rover Range Rover Autobiography LWB 5.0 2022,2022,Nhập khẩu,Long Biên - Hà Nội,SUV,20.000 km,Số tự động,Xe cũ,Máy xăng,9 tỉ 850 triệu
24/09/2025,Kia Forte SX 1.6 AT 2009,2009,Trong nước,An Lão - Hải Phòng,Sedan,200.000 km,Số tự động,Xe cũ,Máy xăng,235 triệu
19/09/2025,Toyota Vios 1.5E MT 2018,2018,Trong nước,An Lão - Hải Phòng,Sedan,80.000 km,Số sàn,Xe cũ,Máy xăng,286 triệu
19/09/2025,Mitsubishi Xpander 1.5 MT 2019,2019,Nhập khẩu,An Lão - Hải Phòng,,90.000 km,Số sàn,Xe cũ,Máy xăng,379 triệu
25/09/2025,Suzuki Swift 1.4 AT 2017,2017,Nhập khẩu,Tây Hồ - Hà Nội,Hatchback,50.000 km,Số tự động,Xe cũ,Máy xăng,329 triệu
25/09/2025,Toyota Yaris 1.5G 2016,2016,Nhập khẩu,Tây Hồ - Hà Nội,Hatchback,67.000 km,Số tự động,Xe cũ,Máy xăng,359 triệu
25/09/2025,Mercedes-Benz GL 400 4Matic  2015,2015,Nhập khẩu,Cầu Giấy - Hà Nội,SUV,95.000 km,Số tự động,Xe cũ,Máy xăng,980 triệu
19/09/2025,Toyota Corolla Altis 2.0V Sport 2017,2017,Trong nước,Cầu Giấy - Hà Nội,Sedan,80.000 km,Số tự động,Xe cũ,Máy xăng,486 triệu
25/09/2025,Toyota Corolla Cross 1.8 V  2021,2021,Trong nước,Cầu Giấy - Hà Nội,Crossover,55.000 km,Số tự động,Xe cũ,Máy xăng,675 triệu
25/09/2025,Kia Carnival 2.2D Signature 2023,2023,Trong nước,Cầu Giấy - Hà Nội,MPV,60.000 km,Số tự động,Xe cũ,Máy dầu,1 tỉ 268 triệu
25/09/2025,Kia Carnival Royal 2023,2023,Trong nước,Bắc Từ Liêm - Hà Nội,MPV,22.000 km,Số tự động,Xe cũ,Máy xăng,1 tỉ 990 triệu
25/09/2025,Mercedes-Benz AMG G63 4.0 v8 2021,2021,Trong nước,Bắc Từ Liêm - Hà Nội,SUV,29.000 km,Số tự động,Xe cũ,Máy xăng,9 tỉ 390 triệu
25/09/2025,BMW X7 xDrive40i Msport 2022,2022,Nhập khẩu,Bắc Từ Liêm - Hà Nội,SUV,32.000 km,Số tự động,Xe cũ,Máy xăng,4 tỉ 399 triệu
25/09/2025,Rolls-Royce Ghost Series II  2015,2015,Nhập khẩu,Bắc Từ Liêm - Hà Nội,Sedan,18.000 km,Số tự động,Xe cũ,Máy xăng,9 tỉ 900 triệu
25/09/2025,Land Rover Range Rover Vogue SWB 3.0P 360PS 2018,2018,Nhập khẩu,Bắc Từ Liêm - Hà Nội,SUV,37.000 km,Số tự động,Xe cũ,Máy xăng,4 tỉ 680 triệu
25/09/2025,Lexus LM 350 2022,2022,Nhập khẩu,Bắc Từ Liêm - Hà Nội,MPV,45.000 km,Số tự động,Xe cũ,Máy xăng,5 tỉ 890 triệu
22/09/2025,Porsche Macan  2017,2017,Nhập khẩu,Quận 10 - Tp.HCM,SUV,50.000 km,Số tự động,Xe cũ,Máy xăng,1 tỉ 550 triệu
19/09/2025,Ford Everest Titanium 2.0 AT 4x2 2023,2023,Nhập khẩu,Cầu Giấy - Hà Nội,SUV,40.000 km,Số tự động,Xe cũ,Máy dầu,1 tỉ 190 triệu
20/09/2025,Mercedes-Benz GLS 450 4Matic 2021,2021,Nhập khẩu,Cầu Giấy - Hà Nội,SUV,65.000 km,Số tự động,Xe cũ,Máy xăng,3 tỉ 889 triệu
28/08/2025,Mazda 6 2.0 Premium 2021,2021,Trong nước,Phú Nhuận - Tp.HCM,Sedan,12.000 km,Số hỗn hợp,Xe cũ,Máy xăng,645 triệu
18/10/2025,Subaru Tribeca 3.6R 2013,2013,Nhập khẩu,Dĩ An - Bình Dương,SUV,130.000 km,Số tự động,Xe cũ,Máy xăng,439 triệu
18/10/2025,Kia Morning Luxury 2020,2020,Trong nước,Dĩ An - Bình Dương,Hatchback,60.000 km,Số tự động,Xe cũ,Máy xăng,299 triệu
18/10/2025,Suzuki Ertiga Hybrid Ertiga AT 2022,2022,Nhập khẩu,Dĩ An - Bình Dương,,58.000 km,Số tự động,Xe cũ,Máy xăng,429 triệu
18/10/2025,VinFast LUX SA2.0 Cao cấp 2020,2020,Trong nước,Dĩ An - Bình Dương,SUV,89.000 km,Số tự động,Xe cũ,Máy xăng,669 triệu
18/10/2025,Kia Morning AT 2011,2011,Nhập khẩu,Dĩ An - Bình Dương,Hatchback,133.000 km,Số tự động,Xe cũ,Máy xăng,209 triệu
18/10/2025,Mercedes-Benz AMG G63 4.0 v8 2020,2020,Nhập khẩu,Quận 7 - Tp.HCM,SUV,14.000 km,Số tự động,Xe cũ,Máy xăng,7 tỉ 999 triệu
29/09/2025,BMW 430i Convertible 2023,2023,Nhập khẩu,Quận 7 - Tp.HCM,Convertible,14.500 km,Số tự động,Xe cũ,Máy xăng,2 tỉ 999 triệu
17/10/2025,Nissan Kicks V 2023,2023,Nhập khẩu,Quận 2 - Tp.HCM,Crossover,800 km,Số tự động,Xe cũ,Hybrid,668 triệu
05/10/2025,Mercedes-Benz V250 Luxury 2022,2022,Nhập khẩu,Quận 7 - Tp.HCM,Van/Minivan,40.000 km,Số tự động,Xe cũ,Máy xăng,1 tỉ 899 triệu
16/10/2025,Toyota Innova 2.0G 2006,2006,Trong nước,Thanh Xuân - Hà Nội,MPV,250.000 km,Số sàn,Xe cũ,Máy xăng,165 triệu
17/10/2025,Hyundai Tucson 1.6 Turbo HTRAC 2025,2025,Trong nước,Bắc Ninh,SUV,4.000 km,Số tự động,Xe cũ,Máy xăng,950 triệu
23/09/2025,Toyota Alphard Executive Lounge 2019,2019,Nhập khẩu,Quận 7 - Tp.HCM,MPV,82.000 km,Số tự động,Xe cũ,Máy xăng,2 tỉ 999 triệu
04/10/2025,BMW 320i M Sport 2023,2023,Nhập khẩu,Quận 7 - Tp.HCM,Sedan,36.000 km,Số tự động,Xe cũ,Máy xăng,1 tỉ 399 triệu
16/10/2025,Mazda 3 Sedan 1.5L Luxury 2023,2023,Trong nước,Dương Kinh - Hải Phòng,Sedan,19.000 km,Số tự động,Xe cũ,Máy xăng,579 triệu
14/10/2025,Porsche 911 Carrera S 2021,2021,Nhập khẩu,Quận 7 - Tp.HCM,Sport Car,15.555 km,Số tự động,Xe cũ,Máy xăng,7 tỉ 799 triệu
19/09/2025,Mazda CX-5 2.0 AWD 2015,2015,Trong nước,Đoan Hùng - Phú Thọ,SUV,150.000 km,Số tự động,Xe cũ,Máy xăng,465 triệu
13/10/2025,Volvo S90 Inscription 2022,2022,Nhập khẩu,Bình Tân - Tp.HCM,Sedan,6.300 km,Số tự động,Xe cũ,Máy xăng,1 tỉ 799 triệu
13/10/2025,Kia Sorento 2.2D Luxury 2020,2020,Trong nước,Bình Tân - Tp.HCM,SUV,51.000 km,Số tự động,Xe cũ,Máy dầu,799 triệu
09/10/2025,Mercedes-Benz C300 AMG 2021,2021,Trong nước,Bình Tân - Tp.HCM,Sedan,49.000 km,Số tự động,Xe cũ,Máy xăng,1 tỉ 199 triệu
15/10/2025,Mercedes-Benz CLA 250 2.0 I4 2016,2016,Nhập khẩu,Bắc Từ Liêm - Hà Nội,Sedan,100.000 km,Số tự động,Xe cũ,Máy xăng,600 triệu
13/10/2025,Toyota Wigo 1.2 G MT 2023,2023,Nhập khẩu,Đoan Hùng - Phú Thọ,Hatchback,40.000 km,Số sàn,Xe cũ,Máy xăng,265 triệu
08/10/2025,Mitsubishi Jolie 2005,2005,Trong nước,Vĩnh Phúc,SUV,222.000 km,Số sàn,Xe cũ,Máy xăng,110 triệu
27/09/2025,Ford EcoSport Trend 1.5 MT 2017,2017,Trong nước,Đoan Hùng - Phú Thọ,SUV,100.000 km,Số sàn,Xe cũ,Máy xăng,275 triệu
13/10/2025,Toyota Vios 1.5E MT 2024,2024,Trong nước,Đoan Hùng - Phú Thọ,Sedan,36.000 km,Số sàn,Xe cũ,Máy xăng,375 triệu
07/10/2025,BMW X6 xDrive35i 2008,2008,Nhập khẩu,Đoan Hùng - Phú Thọ,SUV,150.000 km,Số tự động,Xe cũ,Máy xăng,330 triệu
07/10/2025,Hyundai Grand i10 Sedan 1.2 MT 2016,2016,Nhập khẩu,Đoan Hùng - Phú Thọ,Sedan,200.000 km,Số sàn,Xe cũ,Máy xăng,155 triệu
28/09/2025,Lexus RX 350 2019,2019,Nhập khẩu,Quận 7 - Tp.HCM,SUV,43.000 km,Số tự động,Xe cũ,Máy xăng,2 tỉ 650 triệu
25/09/2025,Porsche Macan  2022,2022,Nhập khẩu,Quận 7 - Tp.HCM,SUV,10.000 km,Số tự động,Xe cũ,Máy xăng,3 tỉ 399 triệu
19/09/2025,Mazda 6 2.0 AT 2018,2018,Trong nước,Đoan Hùng - Phú Thọ,Sedan,100.000 km,Số tự động,Xe cũ,Máy xăng,505 triệu
18/10/2025,Peugeot 5008 GT 2019,2019,Trong nước,Đông Sơn - Thanh Hóa,SUV,72.000 km,Số tự động,Xe cũ,Máy xăng,630 triệu
16/10/2025,Chevrolet Captiva LTZ AT 2015,2015,Trong nước,Quận 10 - Tp.HCM,SUV,67.000 km,Số tự động,Xe cũ,Máy xăng,365 triệu
11/10/2025,Mazda 2 1.5AT 2016,2016,Trong nước,Đông Sơn - Thanh Hóa,Sedan,80 km,Số tự động,Xe cũ,Máy xăng,290 triệu
11/10/2025,Ford Ranger XLS 2.0L 4x2 AT 2015,2015,Nhập khẩu,Đông Sơn - Thanh Hóa,Bán tải,90 km,Số tự động,Xe cũ,Máy dầu,360 triệu
03/10/2025,Kia Sedona 2.2 Luxury 2020,2020,Trong nước,Quận 10 - Tp.HCM,MPV,69.000 km,Số tự động,Xe cũ,Máy dầu,795 triệu
16/10/2025,Toyota Wigo 1.2 G AT 2020,2020,Nhập khẩu,Quận 10 - Tp.HCM,Hatchback,30.000 km,Số tự động,Xe cũ,Máy xăng,295 triệu
29/09/2025,Mercedes-Benz S450L 2018,2018,Trong nước,Tp.HCM,Sedan,58.000 km,Số tự động,Xe cũ,Máy xăng,1 tỉ 999 triệu
29/09/2025,Porsche Macan tiêu chuẩn 2021,2021,Nhập khẩu,Tp.HCM,SUV,57.000 km,Số tự động,Xe cũ,Máy xăng,2 tỉ 999 triệu
10/10/2025,Porsche Macan tiêu chuẩn 2021,2021,Nhập khẩu,Tp.HCM,SUV,45.000 km,Số tự động,Xe cũ,Máy xăng,2 tỉ 999 triệu
17/10/2025,Mercedes-Benz S450L Luxury 2017,2017,Trong nước,Tp.HCM,Sedan,130.000 km,Số tự động,Xe cũ,Máy xăng,1 tỉ 898 triệu
29/09/2025,Mercedes-Benz Maybach S450 4Matic 2017,2017,Nhập khẩu,Tp.HCM,Sedan,66.000 km,Số tự động,Xe cũ,Máy xăng,3 tỉ 299 triệu
10/10/2025,Land Rover Range Rover Evoque Prestige 2012,2012,Nhập khẩu,Nam Từ Liêm - Hà Nội,SUV,67.000 km,Số tự động,Xe cũ,Máy xăng,499 triệu
18/10/2025,Toyota Hilux 2.4E 4×2 AT 2024,2024,Trong nước,Thanh Xuân - Hà Nội,Bán tải,29.000 km,Số tự động,Xe cũ,Máy dầu,665 triệu
03/10/2025,Toyota Innova 2.0E 2020,2020,Trong nước,Quận 10 - Tp.HCM,MPV,78.000 km,Số sàn,Xe cũ,Máy xăng,468 triệu
12/10/2025,Mazda CX-5 2.0 Premium 2024,2024,Trong nước,Nam Từ Liêm - Hà Nội,SUV,9.000 km,Số tự động,Xe cũ,Máy xăng,800 triệu
23/09/2025,Ford Ranger XLS 2.0L 4x2 AT 2015,2015,Trong nước,Nam Từ Liêm - Hà Nội,Bán tải,120.000 km,Số tự động,Xe cũ,Máy dầu,350 triệu
22/09/2025,Ford Everest Sport 2.0 AT 4x2 2021,2021,Trong nước,Nam Từ Liêm - Hà Nội,SUV,58.000 km,Số tự động,Xe cũ,Máy dầu,800 triệu
16/10/2025,Toyota Innova 2.0E 2017,2017,Trong nước,Quận 10 - Tp.HCM,MPV,78.000 km,Số sàn,Xe cũ,Máy xăng,365 triệu
11/10/2025,Mazda BT-50 1.9 AT 4x2 2017,2017,Nhập khẩu,Đông Sơn - Thanh Hóa,Bán tải,90 km,Số tự động,Xe cũ,Máy dầu,390 triệu
22/09/2025,Hyundai Grand Starex 2.4 MT 2017,2017,Nhập khẩu,Đông Anh - Hà Nội,Van/Minivan,15.000 km,Số sàn,Xe cũ,Máy dầu,450 triệu
16/10/2025,Kia Sedona 3.3 GATH 2018,2018,Trong nước,Quận 10 - Tp.HCM,Van/Minivan,69.000 km,Số tự động,Xe cũ,Máy xăng,598 triệu
28/09/2025,Ford Fiesta S 1.6 AT 2011,2011,Trong nước,Quy Nhơn - Bình Định,Hatchback,66.000 km,Số tự động,Xe cũ,Máy xăng,197 triệu
28/09/2025,Hyundai Santa Fe 2.4L Xăng Đặc biệt 2018,2018,Trong nước,Quy Nhơn - Bình Định,SUV,122.000 km,Số tự động,Xe cũ,Máy xăng,580 triệu
28/09/2025,Kia Sonet 1.5 Premium 2022,2022,Trong nước,Quy Nhơn - Bình Định,SUV,67.000 km,Số tự động,Xe cũ,Máy xăng,518 triệu
28/09/2025,Toyota Corolla Altis 1.8 G 2009,2009,Trong nước,Quy Nhơn - Bình Định,Sedan,107.000 km,Số tự động,Xe cũ,Máy xăng,280 triệu
27/09/2025,Hyundai Grand i10 Hatchback 1.2 AT 2010,2010,Trong nước,Quy Nhơn - Bình Định,Hatchback,140 km,Số tự động,Xe cũ,Máy xăng,185 triệu
17/10/2025,Mercedes-Benz GLC 300 4Matic Coupe 2022,2022,Nhập khẩu,Quận 7 - Tp.HCM,SUV,54.000 km,Số tự động,Xe cũ,Máy xăng,1 tỉ 898 triệu
17/10/2025,Ford Territory Titanium X 2025,2025,Trong nước,Kiến An - Hải Phòng,SUV,10.000 km,Số tự động,Xe cũ,Máy xăng,875 triệu
14/10/2025,Mercedes-Benz GLC 200 4Matic 2021,2021,Nhập khẩu,Kiến An - Hải Phòng,SUV,75.000 km,Số tự động,Xe cũ,Máy xăng,1 tỉ 320 triệu
13/10/2025,Mercedes-Benz C200 Exclusive 2019,2019,Trong nước,Kiến An - Hải Phòng,Sedan,58.000 km,Số tự động,Xe cũ,Máy xăng,850 triệu
10/10/2025,VinFast LUX A2.0 Nâng cao 2021,2021,Trong nước,Kiến An - Hải Phòng,Sedan,36.000 km,Số tự động,Xe cũ,Máy xăng,555 triệu
06/10/2025,Kia Sonet 1.5 Deluxe 2023,2023,Trong nước,Kiến An - Hải Phòng,,24.000 km,Số tự động,Xe cũ,Máy xăng,495 triệu
06/10/2025,Mercedes-Benz E200 E200 2019,2019,Nhập khẩu,Kiến An - Hải Phòng,Sedan,40.000 km,Số tự động,Xe cũ,Máy xăng,1 tỉ 055 triệu
29/09/2025,Toyota Corolla Cross 1.8 V  2021,2021,Trong nước,Kiến An - Hải Phòng,,61.000 km,Số tự động,Xe cũ,Máy xăng,685 triệu
21/09/2025,Kia K3 2.0 Premium 2022,2022,Trong nước,Kiến An - Hải Phòng,Sedan,40.000 km,Số tự động,Xe cũ,Máy xăng,525 triệu
20/09/2025,Mercedes-Benz GLC 250 4Matic 2017,2017,Nhập khẩu,Kiến An - Hải Phòng,SUV,94.000 km,Số tự động,Xe cũ,Máy xăng,785 triệu
11/10/2025,Mercedes-Benz GLC 200 4Matic 2018,2018,Trong nước,Kiến An - Hải Phòng,SUV,86.000 km,Số tự động,Xe cũ,Máy xăng,845 triệu
11/10/2025,Honda City 1.5 L 2022,2022,Trong nước,Kiến An - Hải Phòng,Sedan,70.000 km,Số tự động,Xe cũ,Máy xăng,435 triệu
10/10/2025,Mazda 2 Sport 1.5L Premium 2021,2021,Nhập khẩu,Kiến An - Hải Phòng,Sport Car,60.000 km,Số tự động,Xe cũ,Máy xăng,455 triệu
18/10/2025,Porsche Macan 2.0 2021,2021,Nhập khẩu,Bình Tân - Tp.HCM,SUV,48.000 km,Số tự động,Xe cũ,Máy xăng,2 tỉ 799 triệu
16/10/2025,Mazda 2 1.5AT 2013,2013,Nhập khẩu,Hoàng Mai - Hà Nội,Hatchback,90.000 km,Số tự động,Xe cũ,Máy xăng,195 triệu
22/09/2025,Kia Sorento 2WD 2.4 GAT 2020,2020,Trong nước,Hoàng Mai - Hà Nội,SUV,77.000 km,Số tự động,Xe cũ,Máy xăng,565 triệu
30/09/2025,BMW 730Li 2011,2011,Nhập khẩu,Hoàng Mai - Hà Nội,Sedan,83.000 km,Số tự động,Xe cũ,Máy xăng,565 triệu
16/10/2025,Toyota Hilux 2.8G 4×4 AT 2021,2021,Nhập khẩu,Bắc Từ Liêm - Hà Nội,Bán tải,90.000 km,Số tự động,Xe cũ,Máy dầu,870 triệu
14/10/2025,Mazda CX-5 2.0 AWD 2014,2014,Trong nước,Chí Linh - Hải Dương,SUV,112.000 km,Số tự động,Xe cũ,Máy xăng,430 triệu
17/10/2025,Mercedes-Benz GLC 300 4Matic 2019,2019,Nhập khẩu,Quận 7 - Tp.HCM,SUV,66.000 km,Số tự động,Xe cũ,Máy xăng,1 tỉ 050 triệu
06/10/2025,Volvo XC40 B5 AWD Ultimate 2023,2023,Nhập khẩu,Quận 7 - Tp.HCM,SUV,17.000 km,Số tự động,Xe cũ,Máy xăng,1 tỉ 598 triệu
14/10/2025,Mitsubishi Xpander AT Premium 2022,2022,Trong nước,Chí Linh - Hải Dương,SUV,83.000 km,Số tự động,Xe cũ,Máy xăng,515 triệu
28/09/2025,Mercedes-Benz GLC 200 2022,2022,Trong nước,Quận 7 - Tp.HCM,SUV,27.000 km,Số tự động,Xe cũ,Máy xăng,1 tỉ 358 triệu
13/10/2025,Mercedes-Benz C200 Avantgarde 2022,2022,Trong nước,Quận 7 - Tp.HCM,Sedan,11.000 km,Số tự động,Xe cũ,Máy xăng,1 tỉ 198 triệu
09/10/2025,Mercedes-Benz S450L Luxury 2022,2022,Nhập khẩu,Quận 7 - Tp.HCM,Sedan,24.000 km,Số tự động,Xe cũ,Máy xăng,3 tỉ 988 triệu
29/09/2025,Mercedes-Benz C200 Avantgarde 2023,2023,Trong nước,Quận 7 - Tp.HCM,Sedan,3.000 km,Số tự động,Xe cũ,Máy xăng,1 tỉ 398 triệu
24/09/2025,Kia K140 2016,2016,Trong nước,Đông Anh - Hà Nội,Xe tải,10.000 km,Số sàn,Xe cũ,Máy dầu,240 triệu
03/10/2025,Mazda CX-5 2.0 Premium 2022,2022,Trong nước,Thanh Xuân - Hà Nội,SUV,50.836 km,Số tự động,Xe cũ,Máy xăng,730 triệu
17/10/2025,VinFast LUX SA2.0 Nâng cao 2020,2020,Trong nước,Tân An - Long An,SUV,20.000 km,Số tự động,Xe cũ,Máy xăng,700 triệu
09/10/2025,BMW 330i M Sport 2022,2022,Trong nước,Quận 7 - Tp.HCM,Sedan,18.000 km,Số tự động,Xe cũ,Máy xăng,1 tỉ 398 triệu
11/10/2025,Toyota Land Cruiser Prado TX-L 2022,2022,Nhập khẩu,Thanh Xuân - Hà Nội,SUV,73.767 km,Số tự động,Xe cũ,Máy xăng,2 tỉ 680 triệu
03/10/2025,Peugeot 5008 1.6L Turbo 2020,2020,Nhập khẩu,Thanh Xuân - Hà Nội,SUV,54.420 km,Số tự động,Xe cũ,Máy xăng,680 triệu
11/10/2025,Ford Everest Titanium 2.0 AT 4x2 2019,2019,Nhập khẩu,Thanh Xuân - Hà Nội,SUV,01 km,Số tự động,Xe cũ,Máy dầu,810 triệu
16/10/2025,Porsche Cayenne  S Hybrid  2023,2023,Nhập khẩu,Gò Vấp - Tp.HCM,SUV,19.000 km,Số tự động,Xe cũ,Hybrid,6 tỉ 399 triệu
24/09/2025,Toyota Fortuner 2.7V 2020,2020,Nhập khẩu,Thanh Xuân - Hà Nội,SUV,66.127 km,Số tự động,Xe cũ,Máy xăng,755 triệu
22/09/2025,Suzuki Super Carry Truck Truck 2011,2011,Trong nước,Đông Anh - Hà Nội,Xe tải,12.000 km,Số sàn,Xe cũ,Máy xăng,95 triệu
18/10/2025,Toyota Fortuner 2.7 V 4X2 AT 2015,2015,Trong nước,Quận 11 - Tp.HCM,SUV,132.800 km,Số tự động,Xe cũ,Máy xăng,409 triệu
03/10/2025,VinFast LUX A2.0 Tiêu chuẩn 2022,2022,Trong nước,Thanh Xuân - Hà Nội,Sedan,48.609 km,Số tự động,Xe cũ,Máy xăng,535 triệu
03/10/2025,Mazda CX-5 2.0 Luxury 2021,2021,Trong nước,Thanh Xuân - Hà Nội,SUV,65.819 km,Số tự động,Xe cũ,Máy xăng,675 triệu
30/09/2025,Mazda 3 1.6 AT 2014,2014,Trong nước,Nam Từ Liêm - Hà Nội,Sedan,50.000 km,Số tự động,Xe cũ,Máy xăng,299 triệu
24/09/2025,Hyundai Accent 1.4 MT Tiêu chuẩn 2022,2022,Trong nước,Tân An - Long An,Sedan,130.000 km,Số sàn,Xe cũ,Máy xăng,325 triệu
17/10/2025,VinFast Fadil Nâng Cao 2020,2020,Trong nước,Tân An - Long An,,28.000 km,Số tự động,Xe cũ,Máy xăng,295 triệu
07/10/2025,Nissan X trail 2.0 SL 2WD Premium 2020,2020,Trong nước,Thanh Xuân - Hà Nội,SUV,01 km,Số tự động,Xe cũ,Máy xăng,610 triệu
12/10/2025,Toyota Fortuner 2.4G 4x2 AT  2024,2024,Trong nước,Cầu Giấy - Hà Nội,SUV,20.000 km,Số tự động,Xe cũ,Máy dầu,1 tỉ 015 triệu
25/09/2025,Lexus RX 350 2021,2021,Nhập khẩu,Cầu Giấy - Hà Nội,SUV,61.000 km,Số tự động,Xe cũ,Máy xăng,2 tỉ 990 triệu
10/10/2025,Kia K3 1.6AT 2022,2022,Trong nước,Cầu Giấy - Hà Nội,,45.000 km,Số tự động,Xe cũ,Máy xăng,535 triệu
16/10/2025,Mazda 3 1.5 Hatchback 2015,2015,Trong nước,Nam Từ Liêm - Hà Nội,Hatchback,08 km,Số tự động,Xe cũ,Máy xăng,345 triệu
15/10/2025,Mercedes-Benz GLC 200 4Matic 2021,2021,Trong nước,Bình Tân - Tp.HCM,SUV,53.000 km,Số tự động,Xe cũ,Máy xăng,1 tỉ 389 triệu
18/10/2025,Mercedes-Benz AMG GLB 35 4Matic 2022,2022,Nhập khẩu,Quận 7 - Tp.HCM,SUV,66.000 km,Số tự động,Xe cũ,Máy xăng,1 tỉ 598 triệu
22/09/2025,Dongben X30 2019,2019,Trong nước,Đông Anh - Hà Nội,Van/Minivan,10.000 km,Số sàn,Xe cũ,Máy xăng,150 triệu
18/10/2025,Mercedes-Benz GLC 300 4Matic 2023,2023,Trong nước,Quận 7 - Tp.HCM,SUV,18.000 km,Số tự động,Xe cũ,Máy xăng,2 tỉ 338 triệu
14/10/2025,Mercedes-Benz C200 Edition C 2014,2014,Trong nước,Nam Từ Liêm - Hà Nội,Sedan,110.000 km,Số tự động,Xe cũ,Máy xăng,385 triệu
15/10/2025,Mercedes-Benz GLC 200 V1 2021,2021,Trong nước,Quận 7 - Tp.HCM,SUV,55.000 km,Số tự động,Xe cũ,Máy xăng,1 tỉ 259 triệu
29/09/2025,Hyundai Tucson 2.0 Đặc biệt 2019,2019,Trong nước,Nam Từ Liêm - Hà Nội,SUV,72.000 km,Số tự động,Xe cũ,Máy xăng,585 triệu
03/10/2025,Hyundai Accent 1.4 AT Đặc biệt 2023,2023,Trong nước,Quận 6 - Tp.HCM,Sedan,40.000 km,Số tự động,Xe cũ,Máy xăng,465 triệu
09/10/2025,Hyundai Santa Fe 2.4L Xăng Cao cấp 2023,2023,Trong nước,Quận 6 - Tp.HCM,SUV,76.000 km,Số tự động,Xe cũ,Máy xăng,1 tỉ 095 triệu
13/10/2025,Hyundai Custin 2.0T-GDi Cao cấp 2023,2023,Nhập khẩu,Quận 6 - Tp.HCM,MPV,20.000 km,Số tự động,Xe cũ,Máy xăng,885 triệu
15/10/2025,Hyundai Elantra 1.6 AT Đặc biệt 2022,2022,Trong nước,Quận 6 - Tp.HCM,Sedan,30.000 km,Số tự động,Xe cũ,Máy xăng,505 triệu
09/10/2025,Suzuki Swift 1.4 AT 2022,2022,Nhập khẩu,Quận 6 - Tp.HCM,Hatchback,8.000 km,Số tự động,Xe cũ,Máy xăng,525 triệu
26/09/2025,Mercedes-Benz C250 Exclusive 2017,2017,Trong nước,Quận 7 - Tp.HCM,Sedan,91 km,Số tự động,Xe cũ,Máy xăng,666 triệu
18/10/2025,Mercedes-Benz GLC 300 4Matic 2017,2017,Nhập khẩu,Quận 7 - Tp.HCM,SUV,66.000 km,Số tự động,Xe cũ,Máy xăng,899 triệu
24/09/2025,Porsche Cayenne 3.6 V6 2014,2014,Nhập khẩu,Quận 7 - Tp.HCM,SUV,92.000 km,Số tự động,Xe cũ,Máy xăng,1 tỉ 179 triệu
10/10/2025,Toyota Sienna Limited 3.5 AT AWD 2014,2014,Nhập khẩu,Quận 7 - Tp.HCM,SUV,58.000 km,Số tự động,Xe cũ,Máy xăng,1 tỉ 489 triệu
12/10/2025,BMW 730Li Pure Excellence 2015,2015,Nhập khẩu,Quận 7 - Tp.HCM,Sedan,66.000 km,Số tự động,Xe cũ,Máy xăng,1 tỉ 399 triệu
25/09/2025,BMW 320i Sport Line 2022,2022,Nhập khẩu,Quận 7 - Tp.HCM,Sedan,42.000 km,Số tự động,Xe cũ,Máy xăng,1 tỉ 260 triệu
12/10/2025,Porsche Panamera 3.0 V6 2015,2015,Nhập khẩu,Quận 7 - Tp.HCM,Sedan,48.000 km,Số tự động,Xe cũ,Máy xăng,1 tỉ 590 triệu
12/10/2025,Audi A5 Sportback 2.0 TFSI 2017,2017,Nhập khẩu,Quận 7 - Tp.HCM,Sedan,80.000 km,Số tự động,Xe cũ,Máy xăng,1 tỉ 039 triệu
13/10/2025,Lexus LX 570 MBS 2015,2015,Nhập khẩu,Quận 7 - Tp.HCM,SUV,115.000 km,Số tự động,Xe cũ,Máy xăng,3 tỉ 190 triệu
12/10/2025,Ford Ranger Wildtrak 3.2 4x4 AT 2017,2017,Nhập khẩu,Quận 5 - Tp.HCM,Bán tải,68.000 km,Số tự động,Xe cũ,Máy xăng,550 triệu
24/09/2025,Mercedes-Benz GLC 200 4Matic 2021,2021,Trong nước,Quận 7 - Tp.HCM,SUV,60.000 km,Số tự động,Xe cũ,Máy xăng,1 tỉ 399 triệu
13/10/2025,Hyundai Elantra 1.6 AT Đặc biệt 2023,2023,Trong nước,Thanh Xuân - Hà Nội,Sedan,16.000 km,Số tự động,Xe cũ,Máy xăng,580 triệu
30/09/2025,Mazda 2 1.5AT 2024,2024,Nhập khẩu,Đống Đa - Hà Nội,Sedan,12.000 km,Số tự động,Xe cũ,Máy xăng,405 triệu
11/10/2025,Mazda 2 1.5AT 2024,2024,Nhập khẩu,Việt Trì - Phú Thọ,Sedan,12.000 km,Số tự động,Xe cũ,Máy xăng,405 triệu
13/10/2025,Kia K3 1.6 Premium 2022,2022,Trong nước,An Lão - Hải Phòng,Sedan,45.000 km,Số tự động,Xe cũ,Máy xăng,548 triệu
24/09/2025,Mercedes-Benz C300 AMG 2020,2020,Trong nước,Quận 7 - Tp.HCM,Sedan,01 km,Số tự động,Xe cũ,Máy xăng,999 triệu
29/09/2025,Mazda 3 Sedan 1.5L Deluxe 2020,2020,Trong nước,An Lão - Hải Phòng,Sedan,75.000 km,Số tự động,Xe cũ,Máy xăng,479 triệu
13/10/2025,Kia Sedona 2.2 Luxury 2019,2019,Trong nước,An Lão - Hải Phòng,MPV,80.000 km,Số tự động,Xe cũ,Máy dầu,695 triệu
13/10/2025,Mazda CX-5 2.0L Premium 2016,2016,Trong nước,An Lão - Hải Phòng,SUV,122.000 km,Số tự động,Xe cũ,Máy xăng,468 triệu
25/09/2025,BMW 330i M Sport 2021,2021,Nhập khẩu,Quận 7 - Tp.HCM,Sedan,26.000 km,Số tự động,Xe cũ,Máy xăng,1 tỉ 339 triệu
24/09/2025,Volvo S90 Ultimate AWD 2020,2020,Nhập khẩu,Quận 7 - Tp.HCM,Sedan,21.000 km,Số tự động,Xe cũ,Máy xăng,1 tỉ 399 triệu
16/10/2025,Volkswagen Viloran Luxury 2024,2024,Nhập khẩu,Quận 7 - Tp.HCM,MPV,9.000 km,Số tự động,Xe cũ,Máy xăng,2 tỉ 179 triệu
01/10/2025,Mercedes-Benz C300 AMG 2023,2023,Nhập khẩu,Quận 7 - Tp.HCM,Sedan,6.000 km,Số tự động,Xe cũ,Máy xăng,1 tỉ 699 triệu
01/10/2025,Mercedes-Benz GLC 250 4Matic 2018,2018,Nhập khẩu,Quận 7 - Tp.HCM,SUV,20.000 km,Số tự động,Xe cũ,Máy xăng,1 tỉ 059 triệu
15/10/2025,Lexus NX 300 T 2017,2017,Nhập khẩu,Quận 7 - Tp.HCM,SUV,60.000 km,Số tự động,Xe cũ,Máy xăng,1 tỉ 579 triệu
13/10/2025,Hyundai Elantra 2019,2019,Trong nước,An Lão - Hải Phòng,Sedan,70.000 km,Số tự động,Xe cũ,Máy xăng,435 triệu
13/10/2025,Kia Rio 1.4 AT 2015,2015,Nhập khẩu,An Lão - Hải Phòng,Sedan,120.000 km,Số tự động,Xe cũ,Máy xăng,280 triệu
24/09/2025,Mercedes-Benz C300 AMG 2017,2017,Trong nước,Quận 7 - Tp.HCM,Sedan,97 km,Số tự động,Xe cũ,Máy xăng,777 triệu
29/09/2025,Hyundai Accent 1.4 AT 2018,2018,Trong nước,An Lão - Hải Phòng,Sedan,100.000 km,Số tự động,Xe cũ,Máy xăng,365 triệu
13/10/2025,Kia K3 1.6 Luxury 2021,2021,Trong nước,An Lão - Hải Phòng,Sedan,60.000 km,Số tự động,Xe cũ,Máy xăng,485 triệu
15/10/2025,Ford Territory Titanium X 2023,2023,Trong nước,Hoàng Mai - Hà Nội,SUV,60.000 km,Số tự động,Xe cũ,Máy xăng,775 triệu
10/10/2025,Hyundai Tucson 2.0 Đặc biệt 2023,2023,Trong nước,Hoàng Mai - Hà Nội,SUV,41.689 km,Số tự động,Xe cũ,Máy xăng,795 triệu
25/09/2025,Hyundai Tucson 1.6 Turbo HTRAC 2023,2023,Trong nước,Hoàng Mai - Hà Nội,SUV,13.689 km,Số tự động,Xe cũ,Máy xăng,869 triệu
07/10/2025,Hyundai Tucson 2.0 Đặc biệt 2021,2021,Trong nước,Hoàng Mai - Hà Nội,SUV,71.289 km,Số tự động,Xe cũ,Máy xăng,699 triệu
16/10/2025,Hyundai Tucson 2.0 Đặc biệt 2009,2009,Nhập khẩu,Hoàng Mai - Hà Nội,SUV,156.899 km,Số tự động,Xe cũ,Máy xăng,199 triệu
19/09/2025,Ford Everest 2022,2022,Nhập khẩu,Hoàng Mai - Hà Nội,SUV,67.899 km,Số tự động,Xe cũ,Máy dầu,1 tỉ 130 triệu
19/09/2025,Mazda 3 2.0L Sedan 2016,2016,Trong nước,Hoàng Mai - Hà Nội,Sedan,100.000 km,Số tự động,Xe cũ,Máy xăng,375 triệu
12/10/2025,Kia Cerato 1.6 AT Luxury 2018,2018,Trong nước,Hoàng Mai - Hà Nội,Sedan,65.689 km,Số tự động,Xe cũ,Máy xăng,395 triệu
19/09/2025,Mazda 3 Sedan 1.5L Luxury 2019,2019,Trong nước,Hoàng Mai - Hà Nội,Sedan,67.899 km,Số tự động,Xe cũ,Máy xăng,450 triệu
12/10/2025,Mazda CX-5 2.5L Luxury 2017,2017,Trong nước,Hoàng Mai - Hà Nội,SUV,96.896 km,Số tự động,Xe cũ,Máy xăng,499 triệu
18/10/2025,Mazda 3 Sedan 1.5L Premium 2018,2018,Trong nước,Quận 11 - Tp.HCM,Sedan,71.068 km,Số tự động,Xe cũ,Máy xăng,435 triệu
29/09/2025,Hyundai Accent 1.4 AT 2020,2020,Trong nước,Cầu Giấy - Hà Nội,Sedan,70.000 km,Số tự động,Xe cũ,Máy xăng,399 triệu
29/09/2025,Ford Everest Titanium 2.0 AT 4x2 2023,2023,Nhập khẩu,Cầu Giấy - Hà Nội,SUV,29.000 km,Số tự động,Xe cũ,Máy dầu,1 tỉ 215 triệu
29/09/2025,Hyundai Accent 1.4 AT 2022,2022,Trong nước,Cầu Giấy - Hà Nội,Sedan,48.000 km,Số tự động,Xe cũ,Máy xăng,420 triệu
18/10/2025,Honda CR-V 2018,2018,Nhập khẩu,Quận 1 - Tp.HCM,SUV,76.000 km,Số tự động,Xe cũ,Máy xăng,708 triệu
17/10/2025,Hyundai Veloster 2011,2011,Nhập khẩu,Quận 1 - Tp.HCM,Coupe,120.000 km,Số tự động,Xe cũ,Máy xăng,293 triệu
16/10/2025,Nissan Navara EL 2WD 2022,2022,Nhập khẩu,Phan Rang - Tháp Chàm - Ninh Thuận,Bán tải,38.000 km,Số tự động,Xe cũ,Máy dầu,530 triệu
26/09/2025,Hyundai Grand i10 2014,2014,Nhập khẩu,Vinh - Nghệ An,Hatchback,89.000 km,Số sàn,Xe cũ,Máy xăng,145 triệu
21/09/2025,Hyundai Grand i10 2014,2014,Nhập khẩu,Hà Tĩnh - Hà Tĩnh,Hatchback,101.000 km,Số sàn,Xe cũ,Máy xăng,118 triệu
21/09/2025,Mercedes-Benz C250 AMG 2010,2010,Nhập khẩu,Vinh - Nghệ An,Sedan,81.000 km,Số tự động,Xe cũ,Máy xăng,220 triệu
21/09/2025,Hyundai Grand i10 2014,2014,Nhập khẩu,Hà Tĩnh - Hà Tĩnh,Hatchback,78.000 km,Số sàn,Xe cũ,Máy xăng,126 triệu
10/10/2025,Toyota Corolla Altis 1.8 G 2021,2021,Trong nước,Cầu Giấy - Hà Nội,Sedan,40.000 km,Số tự động,Xe cũ,Máy xăng,608 triệu
11/10/2025,Chevrolet Spark 1.0 2009,2009,Trong nước,M'Đrăk - Đắk Lắk,Hatchback,600.000 km,Số sàn,Xe cũ,Máy xăng,68 triệu
23/09/2025,Volvo XC60 B6 AWD Inscription 2021,2021,Nhập khẩu,Long Biên - Hà Nội,SUV,80.000 km,Số tự động,Xe cũ,Máy xăng,1 tỉ 599 triệu
08/10/2025,Mazda CX-5 Premium Sport 2024,2024,Trong nước,Cầu Giấy - Hà Nội,SUV,10.000 km,Số tự động,Xe cũ,Máy xăng,832 triệu
03/10/2025,Suzuki Super Carry Van Blind Van 2015,2015,Trong nước,Đông Anh - Hà Nội,Van/Minivan,10.000 km,Số sàn,Xe cũ,Máy xăng,140 triệu
06/10/2025,Toyota Corolla Altis 1.8 G 2015,2015,Trong nước,Thanh Khê - Đà Nẵng,Sedan,78.000 km,Số tự động,Xe cũ,Máy xăng,395 triệu
07/10/2025,Toyota Rush S 1.5 AT 2021,2021,Nhập khẩu,Cần Thơ,SUV,140.000 km,Số tự động,Xe cũ,Máy xăng,510 triệu
29/09/2025,Ford Ranger Wildtrak 2.0L 4x4 AT 2024,2024,Trong nước,Tân Phú - Tp.HCM,Bán tải,15.000 km,Số tự động,Xe cũ,Máy dầu,865 triệu
13/10/2025,Mercedes-Benz E300 AMG 2017,2017,Trong nước,Nam Từ Liêm - Hà Nội,Sedan,59.000 km,Số tự động,Xe cũ,Máy xăng,1 tỉ 039 triệu
08/10/2025,Mazda 6 2.5L Signature Premium 2021,2021,Trong nước,An Lão - Hải Phòng,,29.000 km,Số tự động,Xe cũ,Máy xăng,595 triệu
13/10/2025,Kia Sorento 2.4AT 2016,2016,Trong nước,An Lão - Hải Phòng,SUV,100.000 km,Số tự động,Xe cũ,Máy xăng,395 triệu
13/10/2025,Toyota Corolla Cross 1.8 HV 2025,2025,Trong nước,An Dương - Hải Phòng,Crossover,25 km,Số tự động,Xe cũ,Hybrid,860 triệu
13/10/2025,Toyota Corolla Cross 1.8 V  2023,2023,Trong nước,An Dương - Hải Phòng,SUV,43.000 km,Số tự động,Xe cũ,Máy xăng,700 triệu
15/10/2025,Mercedes-Benz CLA 250 4Matic 2015,2015,Nhập khẩu,Cầu Giấy - Hà Nội,Sedan,110.000 km,Số tự động,Xe cũ,Máy xăng,590 triệu
23/09/2025,Kia Sedona 2.2 DATH 2018,2018,Trong nước,Cầu Giấy - Hà Nội,MPV,81.000 km,Số tự động,Xe cũ,Máy dầu,665 triệu
10/10/2025,Audi Q5 2.0 TFSI Quattro 2017,2017,Nhập khẩu,Cầu Giấy - Hà Nội,SUV,140.000 km,Số tự động,Xe cũ,Máy xăng,960 triệu
25/09/2025,Porsche Cayenne  2014,2014,Nhập khẩu,Quận 7 - Tp.HCM,SUV,60.000 km,Số tự động,Xe cũ,Máy xăng,1 tỉ 199 triệu
15/10/2025,Ford Ranger XLS 2.0L 4x2 AT 2021,2021,Nhập khẩu,Cầu Giấy - Hà Nội,Bán tải,90.000 km,Số tự động,Xe cũ,Máy dầu,545 triệu
08/10/2025,Toyota Innova 2017,2017,Trong nước,An Lão - Hải Phòng,,100.000 km,Số tự động,Xe cũ,Máy xăng,395 triệu
01/10/2025,Hyundai Accent 1.4 AT Đặc biệt 2018,2018,Trong nước,An Lão - Hải Phòng,Sedan,80.000 km,Số tự động,Xe cũ,Máy xăng,365 triệu
25/09/2025,Mercedes-Benz E200 Exclusive V1 2022,2022,Trong nước,Cầu Giấy - Hà Nội,Sedan,15.188 km,Số tự động,Xe cũ,Máy xăng,1 tỉ 680 triệu
07/10/2025,Mercedes-Benz GLC 200 4Matic 2022,2022,Trong nước,Quận 7 - Tp.HCM,SUV,45.000 km,Số tự động,Xe cũ,Máy xăng,1 tỉ 499 triệu
07/10/2025,Mercedes-Benz GLC 300 4Matic V1 2022,2022,Trong nước,Quận 7 - Tp.HCM,SUV,50.000 km,Số tự động,Xe cũ,Máy xăng,1 tỉ 759 triệu
07/10/2025,Mercedes-Benz C200 Avantgarde Plus 2021,2021,Trong nước,Quận 7 - Tp.HCM,Sedan,49.000 km,Số tự động,Xe cũ,Máy xăng,1 tỉ 259 triệu
01/10/2025,Land Rover Range Rover Vogue LR-SDV8 3.0 AT 2015,2015,Nhập khẩu,Cầu Giấy - Hà Nội,SUV,140.000 km,Số tự động,Xe cũ,Máy xăng,2 tỉ 260 triệu
25/09/2025,Audi Q7 3.0 TFSI Quattro 2016,2016,Nhập khẩu,Cầu Giấy - Hà Nội,SUV,110.179 km,Số tự động,Xe cũ,Máy xăng,1 tỉ 099 triệu
26/09/2025,Lexus RX 350 F-Sport 2019,2019,Nhập khẩu,Cầu Giấy - Hà Nội,SUV,129.984 km,Số tự động,Xe cũ,Máy xăng,2 tỉ 790 triệu
29/09/2025,Toyota Land Cruiser Prado VX 2019,2019,Nhập khẩu,Cầu Giấy - Hà Nội,SUV,150.000 km,Số tự động,Xe cũ,Máy xăng,1 tỉ 930 triệu
26/09/2025,Lexus LS 460L 2009,2009,Nhập khẩu,Cầu Giấy - Hà Nội,Sedan,112.000 km,Số tự động,Xe cũ,Máy xăng,770 triệu
01/10/2025,Mercedes-Benz E400 AMG 2015,2015,Nhập khẩu,Cầu Giấy - Hà Nội,Convertible,70.000 km,Số tự động,Xe cũ,Máy xăng,1 tỉ 280 triệu
26/09/2025,Mercedes-Benz S450L Luxury 2022,2022,Nhập khẩu,Cầu Giấy - Hà Nội,Sedan,36.715 km,Số tự động,Xe cũ,Máy xăng,36 triệu
17/10/2025,Ford Ranger XLS 2.0L 4x4 AT 2025,2025,Trong nước,Quận 7 - Tp.HCM,Bán tải,8.000 km,Số tự động,Xe cũ,Máy dầu,750 triệu
10/10/2025,Mercedes-Benz C63 2024,2024,Nhập khẩu,Tp.HCM,Sedan,3.500 km,Số tự động,Xe cũ,Hybrid,4 tỉ 668 triệu
29/09/2025,Kia Carens SX 2.0 AT 2011,2011,Trong nước,Đông Anh - Hà Nội,MPV,120.000 km,Số tự động,Xe cũ,Máy xăng,230 triệu
29/09/2025,Honda CR-V 2.4L TG 2010,2010,Nhập khẩu,Đông Anh - Hà Nội,SUV,100.000 km,Số tự động,Xe cũ,Máy xăng,280 triệu
17/10/2025,Kia K3 2.0 Premium 2022,2022,Trong nước,Tân Phú - Tp.HCM,Sedan,23.000 km,Số tự động,Xe cũ,Máy xăng,567 triệu
17/10/2025,VinFast LUX SA2.0 Cao cấp 2019,2019,Trong nước,Tân Phú - Tp.HCM,SUV,60.000 km,Số tự động,Xe cũ,Máy xăng,608 triệu
17/10/2025,VinFast VF8 2025,2025,Trong nước,Vĩnh Yên - Vĩnh Phúc,,42.000 km,Số tự động,Xe cũ,Máy xăng,695 triệu
17/10/2025,Toyota Innova 2.0G 2007,2007,Trong nước,Thanh Xuân - Hà Nội,MPV,20 km,Số tự động,Xe cũ,Máy xăng,160 triệu
17/10/2025,Toyota Vios 1.5G AT 2019,2019,Trong nước,Hải Phòng,Sedan,100.000 km,Số tự động,Xe cũ,Máy xăng,388 triệu
17/10/2025,Ford Territory Titanium X 2023,2023,Trong nước,Quận 7 - Tp.HCM,SUV,37.000 km,Số tự động,Xe cũ,Máy xăng,769 triệu
07/10/2025,Hyundai Accent 1.4 AT Đặc biệt 2021,2021,Trong nước,Ngô Quyền - Hải Phòng,Sedan,40.000 km,Số tự động,Xe cũ,Máy xăng,425 triệu
16/10/2025,Kia Sportage 2.0G Luxury 2022,2022,Trong nước,Ngô Quyền - Hải Phòng,SUV,13.000 km,Số tự động,Xe cũ,Máy xăng,730 triệu
22/09/2025,Kia Seltos 1.4 Premium 2022,2022,Trong nước,Ngô Quyền - Hải Phòng,SUV,40.000 km,Số tự động,Xe cũ,Máy xăng,620 triệu
16/10/2025,Kia Sonet 1.5 Luxury 2021,2021,Trong nước,Ngô Quyền - Hải Phòng,SUV,59.000 km,Số tự động,Xe cũ,Máy xăng,479 triệu
16/10/2025,Mazda 3 1.5 Hatchback 2018,2018,Trong nước,Ngô Quyền - Hải Phòng,Hatchback,52.000 km,Số tự động,Xe cũ,Máy xăng,425 triệu
03/10/2025,Hyundai Grand i10 Hatchback 1.2 AT 2024,2024,Trong nước,Quốc Oai - Hà Nội,Hatchback,16.000 km,Số tự động,Xe cũ,Máy xăng,415 triệu
19/09/2025,Toyota Yaris 1.3G 2007,2007,Nhập khẩu,Quốc Oai - Hà Nội,Hatchback,150.000 km,Số tự động,Xe cũ,Máy xăng,185 triệu
14/10/2025,Hyundai Grand i10 Hatchback 1.2 AT 2019,2019,Trong nước,Quốc Oai - Hà Nội,Hatchback,30.000 km,Số tự động,Xe cũ,Máy xăng,315 triệu
11/10/2025,Hyundai Grand Starex 2.5 MT 2019,2019,Trong nước,Đông Anh - Hà Nội,,80.000 km,Số sàn,Xe cũ,Máy dầu,1 tỉ 100 triệu
17/10/2025,Hyundai Grand i10 2014,2014,Nhập khẩu,Dĩ An - Bình Dương,Hatchback,90.000 km,Số tự động,Xe cũ,Máy xăng,209 triệu
15/10/2025,Kia Rondo 2.0 GATH 2019,2019,Trong nước,Quận 10 - Tp.HCM,Hatchback,45.000 km,Số tự động,Xe cũ,Máy xăng,398 triệu
17/10/2025,Hyundai Grand i10 Sedan 1.2 AT 2018,2018,Trong nước,Cẩm Lệ - Đà Nẵng,Sedan,99.999 km,Số tự động,Xe cũ,Máy xăng,299 triệu
17/10/2025,Volkswagen Viloran Luxury 2024,2024,Nhập khẩu,Thủ Đức - Tp.HCM,MPV,9.000 km,Số tự động,Xe cũ,Máy xăng,2 tỉ 179 triệu
17/10/2025,Hyundai Accent 1.4 MT 2020,2020,Trong nước,An Lão - Hải Phòng,Sedan,56.000 km,Số sàn,Xe cũ,Máy xăng,310 triệu
14/10/2025,Mazda 3 1.5L Sedan 2019,2019,Trong nước,Hoàng Mai - Hà Nội,Sedan,61.289 km,Số tự động,Xe cũ,Máy xăng,450 triệu
17/10/2025,VinFast VF8 2024,2024,Trong nước,Vĩnh Yên - Vĩnh Phúc,,18.000 km,Số tự động,Xe cũ,Máy xăng,855 triệu
16/10/2025,Mitsubishi Outlander 2.0 CVT 2023,2023,Trong nước,Hoàn Kiếm - Hà Nội,MPV,29.000 km,Số tự động,Xe cũ,Máy xăng,720 triệu
05/10/2025,Kia Carens EX 2.0 MT 2007,2007,Nhập khẩu,Bắc Từ Liêm - Hà Nội,MPV,170.000 km,Số sàn,Xe cũ,Máy xăng,155 triệu
02/10/2025,Suzuki Vitara JLX 1.6 4X4 2005,2005,Nhập khẩu,Bắc Từ Liêm - Hà Nội,SUV,200.000 km,Số sàn,Xe cũ,Máy xăng,145 triệu
11/10/2025,Suzuki Vitara 2.0L AT 4X4 2003,2003,Nhập khẩu,Bắc Từ Liêm - Hà Nội,SUV,178.000 km,Số tự động,Xe cũ,Máy xăng,135 triệu
29/09/2025,Ford Escape XLT 2.3 AT 4x4 2004,2004,Trong nước,Bắc Từ Liêm - Hà Nội,SUV,190.000 km,Số tự động,Xe cũ,Máy xăng,135 triệu
11/10/2025,Ford Escape XLT 2.3 AT 4x4 2004,2004,Trong nước,Bắc Từ Liêm - Hà Nội,SUV,190.000 km,Số tự động,Xe cũ,Máy xăng,135 triệu
04/10/2025,Nissan X trail 2.5 SV 4WD 2006,2006,Nhập khẩu,Bắc Từ Liêm - Hà Nội,SUV,130.000 km,Số tự động,Xe cũ,Máy xăng,195 triệu
14/10/2025,Toyota Fortuner 2.7 V 4X4 AT 2012,2012,Trong nước,Quận 1 - Tp.HCM,SUV,108.000 km,Số tự động,Xe cũ,Máy xăng,393 triệu
16/10/2025,Mitsubishi Pajero 3.0 V6 2002,2002,Trong nước,Vũng Tàu - Bà Rịa Vũng Tàu,SUV,300.000 km,Số sàn,Xe cũ,Máy xăng,105 triệu
23/09/2025,Ford EcoSport Titanium 1.5L AT 2016,2016,Trong nước,Nam Từ Liêm - Hà Nội,SUV,84.000 km,Số tự động,Xe cũ,Máy xăng,299 triệu
16/10/2025,Toyota Camry 2.0E 2018,2018,Trong nước,Nam Từ Liêm - Hà Nội,Sedan,91.000 km,Số tự động,Xe cũ,Máy xăng,665 triệu
16/10/2025,Hyundai Tucson 2.0 Dầu đặc biệt 2020,2020,Trong nước,Long Biên - Hà Nội,SUV,56.000 km,Số tự động,Xe cũ,Máy dầu,655 triệu
16/10/2025,VinFast LUX A2.0 Tiêu chuẩn 2022,2022,Trong nước,Tân Phú - Tp.HCM,Sedan,30.000 km,Số tự động,Xe cũ,Máy xăng,585 triệu
16/10/2025,Ford Ranger Wildtrak 3.2 4x4 AT 2017,2017,Nhập khẩu,Bắc Từ Liêm - Hà Nội,Bán tải,100.000 km,Số tự động,Xe cũ,Máy dầu,575 triệu
16/10/2025,Hyundai Santa Fe 2.5 Xăng Cao cấp 2023,2023,Trong nước,Bắc Từ Liêm - Hà Nội,SUV,10.000 km,Số tự động,Xe cũ,Máy xăng,1 tỉ 150 triệu
16/10/2025,Hyundai Tucson 2.0 Đặc biệt 2025,2025,Trong nước,Bắc Từ Liêm - Hà Nội,SUV,3.000 km,Số tự động,Xe cũ,Máy xăng,860 triệu
23/09/2025,Ford Transit SVP Bản trung 2019,2019,Trong nước,Đông Anh - Hà Nội,Van/Minivan,80.000 km,Số sàn,Xe cũ,Máy dầu,455 triệu
28/09/2025,Kia K140 2016,2016,Trong nước,Đông Anh - Hà Nội,Xe tải,80.000 km,Số sàn,Xe cũ,Máy dầu,245 triệu
20/09/2025,Lexus RX 350 2007,2007,Nhập khẩu,Hoàng Mai - Hà Nội,SUV,130.000 km,Số tự động,Xe cũ,Máy xăng,320 triệu
30/09/2025,Land Rover Range Rover Evoque evoque 2012,2012,Nhập khẩu,Hoàng Mai - Hà Nội,SUV,66.400 km,Số tự động,Xe cũ,Máy xăng,490 triệu
16/10/2025,Mercedes-Benz GLC 300 4Matic 2024,2024,Trong nước,Cầu Giấy - Hà Nội,SUV,30.000 km,Số tự động,Xe cũ,Máy xăng,2 tỉ 195 triệu
16/10/2025,Volvo XC60 B6 Ultimate Bright 2025,2025,Nhập khẩu,Quận 2 - Tp.HCM,Crossover,34.000 km,Số tự động,Xe cũ,Máy xăng,1 tỉ 850 triệu
16/10/2025,Volvo XC60 T8 AWD Recharge 2024,2024,Nhập khẩu,Quận 2 - Tp.HCM,Crossover,52 km,Số tự động,Xe cũ,Hybrid,2 tỉ 699 triệu
16/10/2025,Volvo S90L Ultimate AWD 2025,2025,Nhập khẩu,Quận 2 - Tp.HCM,Sedan,296 km,Số tự động,Xe cũ,Máy xăng,2 tỉ 099 triệu
04/10/2025,Kia K165 2016,2016,Trong nước,Đông Anh - Hà Nội,Xe tải,10.000 km,Số sàn,Xe cũ,Máy dầu,240 triệu
12/10/2025,Kia Rio 1.4 AT 2015,2015,Nhập khẩu,Hải Phòng,Sedan,150.000 km,Số tự động,Xe cũ,Máy xăng,299 triệu
16/10/2025,Nissan X trail 2.0 SL 2WD Premium 2016,2016,Trong nước,Thanh Xuân - Hà Nội,SUV,110.000 km,Số tự động,Xe cũ,Máy xăng,425 triệu
06/10/2025,Mercedes-Benz E250 E250 2014,2014,Trong nước,Nam Từ Liêm - Hà Nội,Sedan,10 km,Số tự động,Xe cũ,Máy xăng,555 triệu
01/10/2025,Toyota Camry LE 2.4 2007,2007,Nhập khẩu,Nam Từ Liêm - Hà Nội,Sedan,10 km,Số tự động,Xe cũ,Máy xăng,258 triệu
12/10/2025,Kia Cerato 1.6 AT Deluxe 2009,2009,Nhập khẩu,Hải Phòng,Sedan,150.000 km,Số tự động,Xe cũ,Máy xăng,210 triệu
04/10/2025,Ford Transit MID Tiêu chuẩn 2016,2016,Trong nước,Đông Anh - Hà Nội,Van/Minivan,80.000 km,Số sàn,Xe cũ,Máy dầu,370 triệu
12/10/2025,Hyundai Elantra 1.8 MT 2019,2019,Trong nước,Hải Phòng,Sedan,68.888 km,Số sàn,Xe cũ,Máy xăng,235 triệu
14/10/2025,Mazda 3 2.0L Sedan 2018,2018,Trong nước,Tân Phú - Tp.HCM,Sedan,95.000 km,Số tự động,Xe cũ,Máy xăng,435 triệu
09/10/2025,Mercedes-Benz E300 2023,2023,Trong nước,Từ Sơn - Bắc Ninh,Sedan,10 km,Số tự động,Xe cũ,Máy xăng,2 tỉ 340 triệu
13/10/2025,Mitsubishi Xpander 1.5 MT 2019,2019,Nhập khẩu,Thuận An - Bình Dương,MPV,76.000 km,Số tự động,Xe cũ,Máy xăng,420 triệu
16/10/2025,Chevrolet Spark LTZ 2013,2013,Trong nước,Hoàng Mai - Hà Nội,Hatchback,80.000 km,Số tự động,Xe cũ,Máy xăng,175 triệu
16/10/2025,Ford EcoSport Titanium 1.5L AT 2021,2021,Trong nước,Hoàng Mai - Hà Nội,SUV,55.000 km,Số tự động,Xe cũ,Máy xăng,445 triệu
16/10/2025,Ford Focus 1.8L 2011,2011,Trong nước,Hoàng Mai - Hà Nội,Hatchback,125.000 km,Số tự động,Xe cũ,Máy xăng,220 triệu
15/10/2025,Mercedes-Benz Maybach S450 4Matic 2019,2019,Nhập khẩu,Quận 7 - Tp.HCM,Sedan,19.999 km,Số tự động,Xe cũ,Máy xăng,4 tỉ 269 triệu
05/10/2025,Kia Sonet 1.5 Premium 2023,2023,Trong nước,Đông Anh - Hà Nội,SUV,12.000 km,Số tự động,Xe cũ,Máy xăng,540 triệu
15/10/2025,Mitsubishi Zinger 2008,2008,Trong nước,Tp.HCM,MPV,90.000 km,Số sàn,Xe cũ,Máy xăng,185 triệu
15/10/2025,Mazda BT-50 Standard 4x4 2.2 MT 2014,2014,Nhập khẩu,Tp.HCM,Bán tải,120.000 km,Số sàn,Xe cũ,Máy dầu,295 triệu
15/10/2025,Toyota Innova 2.0E 2020,2020,Trong nước,Quận 10 - Tp.HCM,MPV,153.000 km,Số sàn,Xe cũ,Máy xăng,440 triệu
15/10/2025,Kia Forte EX 1.6 MT 2011,2011,Trong nước,Tp.HCM,Sedan,70.000 km,Số sàn,Xe cũ,Máy xăng,215 triệu
29/09/2025,Kia Sorento 2021,2021,Trong nước,Hà Nội,SUV,50.000 km,Số tự động,Xe cũ,Máy xăng,865 triệu
15/10/2025,Toyota Corolla Cross 1.8 V  2022,2022,Nhập khẩu,Thanh Xuân - Hà Nội,Crossover,01 km,Số tự động,Xe cũ,Máy xăng,725 triệu
15/10/2025,Kia Sorento 2WD 2.2 DATH 2019,2019,Trong nước,Thủ Đức - Tp.HCM,SUV,93.000 km,Số tự động,Xe cũ,Máy dầu,639 triệu
15/10/2025,Chevrolet Captiva Maxx LTZ 2.4 2011,2011,Trong nước,Thủ Đức - Tp.HCM,SUV,126.000 km,Số tự động,Xe cũ,Máy xăng,235 triệu
15/10/2025,Honda CR-V 1.5 L 2020,2020,Trong nước,Thủ Đức - Tp.HCM,SUV,68.000 km,Số tự động,Xe cũ,Máy xăng,815 triệu
15/10/2025,Toyota Camry 2.5Q 2017,2017,Trong nước,Thủ Đức - Tp.HCM,Sedan,91.000 km,Số tự động,Xe cũ,Máy xăng,648 triệu
15/10/2025,Lexus RX 350 Luxury 2019,2019,Nhập khẩu,Quận 7 - Tp.HCM,SUV,43.000 km,Số tự động,Xe cũ,Máy xăng,2 tỉ 879 triệu
15/10/2025,Lamborghini Urus 4.0 V8 2018,2018,Nhập khẩu,Quận 7 - Tp.HCM,SUV,10.300 km,Số tự động,Xe cũ,Máy xăng,11 tỉ 900 triệu
15/10/2025,Mercedes-Benz G63 4.0 V8 2021,2021,Nhập khẩu,Quận 7 - Tp.HCM,SUV,20.000 km,Số tự động,Xe cũ,Máy xăng,9 tỉ 650 triệu
15/10/2025,Mercedes-Benz S450L Luxury 2022,2022,Nhập khẩu,Quận 7 - Tp.HCM,Sedan,15.000 km,Số tự động,Xe cũ,Máy xăng,4 tỉ 179 triệu
15/10/2025,Mercedes-Benz E300 AMG 2021,2021,Trong nước,Quận 7 - Tp.HCM,Sedan,33.000 km,Số tự động,Xe cũ,Máy xăng,1 tỉ 879 triệu
15/10/2025,Mini Cooper S 3 cửa 2023,2023,Nhập khẩu,Quận 7 - Tp.HCM,Convertible,9.000 km,Số tự động,Xe cũ,Máy xăng,1 tỉ 969 triệu
15/10/2025,Mercedes-Benz AMG GLE 53 4MATIC Coupe 2022,2022,Nhập khẩu,Quận 7 - Tp.HCM,Coupe,13.000 km,Số tự động,Xe cũ,Máy xăng,3 tỉ 879 triệu
15/10/2025,Mercedes-Benz C200 Exclusive 2021,2021,Nhập khẩu,Thủ Đức - Tp.HCM,Sedan,30.000 km,Số tự động,Xe cũ,Máy xăng,989 triệu
15/10/2025,Mazda CX-5 2020,2020,Trong nước,Cầu Giấy - Hà Nội,SUV,48.000 km,Số tự động,Xe cũ,Máy xăng,636 triệu
15/10/2025,Ford Everest Titanium 2.0L AT 4WD 2021,2021,Nhập khẩu,Cầu Giấy - Hà Nội,SUV,91.000 km,Số tự động,Xe cũ,Máy dầu,876 triệu
15/10/2025,Honda City 1.5 CVT 2017,2017,Trong nước,Thuận An - Bình Dương,Sedan,90.000 km,Số tự động,Xe cũ,Máy xăng,370 triệu
07/10/2025,Ford Ranger 2023,2023,Trong nước,Quận 7 - Tp.HCM,Bán tải,33.000 km,Số tự động,Xe cũ,Máy dầu,855 triệu
19/09/2025,Ford Territory Titanium X 2023,2023,Trong nước,Quận 7 - Tp.HCM,SUV,30.000 km,Số tự động,Xe cũ,Máy xăng,768 triệu
15/10/2025,Chevrolet Captiva LTZ 2.0 2013,2013,Trong nước,Quận 10 - Tp.HCM,SUV,85.000 km,Số tự động,Xe cũ,Máy xăng,268 triệu
09/10/2025,Mercedes-Benz C300 AMG 2025,2025,Trong nước,Hồng Bàng - Hải Phòng,Sedan,01 km,Số tự động,Xe cũ,Máy xăng,2 tỉ 035 triệu
19/09/2025,Mercedes-Benz GLC 200 V1 2022,2022,Trong nước,Quận 7 - Tp.HCM,SUV,28.000 km,Số tự động,Xe cũ,Máy xăng,1 tỉ 358 triệu
14/10/2025,Mercedes-Benz C200 2.0 AT 2018,2018,Nhập khẩu,Bình Tân - Tp.HCM,Sedan,55.500 km,Số tự động,Xe cũ,Máy xăng,740 triệu
08/10/2025,Toyota Corolla Cross 1.8 HV 2021,2021,Trong nước,Long Biên - Hà Nội,Crossover,60.000 km,Số tự động,Xe cũ,Hybrid,735 triệu
08/10/2025,Ford Everest Titanium 2.0L AT 4WD 2023,2023,Nhập khẩu,Long Biên - Hà Nội,SUV,60.000 km,Số tự động,Xe cũ,Máy dầu,1 tỉ 299 triệu
08/10/2025,Honda CR-V 1.5 L 2019,2019,Trong nước,Long Biên - Hà Nội,SUV,90.000 km,Số tự động,Xe cũ,Máy xăng,775 triệu
24/09/2025,Volvo XC40 2024,2024,Trong nước,Quận 7 - Tp.HCM,,1.333 km,Số tự động,Xe cũ,Máy xăng,1 tỉ 738 triệu
15/10/2025,Toyota Yaris 1.5G 2017,2017,Nhập khẩu,Thanh Xuân - Hà Nội,Hatchback,66.000 km,Số tự động,Xe cũ,Máy xăng,410 triệu
15/10/2025,Hyundai i20 1.4 AT 2012,2012,Nhập khẩu,Cầu Giấy - Hà Nội,Hatchback,91.000 km,Số tự động,Xe cũ,Máy xăng,226 triệu
15/10/2025,Toyota Fortuner 2.4G 4x2 AT  2016,2016,Trong nước,Cầu Giấy - Hà Nội,SUV,142.000 km,Số tự động,Xe cũ,Máy dầu,526 triệu
15/10/2025,Hyundai Santa Fe 2.2 Dầu Cao cấp 2022,2022,Trong nước,Cầu Giấy - Hà Nội,SUV,88.000 km,Số tự động,Xe cũ,Máy dầu,1 tỉ 266 triệu
15/10/2025,Hyundai Santa Fe 2.2 Dầu Đặc biệt 2021,2021,Trong nước,Cầu Giấy - Hà Nội,SUV,72.000 km,Số tự động,Xe cũ,Máy dầu,828 triệu
15/10/2025,Hyundai Santa Fe 2.4L Xăng Cao cấp 2016,2016,Trong nước,Thanh Xuân - Hà Nội,SUV,86.000 km,Số tự động,Xe cũ,Máy xăng,560 triệu
15/10/2025,Ford Everest Titanium 2.0 AT 4x2 2024,2024,Nhập khẩu,Cầu Giấy - Hà Nội,SUV,41.000 km,Số tự động,Xe cũ,Máy dầu,1 tỉ 266 triệu
29/09/2025,Mitsubishi Xpander Cross 1.5 AT 2020,2020,Trong nước,Đông Anh - Hà Nội,SUV,61.000 km,Số tự động,Xe cũ,Máy xăng,475 triệu
15/10/2025,Volvo S90 2022,2022,Nhập khẩu,Quận 7 - Tp.HCM,,65.000 km,Số tự động,Xe cũ,Máy xăng,1 tỉ 798 triệu
09/10/2025,Toyota Land Cruiser Prado TX-L 2016,2016,Nhập khẩu,Bắc Từ Liêm - Hà Nội,SUV,130.000 km,Số tự động,Xe cũ,Máy xăng,1 tỉ 290 triệu
04/10/2025,Lexus LM500h 6 ghế 2025,2025,Nhập khẩu,Ba Đình - Hà Nội,MPV,2.000 km,Số tự động,Xe cũ,Hybrid,9 tỉ 290 triệu
25/09/2025,Lexus RX 300 F-Sport 2022,2022,Nhập khẩu,Ba Đình - Hà Nội,SUV,22.000 km,Số tự động,Xe cũ,Máy xăng,2 tỉ 899 triệu
13/10/2025,Ford Ranger Wildtrak 3.2 4x4 AT 2017,2017,Nhập khẩu,Hà Đông - Hà Nội,Bán tải,120.000 km,Số tự động,Xe cũ,Máy dầu,500 triệu
13/10/2025,Toyota Corolla Altis 1.8 G 2017,2017,Trong nước,Hà Đông - Hà Nội,Sedan,120.000 km,Số tự động,Xe cũ,Máy xăng,460 triệu
15/10/2025,Honda CR-V e:HEV RS 2024,2024,Nhập khẩu,Quận 8 - Tp.HCM,SUV,20.000 km,Số tự động,Xe cũ,Hybrid,1 tỉ 220 triệu
10/10/2025,Mazda 6 2.0 Premium 2023,2023,Trong nước,Quận 8 - Tp.HCM,Sedan,37.000 km,Số tự động,Xe cũ,Máy xăng,695 triệu
09/10/2025,Toyota Raize 2024,2024,Nhập khẩu,Quận 8 - Tp.HCM,Crossover,6.000 km,Số tự động,Xe cũ,Máy xăng,505 triệu
13/10/2025,Mazda 3 Sedan 1.5L Luxury 2022,2022,Trong nước,Quận 8 - Tp.HCM,Sedan,23.000 km,Số tự động,Xe cũ,Máy xăng,565 triệu
09/10/2025,Ford EcoSport Titanium 1.5L AT 2019,2019,Trong nước,Quận 8 - Tp.HCM,SUV,39.000 km,Số tự động,Xe cũ,Máy xăng,399 triệu
13/10/2025,Toyota Vios 1.5G AT 2020,2020,Trong nước,Hà Đông - Hà Nội,Sedan,90.000 km,Số tự động,Xe cũ,Máy xăng,410 triệu
25/09/2025,Kia K3 2.0 Premium 2025,2025,Trong nước,Hà Đông - Hà Nội,Sedan,15.000 km,Số tự động,Xe cũ,Máy xăng,625 triệu
14/10/2025,Ford Everest Titanium 2.0 AT 4x2 2022,2022,Nhập khẩu,Tây Ninh - Tây Ninh,SUV,28.000 km,Số tự động,Xe cũ,Máy dầu,1 tỉ 140 triệu
14/10/2025,Ford Territory 1.5L Titanium 2024,2024,Trong nước,Tây Ninh - Tây Ninh,SUV,38.000 km,Số tự động,Xe cũ,Máy xăng,790 triệu
06/10/2025,Ford Ranger Raptor 2023,2023,Nhập khẩu,Tây Ninh - Tây Ninh,Bán tải,50.000 km,Số tự động,Xe cũ,Máy dầu,1 tỉ 130 triệu
14/10/2025,Ford Everest Titanium 2.0 AT 4x2 2021,2021,Nhập khẩu,Tây Ninh - Tây Ninh,SUV,62.000 km,Số tự động,Xe cũ,Máy dầu,900 triệu
14/10/2025,Ford Transit 2023,2023,Trong nước,Tây Ninh - Tây Ninh,Xe tải,79.000 km,Số tự động,Xe cũ,Máy dầu,650 triệu
14/10/2025,Ford Ranger XLS 2.2 4x2 AT 2022,2022,Trong nước,Tây Ninh - Tây Ninh,Bán tải,48.000 km,Số tự động,Xe cũ,Máy dầu,575 triệu
13/10/2025,Toyota RAV4 2008,2008,Nhập khẩu,Hà Đông - Hà Nội,SUV,90.000 km,Số tự động,Xe cũ,Máy xăng,310 triệu
13/10/2025,Ford Ranger XLS 2.2 4x2 AT 2020,2020,Nhập khẩu,Hà Đông - Hà Nội,,90.000 km,Số tự động,Xe cũ,Máy dầu,510 triệu
15/10/2025,VinFast VF8 2023,2023,Trong nước,Vĩnh Yên - Vĩnh Phúc,,64.000 km,Số tự động,Xe cũ,Máy xăng,710 triệu
15/10/2025,VinFast VF8 2023,2023,Trong nước,Vĩnh Yên - Vĩnh Phúc,,42.000 km,Số tự động,Xe cũ,Máy xăng,695 triệu
15/10/2025,VinFast VF8 2024,2024,Trong nước,Vĩnh Yên - Vĩnh Phúc,,7.000 km,Số tự động,Xe cũ,Máy xăng,845 triệu
04/10/2025,Mercedes-Benz GLC 250 4Matic 2017,2017,Trong nước,Quận 7 - Tp.HCM,SUV,81.000 km,Số tự động,Xe cũ,Máy xăng,799 triệu
13/10/2025,Mercedes-Benz GLC 300 4Matic V1 2022,2022,Nhập khẩu,Quận 7 - Tp.HCM,SUV,18.000 km,Số tự động,Xe cũ,Máy xăng,1 tỉ 769 triệu
07/10/2025,Mercedes-Benz AMG GLB 35 2022,2022,Nhập khẩu,Quận 7 - Tp.HCM,SUV,67.000 km,Số tự động,Xe cũ,Máy xăng,1 tỉ 599 triệu
07/10/2025,Mercedes-Benz GLC 300 4Matic 2023,2023,Nhập khẩu,Quận 7 - Tp.HCM,SUV,18.000 km,Số tự động,Xe cũ,Máy xăng,2 tỉ 339 triệu
13/10/2025,Land Rover Range Rover AutoBiography 3.0 2013,2013,Nhập khẩu,Quận 7 - Tp.HCM,SUV,115.000 km,Số tự động,Xe cũ,Máy xăng,1 tỉ 999 triệu
09/10/2025,Mercedes-Benz GLC 200 4Matic 2025,2025,Trong nước,Cẩm Giàng - Hải Dương,SUV,500 km,Số tự động,Xe cũ,Máy xăng,2 tỉ 300 triệu
06/10/2025,Mercedes-Benz C200 2022,2022,Trong nước,Quận 7 - Tp.HCM,,16.000 km,Số tự động,Xe cũ,Máy xăng,1 tỉ 399 triệu
09/10/2025,Mercedes-Benz GLC 200 4Matic 2025,2025,Trong nước,Từ Sơn - Bắc Ninh,SUV,500 km,Số tự động,Xe cũ,Máy xăng,2 tỉ 300 triệu
06/10/2025,Mercedes-Benz C180 AMG 2021,2021,Trong nước,Quận 7 - Tp.HCM,,35.000 km,Số tự động,Xe cũ,Máy xăng,899 triệu
07/10/2025,Mercedes-Benz GLE 450 2020,2020,Trong nước,Quận 7 - Tp.HCM,,30.000 km,Số tự động,Xe cũ,Máy xăng,2 tỉ 699 triệu
09/10/2025,Mercedes-Benz GLC 200 4Matic 2025,2025,Trong nước,Hưng Yên - Hưng Yên,SUV,500 km,Số tự động,Xe cũ,Máy xăng,2 tỉ 300 triệu
09/10/2025,Mercedes-Benz GLC 200 4Matic 2025,2025,Trong nước,Hoàn Kiếm - Hà Nội,SUV,500 km,Số tự động,Xe cũ,Máy xăng,2 tỉ 300 triệu
14/10/2025,Toyota Camry 2.0E 2018,2018,Trong nước,Nam Từ Liêm - Hà Nội,Sedan,91.000 km,Số tự động,Xe cũ,Máy xăng,665 triệu
26/09/2025,Toyota Yaris Cross Xăng 2024,2024,Nhập khẩu,Nam Từ Liêm - Hà Nội,Crossover,28.000 km,Số tự động,Xe cũ,Máy xăng,635 triệu
14/10/2025,Honda CR-V 2.4L TG 2011,2011,Trong nước,Khoái Châu - Hưng Yên,SUV,140.000 km,Số tự động,Xe cũ,Máy xăng,310 triệu
14/10/2025,Kia Rondo 1.7 DAT 2015,2015,Trong nước,Khoái Châu - Hưng Yên,SUV,130.000 km,Số tự động,Xe cũ,Máy dầu,350 triệu
14/10/2025,Kia Cerato 1.6 AT Luxury 2011,2011,Nhập khẩu,Long Biên - Hà Nội,Sedan,120.000 km,Số tự động,Xe cũ,Máy xăng,235 triệu
14/10/2025,Toyota Camry 2.5Q 2016,2016,Trong nước,Gò Vấp - Tp.HCM,Sedan,36.000 km,Số tự động,Xe cũ,Máy xăng,687 triệu
14/10/2025,Lexus RX 350L 2023,2023,Nhập khẩu,Gò Vấp - Tp.HCM,SUV,5.000 km,Số tự động,Xe cũ,Máy xăng,4 tỉ 089 triệu
14/10/2025,Audi Q8 55 TFSI Quattro 2021,2021,Nhập khẩu,Gò Vấp - Tp.HCM,SUV,23.999 km,Số tự động,Xe cũ,Máy xăng,2 tỉ 980 triệu
26/09/2025,Lexus GX 460 2012,2012,Nhập khẩu,Gò Vấp - Tp.HCM,SUV,104.000 km,Số tự động,Xe cũ,Máy xăng,1 tỉ 480 triệu
22/09/2025,Lexus LX 570 Super Sport 2019,2019,Nhập khẩu,Gò Vấp - Tp.HCM,SUV,41.000 km,Số tự động,Xe cũ,Máy xăng,7 tỉ 449 triệu
14/10/2025,Kia Sedona 3.3 Platinum G 2021,2021,Trong nước,Thủ Đức - Tp.HCM,MPV,60.000 km,Số tự động,Xe cũ,Máy xăng,839 triệu
14/10/2025,Toyota Camry 2.0Q 2022,2022,Nhập khẩu,Thủ Đức - Tp.HCM,Sedan,30.000 km,Số tự động,Xe cũ,Máy xăng,1 tỉ 039 triệu
14/10/2025,Toyota Corolla Cross 1.8 V  2021,2021,Trong nước,Nam Từ Liêm - Hà Nội,SUV,50.000 km,Số tự động,Xe cũ,Máy xăng,688 triệu
14/10/2025,Mercedes-Benz GLC 300 4Matic 2017,2017,Nhập khẩu,Long Biên - Hà Nội,SUV,80.000 km,Số tự động,Xe cũ,Máy xăng,899 triệu
14/10/2025,Porsche Panamera 4 2021,2021,Nhập khẩu,Long Biên - Hà Nội,Sedan,26.000 km,Số tự động,Xe cũ,Máy xăng,4 tỉ 880 triệu
14/10/2025,Mercedes-Benz GLS 450 4Matic 2020,2020,Nhập khẩu,Long Biên - Hà Nội,SUV,9.000 km,Số tự động,Xe cũ,Máy xăng,3 tỉ 290 triệu
14/10/2025,Toyota Innova 2.0G 2006,2006,Trong nước,Thanh Xuân - Hà Nội,MPV,250.000 km,Số sàn,Xe cũ,Máy xăng,165 triệu
12/10/2025,Ford Everest Titanium 2.0 AT 4x2 2023,2023,Nhập khẩu,Thanh Xuân - Hà Nội,SUV,29.000 km,Số tự động,Xe cũ,Máy dầu,1 tỉ 190 triệu
14/10/2025,VinFast VF8 Eco 2023,2023,Trong nước,Đống Đa - Hà Nội,SUV,44.000 km,Số tự động,Xe cũ,Điện,660 triệu
14/10/2025,Nissan X trail 2.5 SV 4WD 2016,2016,Trong nước,Thanh Xuân - Hà Nội,SUV,1.300 km,Số tự động,Xe cũ,Máy xăng,475 triệu
14/10/2025,BMW 520i 2016,2016,Nhập khẩu,Quận 1 - Tp.HCM,Sedan,95.000 km,Số tự động,Xe cũ,Máy xăng,673 triệu
14/10/2025,Toyota Camry 2.5Q 2024,2024,Nhập khẩu,Thủ Đức - Tp.HCM,Sedan,10.000 km,Số tự động,Xe cũ,Máy xăng,1 tỉ 345 triệu
27/09/2025,Suzuki Swift 1.4 AT 2017,2017,Trong nước,Nam Từ Liêm - Hà Nội,Hatchback,82.000 km,Số tự động,Xe cũ,Máy xăng,300 triệu
08/10/2025,Ford Ranger Wildtrak 2.2 4x2 AT 2014,2014,Trong nước,Cẩm Phả - Quảng Ninh,Bán tải,140.000 km,Số tự động,Xe cũ,Máy dầu,325 triệu
30/09/2025,Toyota Veloz 2022,2022,Trong nước,Đồ Sơn - Hải Phòng,MPV,50.000 km,Số tự động,Xe cũ,Máy xăng,500 triệu
30/09/2025,Ford Ranger Wildtrak 2.2 4x2 AT 2014,2014,Trong nước,Đồ Sơn - Hải Phòng,Bán tải,140.000 km,Số tự động,Xe cũ,Máy dầu,315 triệu
03/10/2025,VinFast LUX A2.0 Cao cấp 2020,2020,Trong nước,Văn Giang - Hưng Yên,Sedan,72.000 km,Số tự động,Xe cũ,Máy xăng,560 triệu
13/10/2025,Mazda CX-5 2.0 Luxury 2022,2022,Trong nước,Quận 6 - Tp.HCM,SUV,25.000 km,Số tự động,Xe cũ,Máy xăng,695 triệu
13/10/2025,BMW 320i 2022,2022,Trong nước,Quận 7 - Tp.HCM,,18.000 km,Số tự động,Xe cũ,Máy xăng,1 tỉ 298 triệu
25/09/2025,Chevrolet Cruze 1.6 MT 2017,2017,Trong nước,Dĩ An - Bình Dương,,108.888 km,Số sàn,Xe cũ,Máy xăng,229 triệu
20/09/2025,Hyundai Grand i10 Hatchback 1.2 AT 2021,2021,Trong nước,Quốc Oai - Hà Nội,Hatchback,30.000 km,Số tự động,Xe cũ,Máy xăng,360 triệu
13/10/2025,Mercedes-Benz AMG G63 4Matic 2014,2014,Nhập khẩu,Thanh Xuân - Hà Nội,SUV,100.000 km,Số tự động,Xe cũ,Máy xăng,520 triệu
13/10/2025,Kia Cerato 1.6 AT Luxury 2021,2021,Trong nước,Thanh Xuân - Hà Nội,Sedan,75.000 km,Số tự động,Xe cũ,Máy xăng,475 triệu
13/10/2025,Toyota Corolla Cross 2023,2023,Nhập khẩu,Biên Hòa - Đồng Nai,,49.000 km,Số tự động,Xe cũ,Máy xăng,735 triệu
13/10/2025,Ford Focus S 2.0AT 2014,2014,Trong nước,Bảo Lộc - Lâm Đồng,Sedan,92.000 km,Số tự động,Xe cũ,Máy xăng,410 triệu
13/10/2025,Toyota Yaris 1.5G 2016,2016,Nhập khẩu,Cầu Giấy - Hà Nội,Hatchback,70.000 km,Số tự động,Xe cũ,Máy xăng,389 triệu
13/10/2025,Hyundai Kona 1.6 Turbo 2020,2020,Trong nước,Cầu Giấy - Hà Nội,Crossover,58.000 km,Số tự động,Xe cũ,Máy xăng,499 triệu
20/09/2025,Honda CR-V 1.5 L 2022,2022,Trong nước,Quốc Oai - Hà Nội,SUV,55.000 km,Số tự động,Xe cũ,Máy xăng,855 triệu
13/10/2025,Hyundai Elantra 1.6 AT Đặc biệt 2020,2020,Trong nước,Cầu Giấy - Hà Nội,Sedan,69.000 km,Số tự động,Xe cũ,Máy xăng,455 triệu
13/10/2025,Lexus RX 350 Luxury 2020,2020,Nhập khẩu,Cầu Giấy - Hà Nội,SUV,50.000 km,Số tự động,Xe cũ,Máy xăng,3 tỉ 260 triệu
13/10/2025,BMW X5 2007,2007,Nhập khẩu,Bảo Lộc - Lâm Đồng,SUV,110.000 km,Số tự động,Xe cũ,Máy xăng,550 triệu
13/10/2025,Toyota Fortuner 2.4 MT 4x2 2017,2017,Nhập khẩu,Bảo Lộc - Lâm Đồng,SUV,120.000 km,Số sàn,Xe cũ,Máy dầu,625 triệu
13/10/2025,Thaco FRONTIER TF450V 2S 2024,2024,Trong nước,Thuận An - Bình Dương,Van/Minivan,47.000 km,Số sàn,Xe cũ,Máy xăng,270 triệu
13/10/2025,Isuzu QKR 210 2023,2023,Trong nước,Thuận An - Bình Dương,Xe tải,61.361 km,Số sàn,Xe cũ,Máy dầu,555 triệu
13/10/2025,Kia Sonet 1.5 Premium 2022,2022,Trong nước,Thuận An - Bình Dương,Crossover,86.000 km,Số tự động,Xe cũ,Máy xăng,550 triệu
24/09/2025,Mercedes-Benz GLC 250 4Matic 2018,2018,Trong nước,Quận 7 - Tp.HCM,SUV,76 km,Số tự động,Xe cũ,Máy xăng,839 triệu
13/10/2025,Kia Carnival 3.5G Signature 2022,2022,Trong nước,Thủ Đức - Tp.HCM,MPV,50.000 km,Số tự động,Xe cũ,Máy xăng,1 tỉ 245 triệu
13/10/2025,Toyota Vios 1.5E MT 2018,2018,Trong nước,An Lão - Hải Phòng,Sedan,100.000 km,Số sàn,Xe cũ,Máy xăng,278 triệu
13/10/2025,Mitsubishi Xpander AT Premium 2021,2021,Nhập khẩu,An Lão - Hải Phòng,MPV,50.000 km,Số tự động,Xe cũ,Máy xăng,486 triệu
13/10/2025,Hyundai Grand i10 Sedan 1.2 AT 2021,2021,Trong nước,An Lão - Hải Phòng,Sedan,40.000 km,Số tự động,Xe cũ,Máy xăng,339 triệu
06/10/2025,Mini Cooper S 2023,2023,Nhập khẩu,Long Biên - Hà Nội,,9.300 km,Số tự động,Xe cũ,Máy xăng,1 tỉ 729 triệu
23/09/2025,Mitsubishi Outlander 2.4 Premium 2017,2017,Nhập khẩu,Ba Đình - Hà Nội,SUV,36.000 km,Số tự động,Xe cũ,Máy xăng,575 triệu
06/10/2025,BMW 320i Sport Line 2023,2023,Trong nước,Long Biên - Hà Nội,,18.000 km,Số tự động,Xe cũ,Máy xăng,1 tỉ 299 triệu
13/10/2025,Mercedes-Benz GLC 300 4Matic 2022,2022,Trong nước,Quận 7 - Tp.HCM,,39.000 km,Số tự động,Xe cũ,Máy xăng,1 tỉ 699 triệu
06/10/2025,Mini Cooper S 2022,2022,Nhập khẩu,Long Biên - Hà Nội,,25.000 km,Số tự động,Xe cũ,Máy xăng,1 tỉ 599 triệu
06/10/2025,BMW X3 2024,2024,Trong nước,Long Biên - Hà Nội,,16.000 km,Số tự động,Xe cũ,Máy xăng,1 tỉ 599 triệu
06/10/2025,BMW X3 xDrive30i Msport 2024,2024,Trong nước,Long Biên - Hà Nội,,6.000 km,Số tự động,Xe cũ,Máy xăng,1 tỉ 899 triệu
06/10/2025,Porsche Cayenne 2023,2023,Nhập khẩu,Long Biên - Hà Nội,,3.000 km,Số tự động,Xe cũ,Máy xăng,6 tỉ 558 triệu
24/09/2025,Hyundai Elantra 2019,2019,Trong nước,An Lão - Hải Phòng,Sedan,80.000 km,Số sàn,Xe cũ,Máy xăng,379 triệu
06/10/2025,Audi Q7 3.0 TFSI Quattro 2016,2016,Nhập khẩu,Long Biên - Hà Nội,,86.000 km,Số tự động,Xe cũ,Máy xăng,1 tỉ 199 triệu
06/10/2025,Audi A6 45 TFSI 2022,2022,Nhập khẩu,Long Biên - Hà Nội,,21.000 km,Số tự động,Xe cũ,Máy xăng,1 tỉ 699 triệu
06/10/2025,BMW 530i M Sport 2022,2022,Trong nước,Long Biên - Hà Nội,,23.000 km,Số tự động,Xe cũ,Máy xăng,1 tỉ 999 triệu
06/10/2025,BMW X5 xDrive40i Msport 2022,2022,Trong nước,Long Biên - Hà Nội,,31.000 km,Số tự động,Xe cũ,Máy xăng,2 tỉ 880 triệu
10/10/2025,Mitsubishi Xpander 1.5 AT  2019,2019,Trong nước,Đông Anh - Hà Nội,MPV,60.000 km,Số tự động,Xe cũ,Máy xăng,435 triệu
12/10/2025,Hyundai Grand i10 Sedan 1.2 MT 2019,2019,Trong nước,Lục Ngạn - Bắc Giang,Sedan,100.000 km,Số sàn,Xe cũ,Máy xăng,230 triệu
21/09/2025,Mitsubishi Xpander AT Premium 2022,2022,Nhập khẩu,Hóc Môn - Tp.HCM,MPV,85.000 km,Số tự động,Xe cũ,Máy xăng,495 triệu
26/09/2025,Suzuki Ertiga Hybrid Ertiga AT 2022,2022,Nhập khẩu,Hóc Môn - Tp.HCM,SUV,50.000 km,Số tự động,Xe cũ,Hybrid,455 triệu
11/10/2025,Honda Civic 2.0 AT 2007,2007,Trong nước,Long Biên - Hà Nội,Sedan,168.000 km,Số tự động,Xe cũ,Máy xăng,160 triệu
11/10/2025,Volvo XC60 T6 Inscription 2019,2019,Nhập khẩu,Long Biên - Hà Nội,SUV,76.000 km,Số tự động,Xe cũ,Máy xăng,1 tỉ 250 triệu
08/10/2025,VinFast VF8 Eco 2024,2024,Trong nước,Hạ Long - Quảng Ninh,SUV,30.000 km,Số tự động,Xe cũ,Điện,770 triệu
25/09/2025,Kia Cerato 2.0 AT Premium 2016,2016,Trong nước,Đông Anh - Hà Nội,Sedan,60.000 km,Số tự động,Xe cũ,Máy xăng,360 triệu
23/09/2025,Mazda CX-5 2.5 AWD 2016,2016,Trong nước,Đông Anh - Hà Nội,SUV,80.000 km,Số tự động,Xe cũ,Máy xăng,470 triệu
10/10/2025,Ford Ranger XLS 2.2 4x2 AT 2016,2016,Trong nước,Hưng Yên - Hưng Yên,Bán tải,120.000 km,Số tự động,Xe cũ,Máy dầu,395 triệu
02/10/2025,Toyota Vios 1.5E MT 2015,2015,Trong nước,Củ Chi - Tp.HCM,Sedan,12.400 km,Số sàn,Xe cũ,Máy xăng,220 triệu
11/10/2025,Ford Everest Titanium 2.0 AT 4x2 2020,2020,Nhập khẩu,Đông Sơn - Thanh Hóa,SUV,70 km,Số tự động,Xe cũ,Máy dầu,820 triệu
29/09/2025,Kia Morning SLX 1.0 AT 2008,2008,Nhập khẩu,Khoái Châu - Hưng Yên,Hatchback,150.000 km,Số tự động,Xe cũ,Máy xăng,128 triệu
10/10/2025,Chevrolet Cruze LT 2011,2011,Nhập khẩu,Tp.HCM,Sedan,90.000 km,Số tự động,Xe cũ,Máy xăng,163 triệu
10/10/2025,VinFast VF8 Eco 2023,2023,Trong nước,Cái Răng - Cần Thơ,SUV,52.327 km,Số tự động,Xe cũ,Điện,743 triệu
10/10/2025,Toyota Innova 2013,2013,Trong nước,Hưng Yên - Hưng Yên,SUV,130.000 km,Số tự động,Xe cũ,Máy xăng,315 triệu
10/10/2025,VinFast VF8 Plus 2023,2023,Trong nước,Cái Răng - Cần Thơ,SUV,53.000 km,Số tự động,Xe cũ,Điện,780 triệu
10/10/2025,Ford Focus S 2.0AT 2018,2018,Trong nước,Thanh Xuân - Hà Nội,Sedan,110.000 km,Số tự động,Xe cũ,Máy xăng,418 triệu
10/10/2025,Kia Carnival 2.2D Signature 2023,2023,Trong nước,Tp.HCM,MPV,73.000 km,Số tự động,Xe cũ,Máy dầu,1 tỉ 200 triệu
10/10/2025,Mercedes-Benz S450L 2018,2018,Trong nước,Tp.HCM,Sedan,106.216 km,Số tự động,Xe cũ,Máy xăng,1 tỉ 999 triệu
10/10/2025,Porsche Macan 2.0 2020,2020,Nhập khẩu,Tp.HCM,SUV,56.000 km,Số tự động,Xe cũ,Máy xăng,2 tỉ 299 triệu
02/10/2025,Mazda CX-5 2.5 2WD 2017,2017,Trong nước,Cầu Giấy - Hà Nội,SUV,90.000 km,Số tự động,Xe cũ,Máy xăng,565 triệu
24/09/2025,Hyundai i20 1.4 AT 2011,2011,Nhập khẩu,Cầu Giấy - Hà Nội,Hatchback,100.000 km,Số tự động,Xe cũ,Máy xăng,214 triệu
10/10/2025,Subaru Forester 2.0i-L 2020,2020,Nhập khẩu,Đống Đa - Hà Nội,SUV,30.000 km,Số tự động,Xe cũ,Máy xăng,650 triệu
22/09/2025,Kia Forte SLI 1.6 AT 2011,2011,Trong nước,Đông Anh - Hà Nội,Sedan,100.000 km,Số tự động,Xe cũ,Máy xăng,210 triệu
10/10/2025,Chevrolet Corvette 2014,2014,Nhập khẩu,Thuận An - Bình Dương,Convertible,36.000 km,Số tự động,Xe cũ,Máy xăng,3 tỉ 700 triệu
10/10/2025,Hyundai Tucson 2015,2015,Nhập khẩu,Thuận An - Bình Dương,SUV,88.000 km,Số tự động,Xe cũ,Máy xăng,530 triệu
10/10/2025,Honda CR-V 1.5 L 2023,2023,Trong nước,Quận 7 - Tp.HCM,SUV,11.300 km,Số tự động,Xe cũ,Máy xăng,895 triệu
29/09/2025,BMW 735i M Sport 2023,2023,Nhập khẩu,Quận 1 - Tp.HCM,Sedan,12.000 km,Số tự động,Xe cũ,Máy xăng,4 tỉ 150 triệu
30/09/2025,Mitsubishi Outlander 2.0 CVT Premium 2020,2020,Nhập khẩu,Bình Xuyên - Vĩnh Phúc,SUV,70.000 km,Số tự động,Xe cũ,Máy xăng,620 triệu
09/10/2025,Mercedes-Benz GLC 250 4Matic 2016,2016,Trong nước,Cầu Giấy - Hà Nội,SUV,176.008 km,Số tự động,Xe cũ,Máy xăng,572 triệu
22/09/2025,Honda City 1.5 TOP CVT 2019,2019,Trong nước,Bắc Từ Liêm - Hà Nội,Sedan,59.000 km,Số tự động,Xe cũ,Máy xăng,380 triệu
24/09/2025,Daewoo Gentra 2010,2010,Trong nước,Tân Yên - Bắc Giang,Sedan,45 km,Số sàn,Xe cũ,Máy xăng,70 triệu
09/10/2025,Toyota Vios 1.5 G CVT 2024,2024,Trong nước,Cầu Giấy - Hà Nội,Sedan,4.400 km,Số tự động,Xe cũ,Máy xăng,499 triệu
09/10/2025,VinFast LUX A2.0 Tiêu chuẩn 2021,2021,Trong nước,Lê Chân - Hải Phòng,Sedan,53.000 km,Số tự động,Xe cũ,Máy xăng,520 triệu
09/10/2025,Ford Everest Titanium 2.0 AT 4x2 2020,2020,Nhập khẩu,Thanh Xuân - Hà Nội,SUV,120.000 km,Số tự động,Xe cũ,Máy dầu,855 triệu
09/10/2025,Mazda CX-5 2.0 Luxury 2016,2016,Trong nước,Đắk Lắk,SUV,100.000 km,Số tự động,Xe cũ,Máy xăng,458 triệu
09/10/2025,Toyota Corolla Cross 1.8 V  2025,2025,Nhập khẩu,Tân Bình - Tp.HCM,Crossover,4.135 km,Số tự động,Xe cũ,Máy xăng,810 triệu
09/10/2025,Mitsubishi Triton Athlete 4x4 AT 2021,2021,Nhập khẩu,Thanh Xuân - Hà Nội,Bán tải,90.000 km,Số tự động,Xe cũ,Máy dầu,630 triệu
09/10/2025,Mercedes-Benz GLC 200 4Matic 2021,2021,Trong nước,Long Biên - Hà Nội,SUV,52.000 km,Số tự động,Xe cũ,Máy xăng,1 tỉ 299 triệu
09/10/2025,BMW 320i M Sport 2023,2023,Nhập khẩu,Long Biên - Hà Nội,Sedan,36.000 km,Số tự động,Xe cũ,Máy xăng,1 tỉ 399 triệu
01/10/2025,Mazda 3 2.0L Sedan 2015,2015,Trong nước,Nam Từ Liêm - Hà Nội,Sedan,08 km,Số tự động,Xe cũ,Máy xăng,238 triệu
29/09/2025,Lexus RX 350 Luxury 2016,2016,Nhập khẩu,Bắc Từ Liêm - Hà Nội,SUV,50.000 km,Số tự động,Xe cũ,Máy xăng,2 tỉ 150 triệu
09/10/2025,Toyota Veloz 2024,2024,Trong nước,Biên Hòa - Đồng Nai,,1.400 km,Số tự động,Xe cũ,Máy xăng,599 triệu
09/10/2025,Kia Seltos 2020,2020,Trong nước,Tân Phú - Tp.HCM,,15.000 km,Số tự động,Xe cũ,Máy xăng,579 triệu
09/10/2025,Hyundai Creta 2024,2024,Trong nước,Tân Phú - Tp.HCM,,2.800 km,Số tự động,Xe cũ,Máy xăng,625 triệu
09/10/2025,Toyota Avanza 2023,2023,Trong nước,Plei Ku - Gia Lai,,80.000 km,Số sàn,Xe cũ,Máy xăng,450 triệu
09/10/2025,Toyota Veloz Cross 2022,2022,Trong nước,Plei Ku - Gia Lai,,40.000 km,Số tự động,Xe cũ,Máy xăng,535 triệu
09/10/2025,Hyundai Elantra 1.6 AT Đặc biệt 2023,2023,Trong nước,Quảng Ninh,Sedan,43.000 km,Số tự động,Xe cũ,Máy xăng,585 triệu
08/10/2025,BMW 328i 2014,2014,Nhập khẩu,Thái Bình,Sport Car,14 km,Số tự động,Xe cũ,Máy xăng,500 triệu
08/10/2025,Toyota Camry 2.0Q 2022,2022,Trong nước,Thủ Đức - Tp.HCM,Sedan,62.000 km,Số tự động,Xe cũ,Máy xăng,960 triệu
08/10/2025,Hyundai Santa Fe 2.2L Dầu Tiêu chuẩn 2016,2016,Trong nước,Thủ Đức - Tp.HCM,SUV,100.000 km,Số tự động,Xe cũ,Máy dầu,625 triệu
08/10/2025,Mercedes-Benz S500 2015,2015,Trong nước,Quận 7 - Tp.HCM,Sedan,99.000 km,Số tự động,Xe cũ,Máy xăng,1 tỉ 299 triệu
08/10/2025,Mercedes-Benz C300 AMG 2018,2018,Nhập khẩu,Quận 7 - Tp.HCM,Sedan,60.000 km,Số tự động,Xe cũ,Máy xăng,799 triệu
08/10/2025,Peugeot 5008 GT 2024,2024,Nhập khẩu,Gò Vấp - Tp.HCM,SUV,8.000 km,Số tự động,Xe cũ,Máy xăng,999 triệu
08/10/2025,Toyota Veloz Cross 1.5 CVT TOP 2023,2023,Trong nước,Hà Nội,SUV,140.000 km,Số tự động,Xe cũ,Máy xăng,535 triệu
08/10/2025,Mercedes-Benz C300 AMG 2015,2015,Nhập khẩu,Dĩ An - Bình Dương,Sedan,80.000 km,Số tự động,Xe cũ,Máy xăng,699 triệu
08/10/2025,Ford Everest 2.0L ST5 6AT 2WD Titanium 2021,2021,Nhập khẩu,Đức Trọng - Lâm Đồng,SUV,78.000 km,Số tự động,Xe cũ,Máy dầu,886 triệu
08/10/2025,Toyota Yaris 1.3G 2007,2007,Nhập khẩu,Đông Sơn - Thanh Hóa,Sedan,20 km,Số tự động,Xe cũ,Máy xăng,220 triệu
08/10/2025,Peugeot 5008 1.6L Turbo 2018,2018,Nhập khẩu,Thanh Xuân - Hà Nội,SUV,90.000 km,Số tự động,Xe cũ,Máy xăng,595 triệu
08/10/2025,Mazda 6 2.0 Premium 2014,2014,Trong nước,Thanh Xuân - Hà Nội,Sedan,110.000 km,Số tự động,Xe cũ,Máy xăng,375 triệu
02/10/2025,Toyota Corolla Altis 1.8 G 2010,2010,Trong nước,Hoàng Mai - Hà Nội,Sedan,170.000 km,Số tự động,Xe cũ,Máy xăng,268 triệu
03/10/2025,VinFast VF8 2024,2024,Trong nước,Vĩnh Yên - Vĩnh Phúc,,7.000 km,Số tự động,Xe cũ,Máy xăng,855 triệu
03/10/2025,VinFast VF8 2024,2024,Trong nước,Vĩnh Yên - Vĩnh Phúc,,16.000 km,Số tự động,Xe cũ,Máy xăng,840 triệu
03/10/2025,VinFast LUX A2.0 2021,2021,Trong nước,Vĩnh Yên - Vĩnh Phúc,,36.000 km,Số tự động,Xe cũ,Máy xăng,495 triệu
19/09/2025,Toyota Innova 2.0G 2006,2006,Trong nước,Đồng Nai,MPV,200.000 km,Số tự động,Xe cũ,Máy xăng,160 triệu
07/10/2025,Lexus LX 600 Urban 2025,2025,Nhập khẩu,Bắc Từ Liêm - Hà Nội,SUV,4.000 km,Số tự động,Xe cũ,Máy xăng,9 tỉ 390 triệu
07/10/2025,Kia Carnival 2.2D Premium 2021,2021,Trong nước,Đoan Hùng - Phú Thọ,MPV,60.000 km,Số tự động,Xe cũ,Máy dầu,968 triệu
07/10/2025,Ford Ranger Raptor 2023,2023,Nhập khẩu,Hòa Thành - Tây Ninh,Bán tải,49.000 km,Số tự động,Xe cũ,Máy dầu,1 tỉ 130 triệu
07/10/2025,Mitsubishi Xpander Cross 1.5 AT 2024,2024,Nhập khẩu,Bà Rịa Vũng Tàu,MPV,7.000 km,Số tự động,Xe cũ,Máy xăng,628 triệu
26/09/2025,Mercedes-Benz E300 AMG 2010,2010,Trong nước,Tân Bình - Tp.HCM,Sedan,63.000 km,Số tự động,Xe cũ,Máy xăng,400 triệu
27/09/2025,Thaco TB87S 2017,2017,Trong nước,Nha Trang - Khánh Hòa,Minibus,200.000 km,Số sàn,Xe cũ,Máy dầu,650 triệu
06/10/2025,BMW 320i Executive 2013,2013,Nhập khẩu,Tp.HCM,Sedan,88.000 km,Số tự động,Xe cũ,Máy xăng,390 triệu
06/10/2025,Toyota Fortuner 2.4 MT 4x2 2017,2017,Nhập khẩu,Tp.HCM,SUV,97.000 km,Số sàn,Xe cũ,Máy dầu,650 triệu
06/10/2025,Toyota Venza 2.7 AWD AT 2009,2009,Nhập khẩu,Tp.HCM,Crossover,98.000 km,Số tự động,Xe cũ,Máy xăng,450 triệu
06/10/2025,Land Rover Discovery Sport HSE Luxury 2015,2015,Nhập khẩu,Tp.HCM,SUV,95.000 km,Số tự động,Xe cũ,Máy xăng,850 triệu
19/09/2025,Mercedes-Benz S450L 4Matic 2021,2021,Nhập khẩu,Quận 7 - Tp.HCM,Sedan,28.000 km,Số tự động,Xe cũ,Máy xăng,3 tỉ 798 triệu
26/09/2025,BMW 430i 2023,2023,Trong nước,Quận 7 - Tp.HCM,,3.000 km,Số tự động,Xe cũ,Máy xăng,2 tỉ 778 triệu
06/10/2025,Kia Sorento 2WD 2.4 GAT 2014,2014,Trong nước,Hoàng Mai - Nghệ An,SUV,54.000 km,Số tự động,Xe cũ,Máy xăng,370 triệu
06/10/2025,Volvo S90 2025,2025,Trong nước,Quận 7 - Tp.HCM,,16.000 km,Số tự động,Xe cũ,Máy xăng,2 tỉ 038 triệu
25/09/2025,Mercedes-Benz GLC 300 4Matic Coupe 2020,2020,Trong nước,Quận 7 - Tp.HCM,,20.000 km,Số tự động,Xe cũ,Máy xăng,1 tỉ 759 triệu
06/10/2025,Toyota Innova 2.0 Venturer AT 2022,2022,Trong nước,Thuận An - Bình Dương,MPV,100.000 km,Số tự động,Xe cũ,Máy xăng,720 triệu
06/10/2025,VinFast Fadil Nâng Cao 2019,2019,Trong nước,Thuận An - Bình Dương,Hatchback,40.000 km,Số tự động,Xe cũ,Máy xăng,310 triệu
25/09/2025,Ford EcoSport Titanium 1.5L AT 2019,2019,Trong nước,Khánh Hòa,SUV,27.000 km,Số tự động,Xe cũ,Máy xăng,420 triệu
25/09/2025,Mitsubishi Xpander Cross 1.5 AT 2020,2020,Nhập khẩu,Hà Nội,MPV,180.000 km,Số tự động,Xe cũ,Máy xăng,450 triệu
05/10/2025,Hyundai Kona 2.0 AT Đặc biệt 2020,2020,Trong nước,Quận 7 - Tp.HCM,SUV,29.000 km,Số tự động,Xe cũ,Máy xăng,498 triệu
05/10/2025,Mercedes-Benz S450L 2019,2019,Trong nước,Tp.HCM,Sedan,70.000 km,Số tự động,Xe cũ,Máy xăng,2 tỉ 099 triệu
30/09/2025,Mercedes-Benz S400 3.0 V6 2015,2015,Nhập khẩu,Tây Hồ - Hà Nội,Sedan,60.000 km,Số tự động,Xe cũ,Máy xăng,1 tỉ 280 triệu
30/09/2025,BMW 320i Executive 2014,2014,Nhập khẩu,Tây Hồ - Hà Nội,Sedan,80.000 km,Số tự động,Xe cũ,Máy xăng,460 triệu
30/09/2025,Mercedes-Benz S500 2014,2014,Nhập khẩu,Tây Hồ - Hà Nội,Sedan,80.000 km,Số tự động,Xe cũ,Máy xăng,1 tỉ 160 triệu
30/09/2025,Toyota Veloz Cross 1.5 CVT TOP 2022,2022,Nhập khẩu,Nam Định - Nam Định,,50.000 km,Số tự động,Xe cũ,Máy xăng,555 triệu
05/10/2025,Kia Rondo 1.7 DAT 2015,2015,Trong nước,Khoái Châu - Hưng Yên,SUV,130.000 km,Số tự động,Xe cũ,Máy dầu,350 triệu
24/09/2025,Toyota Corolla Altis 1.8 G 2009,2009,Trong nước,Hà Nội,Sedan,93.500 km,Số tự động,Xe cũ,Máy xăng,285 triệu
04/10/2025,Hyundai Stargazer 1.5 AT Đặc biệt 2022,2022,Nhập khẩu,Tp.HCM,MPV,53.000 km,Số tự động,Xe cũ,Máy xăng,479 triệu
04/10/2025,Toyota Fortuner 2.4G 4x2 AT  2018,2018,Trong nước,Thủ Đức - Tp.HCM,SUV,100.000 km,Số sàn,Xe cũ,Máy dầu,705 triệu
04/10/2025,Toyota Fortuner 2.5G 4x2 MT 2019,2019,Trong nước,Quận 8 - Tp.HCM,Sedan,71.000 km,Số sàn,Xe cũ,Máy dầu,735 triệu
04/10/2025,Toyota Fortuner 2.4 MT 4x2 2017,2017,Trong nước,Thủ Đức - Tp.HCM,SUV,100.000 km,Số sàn,Xe cũ,Máy dầu,655 triệu
04/10/2025,Toyota Fortuner 2.7 V 4X2 AT 2015,2015,Trong nước,Thủ Đức - Tp.HCM,SUV,77.000 km,Số tự động,Xe cũ,Máy xăng,490 triệu
04/10/2025,Chevrolet Orlando 2014,2014,Nhập khẩu,Thủ Đức - Tp.HCM,,19.000 km,Số tự động,Xe cũ,Máy xăng,315 triệu
04/10/2025,Toyota Fortuner 2.8 AT 4x4 Legender 2022,2022,Nhập khẩu,Thủ Đức - Tp.HCM,,30.000 km,Số tự động,Xe cũ,Máy xăng,1 tỉ
04/10/2025,Honda CR-V 1.5 L 2021,2021,Trong nước,Thủ Đức - Tp.HCM,SUV,26.000 km,Số tự động,Xe cũ,Máy xăng,775 triệu
04/10/2025,Ford Everest 2.0L ST5 10AT 4x4 Titanium 2020,2020,Trong nước,Thủ Đức - Tp.HCM,SUV,50.000 km,Số tự động,Xe cũ,Máy dầu,850 triệu
03/10/2025,VinFast Fadil Tiêu Chuẩn 2021,2021,Trong nước,Hải An - Hải Phòng,Hatchback,70.000 km,Số tự động,Xe cũ,Máy xăng,288 triệu
03/10/2025,Hyundai Kona 2.0 AT Tiêu chuẩn 2020,2020,Trong nước,Hải An - Hải Phòng,Crossover,58.000 km,Số tự động,Xe cũ,Máy xăng,465 triệu
03/10/2025,Kia Cerato 1.6 AT Luxury 2020,2020,Trong nước,Hải An - Hải Phòng,Sedan,70.000 km,Số tự động,Xe cũ,Máy xăng,475 triệu
03/10/2025,Hyundai Kona 1.6 Turbo 2018,2018,Trong nước,Hải An - Hải Phòng,Crossover,70.000 km,Số tự động,Xe cũ,Máy xăng,454 triệu
04/10/2025,Toyota Yaris 1.5G 2019,2019,Nhập khẩu,Cầu Giấy - Hà Nội,Hatchback,49.000 km,Số tự động,Xe cũ,Máy xăng,459 triệu
27/09/2025,Kia Morning SLX 1.0 AT 2008,2008,Nhập khẩu,Khoái Châu - Hưng Yên,Hatchback,150.000 km,Số tự động,Xe cũ,Máy xăng,128 triệu
04/10/2025,Suzuki XL7 1.5L 2022,2022,Nhập khẩu,Gò Vấp - Tp.HCM,SUV,96.000 km,Số tự động,Xe cũ,Máy xăng,430 triệu
03/10/2025,Mitsubishi Pajero Sport D 4x2 MT 2016,2016,Nhập khẩu,Bình Tân - Tp.HCM,,120.000 km,Số sàn,Xe cũ,Máy dầu,350 triệu
23/09/2025,Mitsubishi Xpander 1.5 MT 2019,2019,Nhập khẩu,Di Linh - Lâm Đồng,MPV,78.000 km,Số sàn,Xe cũ,Máy xăng,340 triệu
03/10/2025,Mitsubishi Xpander 1.5 AT  2020,2020,Trong nước,Hà Nội,MPV,10.000 km,Số tự động,Xe cũ,Máy xăng,450 triệu
03/10/2025,Nissan Terra 2.5L V 4WD AT 2020,2020,Nhập khẩu,Tân Phú - Tp.HCM,SUV,29.000 km,Số tự động,Xe cũ,Máy xăng,787 triệu
03/10/2025,Kia Sonet 1.5 Luxury 2023,2023,Trong nước,Tân Phú - Tp.HCM,Crossover,21.000 km,Số tự động,Xe cũ,Máy xăng,517 triệu
03/10/2025,Hyundai Elantra 1.6 AT Đặc biệt 2023,2023,Trong nước,Tân Phú - Tp.HCM,Sedan,38.000 km,Số tự động,Xe cũ,Máy xăng,585 triệu
03/10/2025,VinFast VF8 Eco 2023,2023,Trong nước,Thuận An - Bình Dương,SUV,42.000 km,Số tự động,Xe cũ,Điện,790 triệu
25/09/2025,Mazda 3 2022,2022,Trong nước,Tân Phú - Tp.HCM,,34.000 km,Số tự động,Xe cũ,Máy xăng,567 triệu
22/09/2025,Ford Ranger XLS 2.0L 4x2 AT 2023,2023,Trong nước,Tân Phú - Tp.HCM,Bán tải,36.000 km,Số tự động,Xe cũ,Máy xăng,630 triệu
25/09/2025,VinFast VF8 Eco 2022,2022,Trong nước,Tân Phú - Tp.HCM,,35.000 km,Số tự động,Xe cũ,Máy xăng,690 triệu
03/10/2025,VinFast LUX SA2.0 Nâng cao 2021,2021,Trong nước,Thuận An - Bình Dương,SUV,50.000 km,Số tự động,Xe cũ,Máy xăng,730 triệu
03/10/2025,Ferrari 488 GTB 2015,2015,Nhập khẩu,Thuận An - Bình Dương,Sport Car,46.000 km,Số tự động,Xe cũ,Máy xăng,13 tỉ
22/09/2025,Toyota Corolla Cross 1.8 G 2022,2022,Nhập khẩu,Thủ Đức - Tp.HCM,Crossover,29.500 km,Số tự động,Xe cũ,Máy xăng,660 triệu
02/10/2025,Toyota Innova 2.0E 2024,2024,Trong nước,Cái Răng - Cần Thơ,MPV,26.000 km,Số sàn,Xe cũ,Máy xăng,699 triệu
22/09/2025,Ford Everest 2.5 AT 2011,2011,Trong nước,Tây Hồ - Hà Nội,SUV,150.000 km,Số tự động,Xe cũ,Máy dầu,265 triệu
02/10/2025,Nissan Terra 2.5L E 2WD AT 2019,2019,Nhập khẩu,Thanh Xuân - Hà Nội,SUV,80.000 km,Số tự động,Xe cũ,Máy xăng,605 triệu
24/09/2025,Porsche Macan 2.0 2022,2022,Nhập khẩu,Long Biên - Hà Nội,SUV,10.000 km,Số tự động,Xe cũ,Máy xăng,3 tỉ 399 triệu
24/09/2025,Mercedes-Benz C300 Coupe 2016,2016,Nhập khẩu,Quận 7 - Tp.HCM,Sedan,20.000 km,Số tự động,Xe cũ,Máy xăng,1 tỉ 299 triệu
24/09/2025,Mercedes-Benz E200 Exclusive 2022,2022,Nhập khẩu,Long Biên - Hà Nội,Sedan,28.000 km,Số tự động,Xe cũ,Máy xăng,1 tỉ 699 triệu
24/09/2025,Porsche Macan 2.0 2015,2015,Nhập khẩu,Long Biên - Hà Nội,Crossover,80.000 km,Số tự động,Xe cũ,Máy xăng,1 tỉ 388 triệu
24/09/2025,Mercedes-Benz C300 AMG 2022,2022,Nhập khẩu,Long Biên - Hà Nội,Sedan,19.000 km,Số tự động,Xe cũ,Máy xăng,1 tỉ 699 triệu
24/09/2025,Lexus RX 350 Luxury 2019,2019,Nhập khẩu,Long Biên - Hà Nội,SUV,47.000 km,Số tự động,Xe cũ,Máy xăng,2 tỉ 899 triệu
02/10/2025,Kia Morning Si 1.25 AT 2016,2016,Trong nước,Bảo Lộc - Lâm Đồng,Hatchback,85.000 km,Số tự động,Xe cũ,Máy xăng,268 triệu
02/10/2025,Kia K200 2020,2020,Trong nước,Bảo Lộc - Lâm Đồng,Xe tải,110.000 km,Số sàn,Xe cũ,Máy dầu,325 triệu
21/09/2025,Toyota Camry 2.5G 2015,2015,Trong nước,Dĩ An - Bình Dương,Sedan,70.000 km,Số tự động,Xe cũ,Máy xăng,490 triệu
01/10/2025,Toyota Raize 2023,2023,Nhập khẩu,Bình Thạnh - Tp.HCM,Crossover,10.000 km,Số tự động,Xe cũ,Máy xăng,475 triệu
01/10/2025,Toyota Camry 2.5Q 2019,2019,Nhập khẩu,Bình Thạnh - Tp.HCM,Sedan,90.000 km,Số tự động,Xe cũ,Máy xăng,805 triệu
01/10/2025,Toyota Corolla Altis 1.8 G 2019,2019,Trong nước,Bình Thạnh - Tp.HCM,Sedan,68.000 km,Số tự động,Xe cũ,Máy xăng,485 triệu
01/10/2025,Toyota Fortuner 2.7 V 4X2 AT 2019,2019,Trong nước,Bình Thạnh - Tp.HCM,SUV,76.000 km,Số tự động,Xe cũ,Máy xăng,713 triệu
01/10/2025,Toyota Fortuner 2.7 V 4X2 AT 2017,2017,Trong nước,Bình Thạnh - Tp.HCM,SUV,77.000 km,Số tự động,Xe cũ,Máy xăng,645 triệu
01/10/2025,Toyota Fortuner 2.4G 4x2 AT  2020,2020,Trong nước,Bình Thạnh - Tp.HCM,SUV,81.000 km,Số tự động,Xe cũ,Máy dầu,810 triệu
21/09/2025,Mitsubishi Xpander 1.5 AT  2021,2021,Trong nước,Gò Vấp - Tp.HCM,MPV,175.000 km,Số tự động,Xe cũ,Máy xăng,500 triệu
01/10/2025,Toyota Vios 1.5 G CVT 2022,2022,Trong nước,Bình Thạnh - Tp.HCM,Sedan,28.000 km,Số tự động,Xe cũ,Máy xăng,420 triệu
01/10/2025,Toyota Corolla Cross 1.8 G 2022,2022,Nhập khẩu,Bình Thạnh - Tp.HCM,SUV,14.000 km,Số tự động,Xe cũ,Máy xăng,625 triệu
21/09/2025,VinFast VF 3 2024,2024,Trong nước,Hồng Bàng - Hải Phòng,Hatchback,5.300 km,Số tự động,Xe cũ,Điện,230 triệu
24/09/2025,Mercedes-Benz AMG G63 4.0 v8 2021,2021,Nhập khẩu,Long Biên - Hà Nội,SUV,20.000 km,Số tự động,Xe cũ,Máy xăng,9 tỉ 600 triệu
26/09/2025,Toyota Camry 2.0G 2020,2020,Trong nước,Cầu Giấy - Hà Nội,Sedan,60.000 km,Số tự động,Xe cũ,Máy xăng,769 triệu
01/10/2025,Ford Ranger XLS 2.0L 4x2 AT 2021,2021,Trong nước,Cầu Giấy - Hà Nội,Bán tải,100.000 km,Số tự động,Xe cũ,Máy dầu,559 triệu
01/10/2025,Toyota Fortuner 2.5G 4x2 MT 2010,2010,Trong nước,Cầu Giấy - Hà Nội,SUV,180.000 km,Số sàn,Xe cũ,Máy dầu,368 triệu
01/10/2025,Toyota Fortuner 2.7V 2015,2015,Nhập khẩu,Cầu Giấy - Hà Nội,SUV,90.000 km,Số tự động,Xe cũ,Máy xăng,477 triệu
24/09/2025,Land Rover Range Rover Autobiography LWB 3.0 2022,2022,Nhập khẩu,Long Biên - Hà Nội,SUV,25.000 km,Số tự động,Xe cũ,Máy xăng,9 tỉ 850 triệu
24/09/2025,Lexus RX 350 Luxury 2023,2023,Nhập khẩu,Long Biên - Hà Nội,SUV,6.500 km,Số tự động,Xe cũ,Máy xăng,4 tỉ 299 triệu
01/10/2025,Toyota Vios 2017,2017,Trong nước,Nam Định - Nam Định,Sedan,150.000 km,Số tự động,Xe cũ,Máy xăng,339 triệu
01/10/2025,Toyota Innova 2.0E 2019,2019,Trong nước,Nam Định - Nam Định,MPV,80.000 km,Số tự động,Xe cũ,Máy xăng,439 triệu
24/09/2025,Mercedes-Benz C300 AMG 2022,2022,Nhập khẩu,Long Biên - Hà Nội,Sedan,26.000 km,Số tự động,Xe cũ,Máy xăng,1 tỉ 699 triệu
01/10/2025,Ford Everest Titanium 2.0 AT 4x2 2025,2025,Nhập khẩu,Bắc Từ Liêm - Hà Nội,Sedan,3.000 km,Số tự động,Xe cũ,Máy dầu,1 tỉ 285 triệu
01/10/2025,Ford Everest Titanium 2.0 AT 4x2 2025,2025,Nhập khẩu,Bắc Từ Liêm - Hà Nội,SUV,900 km,Số tự động,Xe cũ,Máy xăng,1 tỉ 295 triệu
23/09/2025,Mercedes-Benz C300 AMG 2019,2019,Nhập khẩu,Quận 7 - Tp.HCM,Sedan,20.000 km,Số tự động,Xe cũ,Máy xăng,1 tỉ 059 triệu
20/09/2025,Kia Carens SX 2.0 AT 2010,2010,Trong nước,Cầu Giấy - Hà Nội,MPV,210.000 km,Số tự động,Xe cũ,Máy xăng,195 triệu
20/09/2025,BMW 318i 2001,2001,Trong nước,Quận 9 - Tp.HCM,Sedan,145.000 km,Số tự động,Xe cũ,Máy xăng,120 triệu
20/09/2025,Mazda 2 Sedan 1.5L Luxury 2020,2020,Trong nước,Bình Thạnh - Tp.HCM,Sedan,50.000 km,Số tự động,Xe cũ,Máy xăng,355 triệu
30/09/2025,Mercedes-Benz GLC 200 4Matic 2018,2018,Nhập khẩu,Đống Đa - Hà Nội,SUV,110.000 km,Số tự động,Xe cũ,Máy xăng,850 triệu
30/09/2025,Mercedes-Benz GLC 250 4Matic 2017,2017,Nhập khẩu,Tây Hồ - Hà Nội,SUV,50.000 km,Số tự động,Xe cũ,Máy xăng,700 triệu
27/09/2025,Toyota Camry 2.5Q 2020,2020,Nhập khẩu,Hà Đông - Hà Nội,Sedan,10.568 km,Số tự động,Xe cũ,Máy xăng,870 triệu
21/09/2025,Toyota Land Cruiser Prado TX-L 2015,2015,Nhập khẩu,Hoàng Mai - Hà Nội,SUV,970.000 km,Số tự động,Xe cũ,Máy xăng,990 triệu
28/09/2025,Toyota Vios 1.5 E CVT 2022,2022,Trong nước,Hoàng Mai - Hà Nội,Sedan,50.000 km,Số tự động,Xe cũ,Máy xăng,379 triệu
24/09/2025,Toyota Raize 2022,2022,Nhập khẩu,Hoàng Mai - Hà Nội,Crossover,44.000 km,Số tự động,Xe cũ,Máy xăng,458 triệu
30/09/2025,Honda CR-V 2.0 2016,2016,Trong nước,Đông Anh - Hà Nội,SUV,90.000 km,Số tự động,Xe cũ,Máy xăng,495 triệu
26/09/2025,Ford Ranger XLS 2.2 4x2 AT 2020,2020,Trong nước,Hoàng Mai - Hà Nội,Bán tải,55.000 km,Số tự động,Xe cũ,Máy dầu,529 triệu
19/09/2025,Toyota Innova 2.0E 2019,2019,Trong nước,Tp.HCM,MPV,81.000 km,Số sàn,Xe cũ,Máy xăng,460 triệu
19/09/2025,Ford Ranger Wildtrak 3.2 4x4 AT 2015,2015,Nhập khẩu,Nam Từ Liêm - Hà Nội,Bán tải,180.000 km,Số tự động,Xe cũ,Máy dầu,530 triệu
20/09/2025,Toyota Vios 1.5E MT 2013,2013,Trong nước,An Lão - Hải Phòng,Sedan,150.000 km,Số sàn,Xe cũ,Máy xăng,175 triệu
20/09/2025,Hyundai Accent 1.4 AT 2018,2018,Trong nước,An Lão - Hải Phòng,Sedan,94.548 km,Số tự động,Xe cũ,Máy xăng,379 triệu
24/09/2025,Mazda 3 1.5L Sedan 2015,2015,Trong nước,An Lão - Hải Phòng,Sedan,102.000 km,Số tự động,Xe cũ,Máy xăng,358 triệu
20/09/2025,Kia K3 1.6AT 2013,2013,Trong nước,An Lão - Hải Phòng,Sedan,110.275 km,Số tự động,Xe cũ,Máy xăng,298 triệu
25/09/2025,Hyundai Grand i10 Sedan 1.2 AT 2019,2019,Trong nước,Tây Hồ - Hà Nội,Sedan,65.000 km,Số tự động,Xe cũ,Máy xăng,309 triệu
26/09/2025,Kia Cerato 1.6 AT Luxury 2018,2018,Trong nước,Bắc Từ Liêm - Hà Nội,Sedan,72.000 km,Số tự động,Xe cũ,Máy xăng,438 triệu
26/09/2025,Ford Everest Titanium 2.0 AT 4x2 2022,2022,Trong nước,Bắc Từ Liêm - Hà Nội,SUV,32.000 km,Số tự động,Xe cũ,Máy dầu,1 tỉ 129 triệu
26/09/2025,Mazda 3 Sedan 1.5L Luxury 2022,2022,Trong nước,Bắc Từ Liêm - Hà Nội,Sedan,16.000 km,Số tự động,Xe cũ,Máy xăng,555 triệu
26/09/2025,Hyundai Santa Fe 2.4L Xăng Cao cấp 2021,2021,Trong nước,Bắc Từ Liêm - Hà Nội,SUV,36.000 km,Số tự động,Xe cũ,Máy xăng,995 triệu
26/09/2025,Mazda CX-5 2.0 AWD 2018,2018,Trong nước,Bắc Từ Liêm - Hà Nội,SUV,52.000 km,Số tự động,Xe cũ,Máy xăng,596 triệu
25/09/2025,Honda City 1.5 CVT 2017,2017,Trong nước,Tây Hồ - Hà Nội,Sedan,80.000 km,Số tự động,Xe cũ,Máy xăng,335 triệu
25/09/2025,Mazda CX-5 2.5 2WD 2017,2017,Trong nước,Tây Hồ - Hà Nội,SUV,80.000 km,Số tự động,Xe cũ,Máy xăng,515 triệu
25/09/2025,Toyota Camry 2.0Q 2022,2022,Trong nước,Tây Hồ - Hà Nội,Sedan,28.000 km,Số tự động,Xe cũ,Máy xăng,1 tỉ 029 triệu
26/09/2025,Kia Seltos 1.4 Premium 2021,2021,Trong nước,Bắc Từ Liêm - Hà Nội,SUV,58.000 km,Số tự động,Xe cũ,Máy xăng,585 triệu
25/09/2025,Mitsubishi Outlander 2.0 CVT 2022,2022,Nhập khẩu,Tây Hồ - Hà Nội,SUV,13.000 km,Số tự động,Xe cũ,Máy xăng,699 triệu
24/09/2025,Mitsubishi Xpander 2025,2025,Trong nước,Cầu Giấy - Hà Nội,MPV,10.000 km,Số tự động,Xe cũ,Máy xăng,529 triệu
24/09/2025,Mitsubishi Xpander 1.5 MT 2021,2021,Trong nước,Cầu Giấy - Hà Nội,MPV,27.000 km,Số sàn,Xe cũ,Máy xăng,429 triệu
24/09/2025,Nissan X trail 2.0 SL 2WD Premium 2017,2017,Trong nước,Cầu Giấy - Hà Nội,SUV,100.000 km,Số tự động,Xe cũ,Máy xăng,489 triệu
24/09/2025,Toyota Corolla Cross 1.8 V  2024,2024,Trong nước,Cầu Giấy - Hà Nội,SUV,8.000 km,Số tự động,Xe cũ,Máy xăng,789 triệu
24/09/2025,Hyundai Santa Fe Calligraphy 2.5 7 chỗ 2024,2024,Trong nước,Cầu Giấy - Hà Nội,SUV,17.000 km,Số tự động,Xe cũ,Máy xăng,1 tỉ 245 triệu
25/09/2025,Kia Cerato 1.6 AT Luxury 2020,2020,Trong nước,Tây Hồ - Hà Nội,Sedan,50.000 km,Số tự động,Xe cũ,Máy xăng,469 triệu
29/09/2025,Hyundai Accent 1.4 AT Đặc biệt 2021,2021,Trong nước,Hóc Môn - Tp.HCM,Sedan,49.000 km,Số tự động,Xe cũ,Máy xăng,419 triệu
20/09/2025,Hyundai Grand i10 Sedan 1.2 AT 2017,2017,Trong nước,An Lão - Hải Phòng,Sedan,60.243 km,Số tự động,Xe cũ,Máy xăng,295 triệu
20/09/2025,Kia Cerato 1.6 AT Deluxe 2016,2016,Trong nước,An Lão - Hải Phòng,Sedan,130.000 km,Số tự động,Xe cũ,Máy xăng,368 triệu
20/09/2025,Hyundai Grand i10 1.0 AT 2015,2015,Nhập khẩu,An Lão - Hải Phòng,Hatchback,120.840 km,Số tự động,Xe cũ,Máy xăng,238 triệu
19/09/2025,Suzuki Blind Van Suzuki Blind Van 2022,2022,Trong nước,Quận 12 - Tp.HCM,Bán tải,52.000 km,Số sàn,Xe cũ,Máy xăng,213 triệu
28/09/2025,Toyota Vios 1.5 G CVT 2019,2019,Trong nước,Đông Sơn - Thanh Hóa,Sedan,60 km,Số tự động,Xe cũ,Máy xăng,370 triệu
23/09/2025,Lexus GX 550 2025,2025,Nhập khẩu,Cầu Giấy - Hà Nội,SUV,4.000 km,Số tự động,Xe cũ,Máy xăng,6 tỉ 390 triệu
24/09/2025,Mazda 3 1.5L Sedan 2019,2019,Trong nước,Hà Nội,Sedan,70.000 km,Số tự động,Xe cũ,Máy xăng,430 triệu
24/09/2025,MG ZS 1.5 2WD STD+ 2022,2022,Nhập khẩu,Hà Nội,SUV,35.000 km,Số tự động,Xe cũ,Máy xăng,405 triệu
24/09/2025,Hyundai Grand i10 Hatchback 1.2 AT 2020,2020,Trong nước,Hà Nội,Hatchback,80.000 km,Số tự động,Xe cũ,Máy xăng,289 triệu
27/09/2025,Kia K3 2.0 Premium 2022,2022,Trong nước,Tân Uyên - Bình Dương,Sedan,64.000 km,Số tự động,Xe cũ,Máy xăng,545 triệu
27/09/2025,Kia Sportage 2.0D Signature 2022,2022,Trong nước,Tây Hồ - Hà Nội,SUV,233.000 km,Số tự động,Xe cũ,Máy dầu,830 triệu
27/09/2025,MG ZS 1.5 2WD Comfort 2020,2020,Nhập khẩu,Hạ Long - Quảng Ninh,SUV,69.000 km,Số tự động,Xe cũ,Máy xăng,325 triệu
27/09/2025,Ford Territory 1.5L Titanium 2022,2022,Trong nước,Bắc Từ Liêm - Hà Nội,SUV,46.000 km,Số tự động,Xe cũ,Máy xăng,729 triệu
27/09/2025,Mitsubishi Triton 4×2 AT MIVEC 2020,2020,Nhập khẩu,Bắc Từ Liêm - Hà Nội,Bán tải,73.000 km,Số tự động,Xe cũ,Máy dầu,495 triệu
26/09/2025,Hyundai Grand i10 Sedan 1.2 AT 2019,2019,Trong nước,Quận 6 - Tp.HCM,Hatchback,70.000 km,Số tự động,Xe cũ,Máy xăng,305 triệu
20/09/2025,Nissan X trail 2.5 SV 4WD 2019,2019,Trong nước,Thanh Xuân - Hà Nội,SUV,8.000 km,Số tự động,Xe cũ,Máy xăng,605 triệu
21/09/2025,Mazda CX-5 2.0 Luxury 2012,2012,Nhập khẩu,Thanh Xuân - Hà Nội,SUV,8.000 km,Số tự động,Xe cũ,Máy xăng,399 triệu
21/09/2025,Toyota Fortuner 2.7 V 4X2 AT 2019,2019,Nhập khẩu,Thanh Xuân - Hà Nội,MPV,8.000 km,Số tự động,Xe cũ,Máy xăng,750 triệu
24/09/2025,Toyota Vios Limo 2010,2010,Trong nước,Tân Yên - Bắc Giang,Sedan,40 km,Số sàn,Xe cũ,Máy xăng,116 triệu
26/09/2025,Daewoo Matiz SE 2004,2004,Trong nước,Hoàng Mai - Hà Nội,Hatchback,11.000 km,Số sàn,Xe cũ,Máy xăng,58 triệu
25/09/2025,Ford Ranger XLS 2.0L 4x2 AT 2020,2020,Trong nước,Cầu Giấy - Hà Nội,Bán tải,100.000 km,Số tự động,Xe cũ,Máy dầu,495 triệu
25/09/2025,Hyundai Santa Fe 2.2L Dầu Tiêu chuẩn 2021,2021,Trong nước,Cầu Giấy - Hà Nội,SUV,75.000 km,Số tự động,Xe cũ,Máy dầu,830 triệu
25/09/2025,Toyota Camry 2.5G 2009,2009,Nhập khẩu,Cầu Giấy - Hà Nội,Sedan,156.000 km,Số tự động,Xe cũ,Máy xăng,420 triệu
25/09/2025,Ford Everest Titanium 2.0L AT 4WD 2021,2021,Nhập khẩu,Cầu Giấy - Hà Nội,SUV,70.000 km,Số tự động,Xe cũ,Máy dầu,920 triệu
25/09/2025,Lexus GX 460 2015,2015,Nhập khẩu,Cầu Giấy - Hà Nội,SUV,150.000 km,Số tự động,Xe cũ,Máy xăng,2 tỉ 150 triệu
25/09/2025,Lexus RX 350 2009,2009,Nhập khẩu,Cầu Giấy - Hà Nội,SUV,77.000 km,Số tự động,Xe cũ,Máy xăng,710 triệu
25/09/2025,Hyundai Accent 1.5 AT cao cấp 2024,2024,Trong nước,Cầu Giấy - Hà Nội,Sedan,14.000 km,Số tự động,Xe cũ,Máy xăng,525 triệu
26/09/2025,Mitsubishi Outlander 2.0 CVT Premium 2022,2022,Nhập khẩu,Quận 6 - Tp.HCM,SUV,12.000 km,Số tự động,Xe cũ,Máy xăng,775 triệu
22/09/2025,Kia Morning Luxury 2020,2020,Trong nước,Quốc Oai - Hà Nội,Hatchback,60.000 km,Số tự động,Xe cũ,Máy xăng,298 triệu
22/09/2025,Toyota Vios 2024,2024,Trong nước,Quốc Oai - Hà Nội,Sedan,22.000 km,Số tự động,Xe cũ,Máy xăng,435 triệu
25/09/2025,Hyundai Kona 1.6 Turbo 2018,2018,Trong nước,Nam Từ Liêm - Hà Nội,Crossover,90.000 km,Số tự động,Xe cũ,Máy xăng,450 triệu
25/09/2025,Lexus LX 600 Urban 2023,2023,Nhập khẩu,Bắc Từ Liêm - Hà Nội,SUV,20.000 km,Số tự động,Xe cũ,Máy xăng,8 tỉ 550 triệu
25/09/2025,Lexus LX 570 2020,2020,Nhập khẩu,Bắc Từ Liêm - Hà Nội,SUV,40.000 km,Số tự động,Xe cũ,Máy xăng,7 tỉ 150 triệu
25/09/2025,Lexus LX 600 Urban 2023,2023,Nhập khẩu,Bắc Từ Liêm - Hà Nội,SUV,12.000 km,Số tự động,Xe cũ,Máy xăng,8 tỉ 650 triệu
25/09/2025,Lexus LX 600 VIP 2024,2024,Nhập khẩu,Bắc Từ Liêm - Hà Nội,SUV,5.800 km,Số tự động,Xe cũ,Máy xăng,9 tỉ 650 triệu
25/09/2025,Lexus LX 600 Urban 2023,2023,Nhập khẩu,Bắc Từ Liêm - Hà Nội,SUV,16.000 km,Số tự động,Xe cũ,Máy xăng,8 tỉ 650 triệu
25/09/2025,Lexus LX 570 MBS 2021,2021,Nhập khẩu,Bắc Từ Liêm - Hà Nội,SUV,28.000 km,Số tự động,Xe cũ,Máy xăng,8 tỉ 150 triệu
25/09/2025,Porsche 911 Carrera 2021,2021,Nhập khẩu,Bắc Từ Liêm - Hà Nội,Coupe,5.000 km,Số tự động,Xe cũ,Máy xăng,6 tỉ 500 triệu
25/09/2025,Toyota Land Cruiser V6 3.5L TURBO 2022,2022,Trong nước,Bắc Từ Liêm - Hà Nội,SUV,24.000 km,Số tự động,Xe cũ,Máy xăng,4 tỉ 800 triệu
25/09/2025,Ford EcoSport Titanium 1.5L AT 2017,2017,Nhập khẩu,Thuận An - Bình Dương,,80.000 km,Số tự động,Xe cũ,Máy xăng,365 triệu
25/09/2025,Ford Fiesta 1.5AT Titanium 2016,2016,Trong nước,Thuận An - Bình Dương,Sedan,110.000 km,Số tự động,Xe cũ,Máy xăng,290 triệu
25/09/2025,Honda HR-V L 2018,2018,Nhập khẩu,Thuận An - Bình Dương,SUV,78.797 km,Số tự động,Xe cũ,Máy xăng,520 triệu
25/09/2025,VinFast LUX SA2.0 Cao cấp 2021,2021,Trong nước,Thuận An - Bình Dương,SUV,92.000 km,Số tự động,Xe cũ,Máy xăng,700 triệu
22/09/2025,Toyota Fortuner 2019,2019,Trong nước,Plei Ku - Gia Lai,,90.000 km,Số tự động,Xe cũ,Máy dầu,780 triệu
22/09/2025,Hyundai Avante 1.6 MT 2014,2014,Trong nước,Plei Ku - Gia Lai,Sedan,120.000 km,Số sàn,Xe cũ,Máy xăng,220 triệu
22/09/2025,Mitsubishi Xpander 1.5 MT 2020,2020,Trong nước,Plei Ku - Gia Lai,MPV,80.000 km,Số sàn,Xe cũ,Máy xăng,400 triệu
24/09/2025,Hyundai Accent 1.4 AT 2023,2023,Trong nước,Thanh Xuân - Hà Nội,Sedan,35.000 km,Số tự động,Xe cũ,Máy xăng,475 triệu
24/09/2025,Honda CR-V 1.5 L 2022,2022,Trong nước,Quận 6 - Tp.HCM,SUV,70.000 km,Số tự động,Xe cũ,Máy xăng,865 triệu
24/09/2025,Mercedes-Benz C200 2.0 AT 2015,2015,Trong nước,Từ Sơn - Bắc Ninh,Sedan,56.000 km,Số tự động,Xe cũ,Máy xăng,559 triệu
24/09/2025,Hyundai Grand i10 Hatchback 1.2 AT 2018,2018,Trong nước,Từ Sơn - Bắc Ninh,Hatchback,65.000 km,Số tự động,Xe cũ,Máy xăng,289 triệu
24/09/2025,Ford Ranger XL 2.5 4x4 MT 2014,2014,Trong nước,Từ Sơn - Bắc Ninh,Bán tải,130.000 km,Số sàn,Xe cũ,Máy dầu,279 triệu
24/09/2025,Mercedes-Benz C200 2.0 AT 2015,2015,Nhập khẩu,Từ Sơn - Bắc Ninh,Sedan,50.000 km,Số tự động,Xe cũ,Máy xăng,559 triệu
23/09/2025,Volvo S60 Inscription 2021,2021,Nhập khẩu,Cầu Giấy - Hà Nội,Sedan,75.000 km,Số tự động,Xe cũ,Máy xăng,1 tỉ 100 triệu
23/09/2025,Ford EcoSport Ambiente 1.5L AT 2017,2017,Trong nước,Hải An - Hải Phòng,SUV,100.000 km,Số tự động,Xe cũ,Máy xăng,310 triệu
23/09/2025,Ford Ranger Wildtrak 2.0L 4x4 AT 2023,2023,Trong nước,Quận 7 - Tp.HCM,Bán tải,33.000 km,Số tự động,Xe cũ,Máy dầu,855 triệu
22/09/2025,Mercedes-Benz E200 Exclusive V1 2022,2022,Trong nước,Cầu Giấy - Hà Nội,Sedan,30.000 km,Số tự động,Xe cũ,Máy xăng,1 tỉ 699 triệu
22/09/2025,Toyota Fortuner 2.7V 2015,2015,Trong nước,Cầu Giấy - Hà Nội,SUV,140.000 km,Số tự động,Xe cũ,Máy xăng,419 triệu
22/09/2025,Ford Tourneo Titanium 2019,2019,Nhập khẩu,Cầu Giấy - Hà Nội,MPV,90.000 km,Số tự động,Xe cũ,Máy xăng,595 triệu
21/09/2025,Suzuki XL7 1.5L 2022,2022,Nhập khẩu,Thủ Đức - Tp.HCM,SUV,95.000 km,Số tự động,Xe cũ,Máy xăng,460 triệu
21/09/2025,Toyota Corolla 1.6 XLi 2009,2009,Nhập khẩu,Hoàng Mai - Hà Nội,Sedan,120.000 km,Số tự động,Xe cũ,Máy xăng,255 triệu
21/09/2025,Hyundai Accent 1.4 AT 2018,2018,Trong nước,Đông Sơn - Thanh Hóa,Sedan,80 km,Số tự động,Xe cũ,Máy xăng,345 triệu
21/09/2025,Toyota Raize 2022,2022,Nhập khẩu,Đông Sơn - Thanh Hóa,Crossover,40.000 km,Số tự động,Xe cũ,Máy xăng,445 triệu
20/09/2025,Mercedes-Benz GLC 200 4Matic 2023,2023,Trong nước,Long Biên - Hà Nội,SUV,9.000 km,Số tự động,Xe cũ,Máy xăng,1 tỉ 920 triệu
20/09/2025,Mazda 3 1.5L Sedan 2015,2015,Trong nước,Cầu Giấy - Hà Nội,Sedan,88.000 km,Số tự động,Xe cũ,Máy xăng,345 triệu
20/09/2025,Nissan Navara EL 2023,2023,Nhập khẩu,Tân Phú - Tp.HCM,Bán tải,52.000 km,Số tự động,Xe cũ,Máy dầu,585 triệu
20/09/2025,Nissan Almera CVT 2023,2023,Nhập khẩu,Tân Phú - Tp.HCM,Sedan,69.000 km,Số tự động,Xe cũ,Máy xăng,400 triệu
19/09/2025,Ford Everest 2.5 AT 2009,2009,Trong nước,Thủ Đức - Tp.HCM,SUV,170.000 km,Số tự động,Xe cũ,Máy dầu,250 triệu
03/10/2025,VinFast VF8 2024,2024,Trong nước,Vĩnh Yên - Vĩnh Phúc,SUV,8.000 km,Số tự động,Xe cũ,Điện,840 triệu
18/10/2025,Mazda 6 2.0 AT 2016,2016,Trong nước,Dĩ An - Bình Dương,Sedan,110.000 km,Số tự động,Xe cũ,Máy xăng,399 triệu
14/10/2025,Toyota Hiace 2007,2007,Trong nước,Tp.HCM,Van/Minivan,100.000 km,Số sàn,Xe cũ,Máy xăng,125 triệu
10/10/2025,Toyota Innova 2.0E 2017,2017,Nhập khẩu,Tp.HCM,MPV,120.143 km,Số sàn,Xe cũ,Máy xăng,400 triệu
10/10/2025,Mazda 3 2022,2022,Nhập khẩu,Lâm Đồng,Sedan,7.900 km,Số tự động,Xe cũ,Máy xăng,550 triệu
15/10/2025,Isuzu D-Max LS 3.0 4x2 MT 2013,2013,Nhập khẩu,Thanh Hóa,Bán tải,80.000 km,Số sàn,Xe cũ,Máy dầu,320 triệu
12/10/2025,Ford Escape XLS 2.3 AT 4x2 2010,2010,Nhập khẩu,Hóc Môn - Tp.HCM,SUV,138.000 km,Số tự động,Xe cũ,Máy xăng,240 triệu
27/09/2025,Toyota Hilux 2.4G 4x2 AT 2021,2021,Nhập khẩu,Plei Ku - Gia Lai,Bán tải,72.000 km,Số tự động,Xe cũ,Máy dầu,620 triệu
27/09/2025,Nissan Navara XE 2.5 AT 2013,2013,Nhập khẩu,Plei Ku - Gia Lai,Bán tải,138.268 km,Số tự động,Xe cũ,Máy dầu,305 triệu
08/10/2025,Toyota Hiace 2007,2007,Nhập khẩu,Tp.HCM,Van/Minivan,200.000 km,Số sàn,Xe cũ,Máy dầu,143 triệu
07/10/2025,Toyota Hilux 3.0G 4x4 MT 2011,2011,Nhập khẩu,Plei Ku - Gia Lai,Bán tải,138.268 km,Số sàn,Xe cũ,Máy dầu,375 triệu
12/10/2025,Suzuki Super Carry Van Blind Van 2016,2016,Nhập khẩu,Tp.HCM,Van/Minivan,60.000 km,Số tự động,Xe cũ,Máy xăng,151 triệu
08/10/2025,Subaru Forester 2.0i-L 2020,2020,Nhập khẩu,Đống Đa - Hà Nội,SUV,30.000 km,Số tự động,Xe cũ,Máy xăng,650 triệu
15/10/2025,VinFast VF e34 Tiêu chuẩn 2022,2022,Trong nước,Tp.HCM,SUV,53.000 km,Số tự động,Xe cũ,Điện,430 triệu
14/10/2025,Toyota Fortuner 2.7V 2010,2010,Nhập khẩu,Bình Dương,SUV,20.000 km,Số tự động,Xe cũ,Máy xăng,275 triệu
12/10/2025,Chevrolet Spark LTZ 1.0 AT 2015,2015,Trong nước,Tp.HCM,Hatchback,100.000 km,Số tự động,Xe cũ,Máy xăng,185 triệu
13/10/2025,Toyota Vios 2018,2018,Trong nước,Tp.HCM,Sedan,127.000 km,Số sàn,Xe cũ,Máy xăng,235 triệu
12/10/2025,Ford Escape XLS 2.3 AT 4x2 2006,2006,Nhập khẩu,Vinh - Nghệ An,SUV,250.000 km,Số tự động,Xe cũ,Máy xăng,120 triệu
09/10/2025,Honda City 1.5 TOP CVT 2018,2018,Nhập khẩu,Tp.HCM,Sedan,133.000 km,Số tự động,Xe cũ,Máy xăng,330 triệu
08/10/2025,Ford Everest Trend 2.0 AT 4x2 2019,2019,Nhập khẩu,Tp.HCM,SUV,108.000 km,Số tự động,Xe cũ,Máy xăng,790 triệu
18/10/2025,Land Rover Range Rover HSE 5.0 AT 2009,2009,Nhập khẩu,Nam Từ Liêm - Hà Nội,SUV,130.000 km,Số tự động,Xe cũ,Máy xăng,550 triệu
18/10/2025,Toyota Avalon 2.5 Limited Hybrid 2014,2014,Nhập khẩu,Nam Từ Liêm - Hà Nội,Sedan,70.000 km,Số tự động,Xe cũ,Hybrid,1 tỉ 150 triệu
13/10/2025,Honda Civic 1.8 MT 2007,2007,Trong nước,Bà Rịa Vũng Tàu,Sedan,155.000 km,Số sàn,Xe cũ,Máy xăng,135 triệu
11/10/2025,Mercedes-Benz C300 AMG 2022,2022,Trong nước,Quận 7 - Tp.HCM,Sedan,25.000 km,Số tự động,Xe cũ,Máy xăng,1 tỉ 679 triệu
13/10/2025,Mercedes-Benz E180 1.5 I4 2021,2021,Nhập khẩu,Thừa Thiên Huế,Sedan,31.000 km,Số tự động,Xe cũ,Máy xăng,1 tỉ 350 triệu
14/10/2025,Kia Cerato 2017,2017,Nhập khẩu,Hà Nội,Sedan,,Số tự động,Xe cũ,Máy xăng,380 triệu
13/10/2025,Suzuki Ciaz 1.4 AT 2018,2018,Nhập khẩu,Tĩnh Gia - Thanh Hóa,Sedan,140.000 km,Số tự động,Xe cũ,Máy xăng,280 triệu
13/10/2025,Hyundai Grand i10 2017,2017,Trong nước,Tp.HCM,Sedan,100.000 km,Số sàn,Xe cũ,Máy xăng,170 triệu
12/10/2025,Ford Escape XLS 2.3 AT 4x2 2010,2010,Nhập khẩu,Hóc Môn - Tp.HCM,SUV,138.000 km,Số tự động,Xe cũ,Máy xăng,240 triệu
08/10/2025,Hyundai Kona 1.6 Turbo 2019,2019,Trong nước,Hoàng Mai - Hà Nội,SUV,54.000 km,Số tự động,Xe cũ,Máy xăng,530 triệu
13/10/2025,Mitsubishi Xpander 1.5 MT 2020,2020,Nhập khẩu,Tp.HCM,MPV,160.000 km,Số sàn,Xe cũ,Máy xăng,345 triệu
15/10/2025,Hyundai Santa Fe 2.5 Xăng Cao cấp 2024,2024,Nhập khẩu,Hoàng Mai - Hà Nội,SUV,10.000 km,Số tự động,Xe cũ,Máy xăng,1 tỉ 230 triệu
14/10/2025,Ford Focus Titanium 2018,2018,Trong nước,Hà Nội,Sedan,29.300 km,Số tự động,Xe cũ,Máy xăng,415 triệu
15/10/2025,Toyota Vios 1.5E MT 2009,2009,Trong nước,Hải Phòng,Sedan,130.000 km,Số sàn,Xe cũ,Máy xăng,115 triệu
08/10/2025,Toyota Fortuner 2017,2017,Nhập khẩu,Tp.HCM,SUV,270.000 km,Số sàn,Xe cũ,Máy xăng,750 triệu
22/09/2025,Kia Morning S 1.25 AT 2017,2017,Trong nước,Đoan Hùng - Phú Thọ,Hatchback,100.000 km,Số tự động,Xe cũ,Máy xăng,275 triệu
14/10/2025,Kia Cerato 1.6 MT 2017,2017,Trong nước,Đoan Hùng - Phú Thọ,Sedan,90.000 km,Số sàn,Xe cũ,Máy xăng,325 triệu
15/10/2025,Hyundai Accent 1.4 MT 2015,2015,Nhập khẩu,Quảng Ngãi,Sedan,76.000 km,Số sàn,Xe cũ,Máy xăng,235 triệu
08/10/2025,BMW 320i Sport Line 2021,2021,,Hà Nội,,38.000 km,Số tự động,Xe cũ,Máy xăng,1 tỉ 100 triệu
15/10/2025,VinFast Fadil 2019,2019,Trong nước,Hà Nội,Hatchback,,Số tự động,Xe cũ,Máy xăng,265 triệu
09/10/2025,Mazda CX-5 2.5L Signature Premium 2WD 2020,2020,Nhập khẩu,Tp.HCM,SUV,90.000 km,Số tự động,Xe cũ,Máy xăng,650 triệu
13/10/2025,Hyundai Grand i10 1.0 AT 2015,2015,Nhập khẩu,Thái Nguyên,Hatchback,130.000 km,Số tự động,Xe cũ,Máy xăng,150 triệu
13/10/2025,Toyota Fortuner 2015,2015,Nhập khẩu,Bến Cát - Bình Dương,SUV,144.122 km,Số tự động,Xe cũ,Máy dầu,450 triệu
09/10/2025,Toyota Avanza Premio 1.5 MT 2024,2024,Trong nước,Đà Nẵng,MPV,20.000 km,Số sàn,Xe cũ,Máy xăng,460 triệu
08/10/2025,Toyota Camry 3.5Q 2011,2011,Nhập khẩu,Thanh Xuân - Hà Nội,Sedan,120.000 km,Số tự động,Xe cũ,Máy xăng,370 triệu
09/10/2025,Hyundai Grand i10 2017,2017,Trong nước,Tp.HCM,Hatchback,122.000 km,Số sàn,Xe cũ,Máy xăng,205 triệu
13/10/2025,Hyundai i20 1.4 AT 2012,2012,Nhập khẩu,Hà Nội,Hatchback,80.500 km,Số tự động,Xe cũ,Máy xăng,235 triệu
14/10/2025,Suzuki XL7 2023,2023,Nhập khẩu,Tp.HCM,SUV,3.500 km,Số tự động,Xe cũ,Máy xăng,510 triệu
14/10/2025,Ford Transit 2018,2018,Trong nước,Long An,Van/Minivan,200.000 km,Số sàn,Xe cũ,Máy dầu,413 triệu
09/10/2025,Kia Sorento 2023,2023,,Hà Nội,,50.000 km,Số tự động,Xe cũ,Máy xăng,1 tỉ
10/10/2025,Mitsubishi Attrage CVT Premium 2021,2021,Nhập khẩu,Bình Thuận,Sedan,78.000 km,Số tự động,Xe cũ,Máy xăng,299 triệu
09/10/2025,Ford Transit Tiêu chuẩn 2023,2023,Trong nước,An Giang,Van/Minivan,,Số sàn,Xe cũ,Máy dầu,580 triệu
19/09/2025,BMW X6 xDrive30d 2014,2014,Nhập khẩu,Đoan Hùng - Phú Thọ,SUV,100.000 km,Số tự động,Xe cũ,Máy dầu,990 triệu
15/10/2025,MG 7 2024,2024,Trong nước,Bắc Giang - Bắc Giang,Sedan,20.000 km,Số tự động,Xe cũ,Máy xăng,670 triệu
12/10/2025,Mitsubishi Xpander AT 2021,2021,Nhập khẩu,Tp.HCM,MPV,160.000 km,Số tự động,Xe cũ,Máy xăng,410 triệu
12/10/2025,Daihatsu Terios 2003,2003,Nhập khẩu,Bến Lức - Tây Ninh,SUV,120.000 km,Số sàn,Xe cũ,Máy xăng,120 triệu
15/10/2025,Hyundai Grand i10 Hatchback 1.2 AT 2020,2020,Trong nước,Hà Nội,Hatchback,40.000 km,Số tự động,Xe cũ,Máy xăng,320 triệu
11/10/2025,Ford Ranger Wildtrak 2.0L 4x4 AT 2022,2022,Nhập khẩu,Tp.HCM,Bán tải,7.800 km,Số tự động,Xe cũ,Máy dầu,880 triệu
08/10/2025,Toyota Fortuner 2.7V 2017,2017,Nhập khẩu,Quận 1 - Tp.HCM,SUV,160 km,Số sàn,Xe cũ,Máy dầu,600 triệu
16/10/2025,Mitsubishi Xpander Cross 1.5 AT 2021,2021,Trong nước,Quận 2 - Tp.HCM,MPV,48.000 km,Số tự động,Xe cũ,Máy xăng,510 triệu
12/10/2025,Mitsubishi Attrage 1.2L MT 2020,2020,Nhập khẩu,Vĩnh Phúc,Sedan,800.000 km,Số sàn,Xe cũ,Máy xăng,248.9 triệu
09/10/2025,Mazda 3 1.6 AT 2017,2017,Trong nước,Bắc Ninh,Sedan,80.000 km,Số tự động,Xe cũ,Máy xăng,385 triệu
23/09/2025,Mercedes-Benz E200 Exclusive 2022,2022,Nhập khẩu,Quận 7 - Tp.HCM,Sedan,28.000 km,Số tự động,Xe cũ,Máy xăng,1 tỉ 699 triệu
13/10/2025,Hyundai Santa Fe 2.4L Xăng Cao cấp 2020,2020,Nhập khẩu,Đồng Nai,SUV,25.000 km,Số tự động,Xe cũ,Máy xăng,850 triệu
15/10/2025,Honda Civic 1.8 AT 2007,2007,Nhập khẩu,Tp.HCM,Sedan,200.000 km,Số tự động,Xe cũ,Máy xăng,195 triệu
15/10/2025,Hyundai Grand i10 Sedan 1.2 AT 2022,2022,Trong nước,Tp.HCM,Sedan,15.600 km,Số tự động,Xe cũ,Máy xăng,310 triệu
14/10/2025,Hyundai Elantra Sport 1.6 2019,2019,Nhập khẩu,Tp.HCM,Sedan,53.000 km,Số tự động,Xe cũ,Máy xăng,490 triệu
30/09/2025,Mercedes-Benz GLC 200 4Matic 2021,2021,Nhập khẩu,Quận 7 - Tp.HCM,SUV,53.000 km,Số tự động,Xe cũ,Máy xăng,1 tỉ 299 triệu
11/10/2025,Kia Morning MT 2021,2021,Nhập khẩu,Đồng Tháp,Hatchback,60.000 km,Số sàn,Xe cũ,Máy xăng,185 triệu
10/10/2025,Toyota Vios 1.5 E CVT 2019,2019,Trong nước,Tp.HCM,Sedan,210.000 km,Số tự động,Xe cũ,Máy xăng,315 triệu
12/10/2025,Chevrolet Aveo LT 1.5 MT 2014,2014,Nhập khẩu,Bình Dương,Sedan,100.000 km,Số sàn,Xe cũ,Máy xăng,129 triệu
22/09/2025,Kia Sonet 1.5 Premium 2023,2023,Trong nước,Đoan Hùng - Phú Thọ,Crossover,60.000 km,Số tự động,Xe cũ,Máy xăng,545 triệu
14/10/2025,Ford Ranger Xls 2018,2018,Nhập khẩu,Kiến Thụy - Hải Phòng,Bán tải,85.000 km,Số tự động,Xe cũ,Máy dầu,465 triệu
07/10/2025,Chevrolet Lacetti EX 1.6 MT 2013,2013,Trong nước,Đoan Hùng - Phú Thọ,Sedan,150.000 km,Số sàn,Xe cũ,Máy xăng,165 triệu
12/10/2025,Hyundai Grand i10 1.2 AT 2011,2011,Nhập khẩu,Tp.HCM,Hatchback,120.000 km,Số tự động,Xe cũ,Máy xăng,130 triệu
09/10/2025,Mitsubishi Xpander Special Edition 2019,2019,Nhập khẩu,Hà Nội,MPV,126.000 km,Số tự động,Xe cũ,Máy xăng,425 triệu
29/09/2025,Hyundai Accent 1.4 AT 2019,2019,Trong nước,Đông Anh - Hà Nội,Sedan,80.000 km,Số tự động,Xe cũ,Máy xăng,355 triệu
08/10/2025,Toyota Corolla Cross 1.8 G 2022,2022,Nhập khẩu,Tp.HCM,SUV,56.000 km,Số tự động,Xe cũ,Máy xăng,650 triệu
12/10/2025,Toyota Innova 2.0E 2016,2016,Nhập khẩu,Tp.HCM,MPV,180.000 km,Số tự động,Xe cũ,Máy xăng,345 triệu
14/10/2025,Hyundai Santa Fe 2.2L Dầu Tiêu chuẩn 2022,2022,Nhập khẩu,Hà Nội,SUV,60.000 km,Số tự động,Xe cũ,Máy dầu,975 triệu
12/10/2025,Toyota Venza 2.7 AWD AT 2009,2009,Nhập khẩu,Tp.HCM,SUV,130.000 km,Số tự động,Xe cũ,Máy xăng,389 triệu
13/10/2025,Ford Focus 1.5L EcoBoost Trend Hatchback 2019,2019,Trong nước,Biên Hòa - Đồng Nai,Hatchback,45.000 km,Số tự động,Xe cũ,Máy xăng,400 triệu
11/10/2025,Chevrolet Captiva LT 2.4 2008,2008,Trong nước,Vĩnh Long,SUV,200.000 km,Số sàn,Xe cũ,Máy xăng,140 triệu
11/10/2025,Kia Carens 1.5G Luxury 2024,2024,Nhập khẩu,Đồng Nai,MPV,93.000 km,Số tự động,Xe cũ,Máy xăng,570 triệu
18/10/2025,Mitsubishi Xpander 1.5 AT  2020,2020,Trong nước,Đông Sơn - Thanh Hóa,MPV,80.000 km,Số tự động,Xe cũ,Máy xăng,460 triệu
09/10/2025,Mercedes-Benz Sprinter 2003,2003,Trong nước,Thanh Xuân - Hà Nội,Van/Minivan,87.554 km,Số sàn,Xe cũ,Máy dầu,180 triệu
08/10/2025,Hyundai Kona 1.6 Turbo 2019,2019,Trong nước,Hà Nội,SUV,54.000 km,Số tự động,Xe cũ,Máy xăng,520 triệu
04/10/2025,Porsche Cayenne 3.6 V6 2014,2014,Nhập khẩu,Quận 7 - Tp.HCM,SUV,90.000 km,Số tự động,Xe cũ,Máy xăng,1 tỉ 185 triệu
18/10/2025,Mercedes-Benz V250 AMG 2020,2020,Nhập khẩu,Quận 7 - Tp.HCM,Van/Minivan,82.000 km,Số tự động,Xe cũ,Máy xăng,1 tỉ 485 triệu
16/10/2025,Ford Ranger Wildtrak 2.0L 4x4 AT 2022,2022,Trong nước,Quận 10 - Tp.HCM,Bán tải,22.000 km,Số tự động,Xe cũ,Máy dầu,818 triệu
11/10/2025,Mazda 2 1.5AT 2017,2017,Nhập khẩu,Bình Dương,Sedan,75.000 km,Số tự động,Xe cũ,Máy xăng,320 triệu
15/10/2025,Chevrolet Aveo LT 1.5 MT 2018,2018,Trong nước,Tp.HCM,Hatchback,100.000 km,Số sàn,Xe cũ,Máy xăng,155.6 triệu
15/10/2025,Toyota Innova 2.0G 2019,2019,Trong nước,Tp.HCM,MPV,82.000 km,Số tự động,Xe cũ,Máy xăng,412 triệu
16/10/2025,Nissan Sunny 2016,2016,Trong nước,Quận 10 - Tp.HCM,Sedan,90.000 km,Số tự động,Xe cũ,Máy xăng,245 triệu
11/10/2025,Hyundai Santa Fe 2.2L Dầu Cao cấp 2019,2019,Trong nước,Vĩnh Phúc,SUV,68.000 km,Số tự động,Xe cũ,Máy dầu,800 triệu
10/10/2025,Toyota Innova 2.0E 2015,2015,Nhập khẩu,Tp.HCM,MPV,100.000 km,Số sàn,Xe cũ,Máy xăng,340 triệu
09/10/2025,Ford Ranger Wildtrak 3.2 4x4 AT 2015,2015,Nhập khẩu,Quảng Trị,Bán tải,100.000 km,Số tự động,Xe cũ,Máy dầu,450 triệu
09/10/2025,Ford Transit 2010,2010,Trong nước,Tp.HCM,Van/Minivan,789.789 km,Số sàn,Xe cũ,Máy dầu,215 triệu
11/10/2025,Kia Seltos 1.4 Premium 2022,2022,Trong nước,Đông Sơn - Thanh Hóa,Crossover,35 km,Số tự động,Xe cũ,Máy xăng,620 triệu
14/10/2025,Kia Cerato 2.0 AT Premium 2019,2019,Trong nước,Tp.HCM,Sedan,147.000 km,Số tự động,Xe cũ,Máy xăng,420 triệu
16/10/2025,Mitsubishi Outlander 2.0 CVT 2019,2019,Trong nước,Quận 10 - Tp.HCM,SUV,68.000 km,Số tự động,Xe cũ,Máy xăng,515 triệu
14/10/2025,Hyundai Grand i10 Sedan 1.2 MT 2022,2022,Trong nước,Gia Lai,Sedan,37.700 km,Số sàn,Xe cũ,Máy xăng,305 triệu
14/10/2025,Hyundai Starex 2007,2007,Nhập khẩu,Tp.HCM,Van/Minivan,300.718 km,Số sàn,Xe cũ,Máy dầu,130 triệu
14/10/2025,Nissan Navara 2019,2019,Nhập khẩu,Quận 12 - Tp.HCM,Bán tải,145.000 km,Số tự động,Xe cũ,Máy dầu,470 triệu
13/10/2025,Chevrolet Colorado 2.5L 4x4 MT LT 2015,2015,Nhập khẩu,AYun Pa - Gia Lai,Bán tải,135.000 km,Số sàn,Xe cũ,Máy xăng,240 triệu
09/10/2025,Honda Civic 1.8 AT 2007,2007,Trong nước,Hà Nội,Sedan,155.000 km,Số tự động,Xe cũ,Máy xăng,179 triệu
12/10/2025,Ford Focus 1.8L 2009,2009,Trong nước,Bà Rịa Vũng Tàu,Sedan,170.000 km,Số tự động,Xe cũ,Máy xăng,190 triệu
08/10/2025,Toyota Innova 2.0E 2019,2019,Nhập khẩu,Tp.HCM,MPV,74.000 km,Số sàn,Xe cũ,Máy xăng,405 triệu
15/10/2025,Ford Everest 2023,2023,Nhập khẩu,Hà Nội,SUV,48.000 km,Số tự động,Xe cũ,Máy dầu,1 tỉ 345 triệu
14/10/2025,Toyota Vios 1.5 E CVT 2021,2021,Nhập khẩu,Cần Thơ,Sedan,37.000 km,Số tự động,Xe cũ,Máy xăng,390 triệu
18/10/2025,Ford Ranger XLS 2.0L 4x2 AT 2017,2017,Nhập khẩu,Đông Sơn - Thanh Hóa,Bán tải,13 km,Số tự động,Xe cũ,Máy dầu,415 triệu
18/10/2025,Hyundai Accent 1.4 AT 2018,2018,Trong nước,Đông Sơn - Thanh Hóa,Sedan,80 km,Số tự động,Xe cũ,Máy xăng,350 triệu
12/10/2025,Hyundai Accent 1.4 AT 2019,2019,Nhập khẩu,Hà Nội,Sedan,63.700 km,Số tự động,Xe cũ,Máy xăng,355 triệu
11/10/2025,Hyundai Grand i10 Hatchback 1.2 AT 2020,2020,Trong nước,Gia Lâm - Hà Nội,Hatchback,71.000 km,Số tự động,Xe cũ,Máy xăng,315 triệu
14/10/2025,Toyota Camry 2.5Q 2019,2019,Nhập khẩu,Tp.HCM,Sedan,79.000 km,Số tự động,Xe cũ,Máy xăng,799 triệu
09/10/2025,Toyota Camry 2.5G 2015,2015,Nhập khẩu,Hà Nội,Sedan,99.999 km,Số tự động,Xe cũ,Máy xăng,550 triệu
18/10/2025,Ford Ranger XLS 2.0L 4x2 AT 2021,2021,Trong nước,Tp.HCM,Bán tải,70.000 km,Số tự động,Xe cũ,Máy dầu,545 triệu
12/10/2025,Toyota Corolla Altis 2.0V  2010,2010,Trong nước,Quy Nhơn - Bình Định,Sedan,93.000 km,Số tự động,Xe cũ,Máy xăng,295 triệu
14/10/2025,Ford Ranger Wildtrak 2.0l bi-turbo 4x4 10 AT 2020,2020,Nhập khẩu,Tp.HCM,Bán tải,135.000 km,Số tự động,Xe cũ,Máy dầu,640 triệu
10/10/2025,Kia Sorento 2WD 2.4 GAT 2016,2016,Nhập khẩu,Tp.HCM,SUV,128.000 km,Số tự động,Xe cũ,Máy xăng,420 triệu
10/10/2025,Kia Carens S 2.0 AT 2011,2011,Trong nước,Hải Châu - Đà Nẵng,SUV,125.000 km,Số tự động,Xe cũ,Máy xăng,225 triệu
08/10/2025,Toyota Corolla Altis 2.0V  2009,2009,Nhập khẩu,Đà Nẵng,Sedan,95.000 km,Số tự động,Xe cũ,Máy xăng,250 triệu
14/10/2025,Mercedes-Benz S400 3.0 V6 2016,2016,Trong nước,Hà Nội,Sedan,176.729 km,Số tự động,Xe cũ,Máy xăng,1 tỉ 100 triệu
26/09/2025,Mercedes-Benz GLC 300 4Matic 2017,2017,Nhập khẩu,Long Biên - Hà Nội,SUV,50.000 km,Số tự động,Xe cũ,Máy xăng,899 triệu
13/10/2025,Mitsubishi Attrage 1.2L MT 2024,2024,Nhập khẩu,Châu Thành - Bến Tre,Sedan,7.000 km,Số sàn,Xe cũ,Máy xăng,315 triệu
19/09/2025,Mercedes-Benz E250 E250 2018,2018,Nhập khẩu,Long Biên - Hà Nội,Sedan,30.000 km,Số tự động,Xe cũ,Máy xăng,1 tỉ 030 triệu
10/10/2025,Honda HR-V RS 2022,2022,Nhập khẩu,Nghệ An,SUV,01 km,Số tự động,Xe cũ,Máy xăng,699 triệu
09/10/2025,Toyota Vios 1.5E MT 2017,2017,Nhập khẩu,Hà Đông - Hà Nội,Sedan,120.000 km,Số sàn,Xe cũ,Máy xăng,260 triệu
26/09/2025,Land Rover Range Rover 2023,2023,Trong nước,Long Biên - Hà Nội,SUV,20.000 km,Số tự động,Xe cũ,Máy xăng,3 tỉ 650 triệu
14/10/2025,Ford Transit 9 Chỗ 2.4 Diesel 2014,2014,Trong nước,Bà Rịa Vũng Tàu,Van/Minivan,200.000 km,Số sàn,Xe cũ,Máy dầu,240 triệu
10/10/2025,Daewoo Gentra SX 2011,2011,Trong nước,Đà Nẵng,Sedan,110.000 km,Số sàn,Xe cũ,Máy xăng,105 triệu
15/10/2025,Mercedes-Benz E200 Exclusive 2022,2022,Trong nước,Tp.HCM,Sedan,26.000 km,Số tự động,Xe cũ,Máy xăng,1 tỉ 650 triệu
11/10/2025,Chevrolet Cruze LT 2018,2018,Trong nước,Tp.HCM,Sedan,70.000 km,Số sàn,Xe cũ,Máy xăng,250 triệu
08/10/2025,Mercedes-Benz E200 E200 2017,2017,Trong nước,Khánh Hòa,Sedan,81.000 km,Số tự động,Xe cũ,Máy xăng,850 triệu
08/10/2025,Toyota Innova 2.0E 2019,2019,Trong nước,Tp.HCM,MPV,72.000 km,Số tự động,Xe cũ,Máy xăng,398 triệu
15/10/2025,Toyota Land Cruiser Prado 2009,2009,Nhập khẩu,Đà Nẵng,SUV,145.000 km,Số tự động,Xe cũ,Máy xăng,585 triệu
11/10/2025,Ford Territory Titanium X 2024,2024,Trong nước,Buôn Ma Thuột - Đắk Lắk,SUV,18.000 km,Số tự động,Xe cũ,Máy xăng,850 triệu
13/10/2025,Hyundai Santa Fe 2.2L Dầu Tiêu chuẩn 2022,2022,Trong nước,Hà Nội,SUV,10.000 km,Số tự động,Xe cũ,Máy dầu,999 triệu
19/09/2025,Audi A1 S-Line 2012,2012,Nhập khẩu,Long Biên - Hà Nội,Hatchback,160.000 km,Số tự động,Xe cũ,Máy xăng,410 triệu
15/10/2025,Peugeot 2008 Active 2022,2022,Nhập khẩu,Kiến An - Hải Phòng,Crossover,41.000 km,Số tự động,Xe cũ,Máy xăng,595 triệu
13/10/2025,Kia Morning GT-LINE 2022,2022,Trong nước,Kiến An - Hải Phòng,Hatchback,62.000 km,Số tự động,Xe cũ,Máy xăng,355 triệu
12/10/2025,Peugeot 3008 Allure 2025,2025,Nhập khẩu,Kiến An - Hải Phòng,SUV,7.000 km,Số tự động,Xe cũ,Máy xăng,835 triệu
12/10/2025,Toyota Corolla Cross 1.8 V  2022,2022,Trong nước,Kiến An - Hải Phòng,Crossover,50.000 km,Số tự động,Xe cũ,Máy xăng,695 triệu
12/10/2025,Ford Territory Titanium X 2023,2023,Nhập khẩu,Kiến An - Hải Phòng,SUV,8.000 km,Số tự động,Xe cũ,Máy xăng,795 triệu
12/10/2025,Ford Ranger XLS 2.0L 4x2 AT 2024,2024,Trong nước,Kiến An - Hải Phòng,Bán tải,17.000 km,Số tự động,Xe cũ,Máy dầu,645 triệu
12/10/2025,Mercedes-Benz GLC 300 4Matic 2020,2020,Nhập khẩu,Kiến An - Hải Phòng,SUV,70.000 km,Số tự động,Xe cũ,Máy xăng,1 tỉ 390 triệu
25/09/2025,BMW X4 xDrive20i Msport 2020,2020,Nhập khẩu,Kiến An - Hải Phòng,SUV,40.000 km,Số tự động,Xe cũ,Máy xăng,1 tỉ 750 triệu
22/09/2025,VinFast LUX A2.0 Tiêu chuẩn 2021,2021,Trong nước,Kiến An - Hải Phòng,Sedan,60.000 km,Số tự động,Xe cũ,Máy xăng,525 triệu
17/10/2025,VinFast LUX A2.0 Tiêu chuẩn 2021,2021,Trong nước,Kiến An - Hải Phòng,Sedan,40.000 km,Số tự động,Xe cũ,Máy xăng,535 triệu
14/10/2025,Hyundai Grand i10 2023,2023,Trong nước,Kiến An - Hải Phòng,Hatchback,30.000 km,Số tự động,Xe cũ,Máy xăng,385 triệu
03/10/2025,Mitsubishi Xpander Cross 1.5 AT 2023,2023,Trong nước,Kiến An - Hải Phòng,SUV,30.000 km,Số tự động,Xe cũ,Máy xăng,615 triệu
03/10/2025,Toyota Camry 2.0Q 2022,2022,Trong nước,Kiến An - Hải Phòng,Sedan,40.000 km,Số tự động,Xe cũ,Máy xăng,985 triệu
17/10/2025,Mitsubishi Outlander 2.0 CVT 2020,2020,Trong nước,Kiến An - Hải Phòng,SUV,71.000 km,Số tự động,Xe cũ,Máy xăng,595 triệu
06/10/2025,Toyota Yaris 1.5G 2020,2020,Nhập khẩu,Kiến An - Hải Phòng,Hatchback,80.000 km,Số tự động,Xe cũ,Máy xăng,485 triệu
03/10/2025,Lexus NX 200T 2015,2015,Nhập khẩu,Kiến An - Hải Phòng,SUV,98.000 km,Số tự động,Xe cũ,Máy xăng,990 triệu
10/10/2025,Kia Cerato 1.6 AT Deluxe 2020,2020,Trong nước,Kiến An - Hải Phòng,Sedan,65.000 km,Số tự động,Xe cũ,Máy xăng,445 triệu
27/09/2025,Mazda CX-5 2.0 Deluxe 2023,2023,Trong nước,Kiến An - Hải Phòng,SUV,13.000 km,Số tự động,Xe cũ,Máy xăng,715 triệu
14/10/2025,Kia Morning Si 1.25 MT 2016,2016,Trong nước,Đắk Lắk,Hatchback,80.000 km,Số sàn,Xe cũ,Máy xăng,180 triệu
13/10/2025,Peugeot 3008 2014,2014,Nhập khẩu,Đà Nẵng,SUV,95.000 km,Số tự động,Xe cũ,Máy xăng,330 triệu
23/09/2025,Mazda CX-5 2015,2015,Nhập khẩu,Long Biên - Hà Nội,SUV,68.000 km,Số tự động,Xe cũ,Máy xăng,438 triệu
12/10/2025,Ford Escape XLT 2.3 AT 4x4 2013,2013,Trong nước,Tp.HCM,SUV,115.000 km,Số tự động,Xe cũ,Máy xăng,280 triệu
14/10/2025,Mitsubishi Xpander 2021,2021,Nhập khẩu,Long An,MPV,90.000 km,Số tự động,Xe cũ,Máy xăng,470 triệu
10/10/2025,Kia Seltos 1.4 Deluxe 2022,2022,Nhập khẩu,Tp.HCM,SUV,21.000 km,Số tự động,Xe cũ,Máy xăng,560 triệu
10/10/2025,Mazda 6 2.0 AT 2020,2020,Trong nước,Hà Nội,Sedan,110.000 km,Số tự động,Xe cũ,Máy xăng,580 triệu
08/10/2025,Toyota Vios 1.5E MT 2009,2009,Trong nước,Tam Kỳ - Quảng Nam,Sedan,100.000 km,Số sàn,Xe cũ,Máy xăng,125 triệu
14/10/2025,Ford Everest 2.5 MT 2013,2013,Nhập khẩu,Hà Nội,SUV,160.000 km,Số sàn,Xe cũ,Máy xăng,315 triệu
08/10/2025,BMW 320i 2015,2015,Nhập khẩu,Tp.HCM,Sedan,90.000 km,Số tự động,Xe cũ,Máy xăng,530 triệu
12/10/2025,Mazda 3 1.5 Hatchback 2019,2019,Trong nước,Hải Phòng,Hatchback,20.000 km,Số tự động,Xe cũ,Máy xăng,450 triệu
11/10/2025,Chevrolet Cruze LTZ 1.8 2016,2016,Nhập khẩu,Đà Nẵng,Sedan,140.000 km,Số tự động,Xe cũ,Máy xăng,285 triệu
09/10/2025,Chevrolet Cruze LTZ 2018,2018,Nhập khẩu,Đà Nẵng,Sedan,68.000 km,Số tự động,Xe cũ,Máy xăng,295 triệu
10/10/2025,Ford Everest Titanium 2.2L 4x2 AT 2017,2017,Nhập khẩu,Tp.HCM,SUV,107 km,Số tự động,Xe cũ,Máy dầu,690 triệu
12/10/2025,Toyota Yaris Cross Xăng 2024,2024,Nhập khẩu,Biên Hòa - Đồng Nai,Crossover,25.500 km,Số tự động,Xe cũ,Máy xăng,650 triệu
15/10/2025,Toyota Vios 1.5E MT 2018,2018,Trong nước,Hưng Yên,Sedan,80.566 km,Số sàn,Xe cũ,Máy xăng,256 triệu
12/10/2025,Mazda CX-9 2015,2015,,Hải Phòng,SUV,,Số tự động,Xe cũ,Máy xăng,450 triệu
08/10/2025,Toyota Corolla Cross 1.8 V  2024,2024,Nhập khẩu,Tp.HCM,Crossover,13.000 km,Số tự động,Xe cũ,Máy xăng,750 triệu
13/10/2025,Ford Ranger Wildtrak 3.2 4x4 AT 2016,2016,Nhập khẩu,Bình Dương,Bán tải,140.123 km,Số tự động,Xe cũ,Máy dầu,485 triệu
09/10/2025,Hyundai Tucson 2019,2019,,Hà Nội,SUV,,Số tự động,Xe cũ,Máy xăng,655 triệu
15/10/2025,Isuzu mu-X 1.9 PRESTIGE 4X2 AT 2018,2018,Nhập khẩu,Đà Nẵng,Bán tải,90.000 km,Số tự động,Xe cũ,Máy dầu,545 triệu
12/10/2025,Suzuki XL7 2020,2020,Nhập khẩu,Tp.HCM,SUV,50.000 km,Số tự động,Xe cũ,Máy xăng,420 triệu
10/10/2025,Toyota Veloz Cross CVT Top 2022,2022,Nhập khẩu,Tây Ninh,Crossover,65.000 km,Số tự động,Xe cũ,Máy xăng,550 triệu
08/10/2025,Mercedes-Benz C250 Exclusive 2010,2010,Trong nước,Hà Nội,Sedan,15.000 km,Số tự động,Xe cũ,Máy xăng,235 triệu
12/10/2025,Toyota Vios 1.5E MT 2021,2021,Trong nước,Bình Dương,Sedan,47.000 km,Số sàn,Xe cũ,Máy xăng,365 triệu
15/10/2025,VinFast VF e34 Tiêu chuẩn 2022,2022,Trong nước,Đồng Nai,SUV,44.000 km,Số tự động,Xe cũ,Điện,420 triệu
18/10/2025,Honda City RS 2024,2024,Trong nước,Quận 7 - Tp.HCM,Sedan,17.300 km,Số tự động,Xe cũ,Máy xăng,520 triệu
14/10/2025,Nissan Navara EL 2WD 2024,2024,Nhập khẩu,Tp.HCM,Bán tải,24.000 km,Số tự động,Xe cũ,Máy dầu,575 triệu
18/10/2025,BMW 520i Luxury Line 2016,2016,Nhập khẩu,Nam Từ Liêm - Hà Nội,Sedan,120.000 km,Số tự động,Xe cũ,Máy xăng,680 triệu
08/10/2025,Hyundai Accent 1.4 MT 2020,2020,Trong nước,Cần Thơ,Sedan,140.000 km,Số sàn,Xe cũ,Máy xăng,290 triệu
13/10/2025,Mazda 3 Sedan 1.5L Luxury 2019,2019,Nhập khẩu,Tp.HCM,Sedan,23.185 km,Số tự động,Xe cũ,Máy xăng,465 triệu
10/10/2025,Toyota Corolla Cross 1.8 V  2022,2022,Nhập khẩu,Tây Ninh,SUV,30.000 km,Số tự động,Xe cũ,Máy xăng,700 triệu
09/10/2025,Daewoo Lacetti CDX 1.6 AT 2009,2009,Nhập khẩu,Thanh Hóa,Sedan,180.000 km,Số tự động,Xe cũ,Máy xăng,145 triệu
12/10/2025,Honda City RS 2021,2021,Nhập khẩu,Ninh Thuận,Sedan,40.000 km,Số tự động,Xe cũ,Máy xăng,440 triệu
10/10/2025,Mitsubishi Attrage CVT Premium 2021,2021,Nhập khẩu,Tp.HCM,Sedan,40.000 km,Số tự động,Xe cũ,Máy xăng,380 triệu
08/10/2025,Mercedes-Benz AMG G63 4.0 v8 2021,2021,Nhập khẩu,Quận 7 - Tp.HCM,SUV,19.999 km,Số tự động,Xe cũ,Máy xăng,9 tỉ 650 triệu
08/10/2025,Mitsubishi Attrage 1.2L MT 2024,2024,Nhập khẩu,Hà Nội,Sedan,55.000 km,Số sàn,Xe cũ,Máy xăng,300 triệu
09/10/2025,Hyundai Grand i10 Hatchback 1.2 MT Base 2014,2014,Trong nước,Đà Nẵng,Hatchback,320.000 km,Số sàn,Xe cũ,Máy xăng,125 triệu
08/10/2025,Peugeot 3008 GT 2022,2022,Trong nước,Tp.HCM,SUV,270.000 km,Số tự động,Xe cũ,Máy xăng,815 triệu
09/10/2025,Hyundai Stargazer 2022,2022,Nhập khẩu,Tp.HCM,MPV,14.000 km,Số tự động,Xe cũ,Máy xăng,550 triệu
12/10/2025,Chevrolet Spark 1.2 mt 2016,2016,Nhập khẩu,Hà Nội,Hatchback,199.999 km,Số sàn,Xe cũ,Máy xăng,119 triệu
15/10/2025,Toyota Innova 2.0G 2007,2007,Trong nước,Bình Dương,MPV,200.000 km,Số sàn,Xe cũ,Máy xăng,152 triệu
08/10/2025,Mitsubishi Xforce Exceed 2024,2024,Trong nước,Tp.HCM,SUV,28.000 km,Số tự động,Xe cũ,Máy xăng,550 triệu
11/10/2025,Ford EcoSport Titanium 2016,2016,Nhập khẩu,Đà Nẵng,SUV,138.000 km,Số tự động,Xe cũ,Máy xăng,310 triệu
13/10/2025,Toyota Vios 2014,2014,,Hà Nội,Sedan,,Số sàn,Xe cũ,Máy xăng,172 triệu
14/10/2025,Mazda CX-5 2014,2014,Trong nước,Bình Dương,SUV,136.000 km,Số tự động,Xe cũ,Máy xăng,405 triệu
10/10/2025,Hyundai Accent 1.4 MT 2020,2020,Trong nước,Bắc Ninh,Sedan,900.000 km,Số sàn,Xe cũ,Máy xăng,320 triệu
11/10/2025,Ford Transit Tiêu chuẩn 2023,2023,Trong nước,Bến Tre,Van/Minivan,52.100 km,Số sàn,Xe cũ,Máy dầu,668 triệu
19/09/2025,Volkswagen Viloran Premium 2023,2023,Nhập khẩu,Quận 7 - Tp.HCM,MPV,32.000 km,Số tự động,Xe cũ,Máy xăng,1 tỉ 728 triệu
15/10/2025,Toyota Vios 1.5E MT 2017,2017,Nhập khẩu,Hưng Yên,Sedan,400.000 km,Số sàn,Xe cũ,Máy xăng,260 triệu
14/10/2025,Hyundai Custin 2.0T-GDi Cao cấp 2024,2024,Nhập khẩu,Tp.HCM,MPV,,Số tự động,Xe cũ,Máy xăng,900 triệu
29/09/2025,BMW 430i Convertible 2023,2023,Nhập khẩu,Quận 7 - Tp.HCM,Convertible,22.000 km,Số tự động,Xe cũ,Máy xăng,2 tỉ 638 triệu
15/10/2025,Audi A4 2.0 TFSI 2016,2016,Nhập khẩu,Bình Phước,Sedan,940.000 km,Số tự động,Xe cũ,Máy xăng,720 triệu
13/10/2025,Chevrolet Cruze LS 1.6 2015,2015,Nhập khẩu,Trảng Bom - Đồng Nai,Sedan,150.000 km,Số sàn,Xe cũ,Máy xăng,190 triệu
29/09/2025,BMW X6 xDrive40i Msport 2020,2020,Nhập khẩu,Quận 7 - Tp.HCM,SUV,54.000 km,Số tự động,Xe cũ,Máy xăng,2 tỉ 638 triệu
10/10/2025,MG 5 1.5L Luxury 2022,2022,Nhập khẩu,Đà Nẵng,Sedan,44.000 km,Số tự động,Xe cũ,Máy xăng,380 triệu
04/10/2025,Toyota Fortuner 2.4G 4x2 AT  2022,2022,Trong nước,Thanh Xuân - Hà Nội,SUV,01 km,Số tự động,Xe cũ,Máy dầu,1 tỉ 010 triệu
12/10/2025,Hyundai Grand i10 2016,2016,,Hà Nội,,,Số tự động,Xe cũ,Máy xăng,156 triệu
13/10/2025,Nissan Terra V 4WD 7 AT 2019,2019,Nhập khẩu,Thanh Xuân - Hà Nội,SUV,53.825 km,Số tự động,Xe cũ,Máy dầu,680 triệu
09/10/2025,Peugeot 3008 GT 2022,2022,Trong nước,Tp.HCM,SUV,27.000 km,Số tự động,Xe cũ,Máy xăng,810 triệu
12/10/2025,Honda CR-V 1.5 L 2018,2018,Nhập khẩu,Cầu Giấy - Hà Nội,SUV,166.000 km,Số tự động,Xe cũ,Máy xăng,640 triệu
09/10/2025,Ford Focus 1.5L EcoBoost Sport 2016,2016,Trong nước,Long An,Hatchback,140.000 km,Số tự động,Xe cũ,Máy xăng,350 triệu
13/10/2025,Mitsubishi Xpander 1.5 MT 2019,2019,Nhập khẩu,Bình Dương,MPV,81.000 km,Số sàn,Xe cũ,Máy xăng,350 triệu
14/10/2025,Hyundai Stargazer 1.5 AT Cao cấp 2024,2024,Nhập khẩu,Tp.HCM,MPV,60.000 km,Số tự động,Xe cũ,Máy xăng,510 triệu
04/10/2025,Nissan Terra 2.5L V 4WD AT 2019,2019,Trong nước,Thanh Xuân - Hà Nội,SUV,78.001 km,Số tự động,Xe cũ,Máy xăng,680 triệu
18/10/2025,Mercedes-Benz S450 4Matic Luxury 2017,2017,Nhập khẩu,Bắc Từ Liêm - Hà Nội,Sedan,110.000 km,Số tự động,Xe cũ,Máy xăng,1 tỉ 850 triệu
28/09/2025,Kia Morning 1.25 MT 2015,2015,Trong nước,Hải Châu - Đà Nẵng,Sedan,125.000 km,Số sàn,Xe cũ,Máy xăng,139 triệu
09/10/2025,VinFast LUX A2.0 Tiêu chuẩn 2022,2022,Trong nước,Mỹ Đức - Hà Nội,Sedan,30.000 km,Số tự động,Xe cũ,Máy xăng,520 triệu
08/10/2025,Mazda 2 Luxury 2024,2024,Nhập khẩu,Đà Nẵng,Sedan,10.000 km,Số tự động,Xe cũ,Máy xăng,470 triệu
08/10/2025,Mazda 2 Luxury 2024,2024,Nhập khẩu,Đà Nẵng,Sedan,10.000 km,Số tự động,Xe cũ,Máy xăng,470 triệu
15/10/2025,VinFast Fadil Nâng Cao 2019,2019,Trong nước,Quận 2 - Tp.HCM,Hatchback,29.000 km,Số tự động,Xe cũ,Máy xăng,290 triệu
06/10/2025,Mercedes-Benz AMG G63 4.0 v8 2022,2022,Nhập khẩu,Quận 7 - Tp.HCM,SUV,19.999 km,Số tự động,Xe cũ,Máy xăng,10 tỉ 999 triệu
14/10/2025,Hyundai Accent 1.4 AT Đặc biệt 2021,2021,Nhập khẩu,Hai Bà Trưng - Hà Nội,Sedan,55.000 km,Số tự động,Xe cũ,Máy xăng,430 triệu
09/10/2025,Toyota Vios 1.5E MT 2025,2025,Nhập khẩu,Cần Thơ,Sedan,12.000 km,Số sàn,Xe cũ,Máy xăng,470 triệu
12/10/2025,Mitsubishi Triton Athlete 4x2 AT 2022,2022,Nhập khẩu,Tp.HCM,Bán tải,130 km,Số tự động,Xe cũ,Máy dầu,610 triệu
09/10/2025,BMW 330i M Sport 2020,2020,Nhập khẩu,Tp.HCM,Sedan,70.000 km,Số tự động,Xe cũ,Máy xăng,1 tỉ 150 triệu
09/10/2025,Mazda CX-8 Luxury 2024,2024,Trong nước,Hà Nội,SUV,9.000 km,Số tự động,Xe cũ,Máy xăng,930 triệu
11/10/2025,Mazda BT-50 Deluxe 4x2 2.2 AT 2016,2016,Nhập khẩu,Tp.HCM,Bán tải,36.000 km,Số tự động,Xe cũ,Máy dầu,390 triệu
08/10/2025,Nissan Navara 2.5 AT 2018,2018,Nhập khẩu,Đồng Nai,Bán tải,97.000 km,Số tự động,Xe cũ,Máy dầu,425 triệu
09/10/2025,MG 5 STD 2023,2023,Nhập khẩu,Tp.HCM,SUV,35.000 km,Số tự động,Xe cũ,Máy xăng,415 triệu
10/10/2025,Chevrolet Cruze  2010,2010,Trong nước,Bình Dương,Sedan,76.000 km,Số tự động,Xe cũ,Máy xăng,190 triệu
16/10/2025,Mazda 3 1.5L Sedan 2018,2018,Trong nước,Cầu Giấy - Hà Nội,Sedan,85.000 km,Số tự động,Xe cũ,Máy xăng,420 triệu
26/09/2025,Hyundai Santa Fe 2.5 Xăng Cao cấp 2022,2022,Trong nước,Cầu Giấy - Hà Nội,SUV,55.000 km,Số tự động,Xe cũ,Máy xăng,895 triệu
12/10/2025,Hyundai Grand i10 Sedan 1.2 MT 2021,2021,Nhập khẩu,Quảng Trị,Sedan,50.000 km,Số sàn,Xe cũ,Máy xăng,285 triệu
18/10/2025,Hyundai Grand Starex 2.4 MT 2016,2016,Nhập khẩu,Đông Anh - Hà Nội,Van/Minivan,80.000 km,Số sàn,Xe cũ,Máy dầu,460 triệu
15/10/2025,Kia Seltos 1.4 Premium 2021,2021,Nhập khẩu,Tp.HCM,SUV,13.500 km,Số tự động,Xe cũ,Máy xăng,500 triệu
14/10/2025,Hyundai Grand Starex 2007,2007,,Hà Nội,,,Số sàn,Xe cũ,Máy xăng,200 triệu
10/10/2025,Toyota Corolla Altis 1.8 G 2015,2015,,Tp.HCM,Sedan,90.000 km,Số tự động,Xe cũ,Máy xăng,399 triệu
09/10/2025,Mazda 3 Sedan 2.0L Signature Premium 2019,2019,Trong nước,Hà Nội,Sedan,130.000 km,Số tự động,Xe cũ,Máy xăng,480 triệu
10/10/2025,Hyundai Starex 2011,2011,Nhập khẩu,Tp.HCM,Van/Minivan,93.679 km,Số tự động,Xe cũ,Máy xăng,250 triệu
09/10/2025,Honda CR-V L AWD 2020,2020,Trong nước,Ninh Thuận,SUV,34.000 km,Số tự động,Xe cũ,Máy xăng,830 triệu
18/10/2025,Ford Everest Titanium 2.0 AT 4x2 2023,2023,Trong nước,Cầu Giấy - Hà Nội,SUV,40.000 km,Số tự động,Xe cũ,Máy dầu,1 tỉ 189 triệu
09/10/2025,MG RX5 2023,2023,Nhập khẩu,Hải Phòng,SUV,11.000 km,Số tự động,Xe cũ,Máy xăng,500 triệu
09/10/2025,Honda CR-V 1.5 L 2020,2020,Trong nước,Hà Nội,SUV,59.000 km,Số tự động,Xe cũ,Máy xăng,820 triệu
15/10/2025,Mercedes-Benz GLC 200 V1 2022,2022,Trong nước,Quận 7 - Tp.HCM,SUV,48.000 km,Số tự động,Xe cũ,Máy xăng,1 tỉ 339 triệu
09/10/2025,VinFast LUX SA2.0 Cao cấp 2021,2021,Trong nước,Tp.HCM,SUV,36.000 km,Số tự động,Xe cũ,Máy xăng,720 triệu
08/10/2025,Ford Ranger XLS 2.2 4x2 MT 2017,2017,Nhập khẩu,Tp.HCM,Bán tải,90.000 km,Số sàn,Xe cũ,Máy dầu,425 triệu
26/09/2025,Mercedes-Benz C300 AMG 2018,2018,Trong nước,Quận 7 - Tp.HCM,Sedan,59.000 km,Số tự động,Xe cũ,Máy xăng,789 triệu
26/09/2025,Mercedes-Benz GLC 200 4Matic 2021,2021,Trong nước,Quận 7 - Tp.HCM,SUV,60.000 km,Số tự động,Xe cũ,Máy xăng,1 tỉ 399 triệu
14/10/2025,Mitsubishi Xpander AT Premium 2022,2022,Nhập khẩu,Tây Ninh,Crossover,35.000 km,Số tự động,Xe cũ,Máy xăng,525 triệu
05/10/2025,BMW X4 sDrive20i 2014,2014,Nhập khẩu,Quận 7 - Tp.HCM,SUV,63.000 km,Số tự động,Xe cũ,Máy xăng,699 triệu
13/10/2025,Mercedes-Benz C300 AMG 2018,2018,Trong nước,Quận 7 - Tp.HCM,Sedan,97 km,Số tự động,Xe cũ,Máy xăng,789 triệu
05/10/2025,Mercedes-Benz E300 AMG 2010,2010,Nhập khẩu,Quận 7 - Tp.HCM,Sedan,82.000 km,Số tự động,Xe cũ,Máy xăng,379 triệu
05/10/2025,Mercedes-Benz GLC 200 V1 2019,2019,Trong nước,Quận 7 - Tp.HCM,SUV,69.000 km,Số tự động,Xe cũ,Máy xăng,970 triệu
13/10/2025,Mazda CX-5 2.5L Signature Premium AWD 2018,2018,Trong nước,Tp.HCM,SUV,85.000 km,Số tự động,Xe cũ,Máy xăng,510 triệu
15/10/2025,Hyundai Grand i10 2019,2019,Nhập khẩu,Tp.HCM,Hatchback,140.868 km,Số sàn,Xe cũ,Máy xăng,185 triệu
13/10/2025,Porsche Cayenne 3.6 V6 2014,2014,Nhập khẩu,Quận 7 - Tp.HCM,SUV,90 km,Số tự động,Xe cũ,Máy xăng,1 tỉ 188 triệu
09/10/2025,Mazda 2 Sedan 1.5L Premium 2019,2019,Nhập khẩu,Lâm Đồng,Sedan,72.000 km,Số tự động,Xe cũ,Máy xăng,335 triệu
09/10/2025,Kia Morning SX 1.1 AT 2007,2007,Nhập khẩu,Bình Dương,Hatchback,100.000 km,Số tự động,Xe cũ,Máy xăng,115 triệu
26/09/2025,Audi Q2 1.4 TFSI 2018,2018,Nhập khẩu,Quận 7 - Tp.HCM,SUV,66.000 km,Số tự động,Xe cũ,Máy xăng,850 triệu
08/10/2025,Dodge Journey 2008,2008,Trong nước,Tp.HCM,SUV,128.808 km,Số tự động,Xe cũ,Máy xăng,365 triệu
20/09/2025,Toyota Yaris 1.5G 2018,2018,Nhập khẩu,An Lão - Hải Phòng,Hatchback,80.000 km,Số tự động,Xe cũ,Máy xăng,415 triệu
12/10/2025,Mazda 3 2019,2019,Nhập khẩu,Tp.HCM,Sedan,100.000 km,Số tự động,Xe cũ,Máy xăng,410 triệu
08/10/2025,Mazda 3 1.5 Hatchback 2018,2018,Nhập khẩu,Nhà Bè - Tp.HCM,Hatchback,44.000 km,Số tự động,Xe cũ,Máy xăng,440 triệu
16/10/2025,Mazda 3 Sedan 1.5L Luxury 2022,2022,Trong nước,An Lão - Hải Phòng,Sedan,72.000 km,Số tự động,Xe cũ,Máy xăng,545 triệu
24/09/2025,Mercedes-Benz GLC 250 4Matic 2017,2017,Trong nước,Quận 7 - Tp.HCM,SUV,70.000 km,Số tự động,Xe cũ,Máy xăng,979 triệu
18/10/2025,Mazda CX-3 1.5L Luxury 2024,2024,Nhập khẩu,Quận 2 - Tp.HCM,Crossover,2.000 km,Số tự động,Xe cũ,Máy xăng,578 triệu
13/10/2025,Hyundai i20 1.4 AT 2017,2017,Nhập khẩu,Đồng Nai,Hatchback,97.000 km,Số tự động,Xe cũ,Máy xăng,350 triệu
08/10/2025,Ford Tourneo 2020,2020,Nhập khẩu,Hà Nội,Van/Minivan,120.000 km,Số tự động,Xe cũ,Máy dầu,600 triệu
15/10/2025,Ford Ranger XLS 2.2L 4x2 MT 2019,2019,Nhập khẩu,Hà Nội,Bán tải,43.000 km,Số tự động,Xe cũ,Máy dầu,500 triệu
11/10/2025,Mercedes-Benz C300 AMG 2022,2022,Trong nước,Tp.HCM,Sedan,6.770 km,Số tự động,Xe cũ,Máy xăng,1 tỉ 850 triệu
10/10/2025,Honda Civic 1.8 AT 2014,2014,Trong nước,Gia Lai,Sedan,70.000 km,Số tự động,Xe cũ,Máy xăng,298 triệu
20/09/2025,Toyota Innova 2.0E 2017,2017,Trong nước,An Lão - Hải Phòng,MPV,120.000 km,Số tự động,Xe cũ,Máy xăng,395 triệu
25/09/2025,Mercedes-Benz C300 AMG 2023,2023,Trong nước,Quận 7 - Tp.HCM,Sedan,4.000 km,Số tự động,Xe cũ,Máy xăng,1 tỉ 739 triệu
06/10/2025,Mercedes-Benz GLC 200 4Matic 2021,2021,Trong nước,Quận 7 - Tp.HCM,SUV,16.000 km,Số tự động,Xe cũ,Máy xăng,1 tỉ 399 triệu
04/10/2025,Volkswagen Viloran Luxury 2025,2025,Nhập khẩu,Quận 7 - Tp.HCM,MPV,5.000 km,Số tự động,Xe cũ,Máy xăng,2 tỉ 279 triệu
10/10/2025,Mazda CX-5 2.5 AWD 2018,2018,Trong nước,Hải Phòng,SUV,80.000 km,Số tự động,Xe cũ,Máy xăng,580 triệu
09/10/2025,Toyota Fortuner 2.5G 2010,2010,Trong nước,Thái Nguyên,SUV,140.000 km,Số sàn,Xe cũ,Máy dầu,380 triệu
26/09/2025,Mercedes-Benz GLC 300 4Matic 2022,2022,Trong nước,Quận 7 - Tp.HCM,SUV,70.000 km,Số tự động,Xe cũ,Máy xăng,990 triệu
26/09/2025,Mercedes-Benz E200 Exclusive 2019,2019,Trong nước,Quận 7 - Tp.HCM,Sedan,68.000 km,Số tự động,Xe cũ,Máy xăng,1 tỉ 099 triệu
10/10/2025,Ford Ranger 2022,2022,,Hà Nội,Bán tải,50.000 km,Số tự động,Xe cũ,Máy xăng,785 triệu
13/10/2025,Hyundai Accent 1.5 AT cao cấp 2025,2025,Nhập khẩu,Bình Thuận,Sedan,5.000 km,Số tự động,Xe cũ,Máy xăng,565 triệu
12/10/2025,VinFast Fadil Tiêu Chuẩn 2019,2019,Trong nước,Quận 8 - Tp.HCM,Hatchback,204.000 km,Số tự động,Xe cũ,Máy xăng,258 triệu
15/10/2025,Mazda 3 2.0L Sedan 2015,2015,Trong nước,Hoàng Mai - Hà Nội,Sedan,111.289 km,Số tự động,Xe cũ,Máy xăng,350 triệu
15/10/2025,Toyota Corolla Altis 1.8G CVT 2015,2015,Nhập khẩu,Tp.HCM,Sedan,82.000 km,Số tự động,Xe cũ,Máy xăng,445 triệu
18/10/2025,Mazda 3 2016,2016,Trong nước,Quận 12 - Tp.HCM,Hatchback,80.000 km,Số tự động,Xe cũ,Máy xăng,350 triệu
15/10/2025,Mitsubishi Pajero Sport G 4x4 AT 2015,2015,Trong nước,Tp.HCM,SUV,90.000 km,Số tự động,Xe cũ,Máy dầu,385 triệu
11/10/2025,VinFast Fadil Tiêu Chuẩn 2020,2020,Trong nước,Tp.HCM,Hatchback,74.000 km,Số tự động,Xe cũ,Máy xăng,310 triệu
15/10/2025,Mazda 3 1.6 AT 2016,2016,Nhập khẩu,Đà Nẵng,Sedan,70.000 km,Số tự động,Xe cũ,Máy xăng,355 triệu
17/10/2025,Mercedes-Benz C200 2011,2011,Trong nước,Nam Từ Liêm - Hà Nội,Sedan,108.000 km,Số tự động,Xe cũ,Máy xăng,295 triệu
10/10/2025,Toyota Innova 2.0E 2019,2019,Nhập khẩu,Đắk Lắk,MPV,160.000 km,Số sàn,Xe cũ,Máy xăng,410 triệu
13/10/2025,Toyota Vios Limo 2023,2023,Trong nước,Hải Phòng,Sedan,1.800 km,Số tự động,Xe cũ,Máy xăng,390 triệu
15/10/2025,Toyota Vios 2022,2022,Trong nước,Bình Dương,Sedan,69.000 km,Số tự động,Xe cũ,Máy xăng,410 triệu
14/10/2025,Kia Cerato 1.6 MT 2020,2020,Nhập khẩu,Bình Phước,Sedan,14.000 km,Số sàn,Xe cũ,Máy xăng,420 triệu
02/10/2025,Land Rover Range Rover Autobiography 3.0L P400 2020,2020,Nhập khẩu,Long Biên - Hà Nội,SUV,50.000 km,Số tự động,Xe cũ,Máy xăng,6 tỉ 200 triệu
19/09/2025,Land Rover Range Rover Autobiography 3.0L P400 2021,2021,Nhập khẩu,Long Biên - Hà Nội,SUV,35.000 km,Số tự động,Xe cũ,Máy xăng,6 tỉ 380 triệu
21/09/2025,Hyundai Grand i10 1.0 AT 2014,2014,Nhập khẩu,Kỳ Anh - Hà Tĩnh,Hatchback,81.000 km,Số tự động,Xe cũ,Máy xăng,235 triệu
21/09/2025,Hyundai Grand i10 2014,2014,Nhập khẩu,Thanh Hóa - Thanh Hóa,Hatchback,101.000 km,Số sàn,Xe cũ,Máy xăng,118 triệu
21/09/2025,Hyundai Accent 1.4 MT 2018,2018,Trong nước,Vinh - Nghệ An,Sedan,81.000 km,Số sàn,Xe cũ,Máy xăng,286 triệu
19/09/2025,BMW Z4 sDrive20i  2011,2011,Nhập khẩu,Long Biên - Hà Nội,Convertible,70.000 km,Số tự động,Xe cũ,Máy xăng,850 triệu
17/10/2025,Ford Ranger XLS 2.0L 4x2 AT 2022,2022,Trong nước,Tân Phú - Tp.HCM,Bán tải,85.000 km,Số tự động,Xe cũ,Máy dầu,568 triệu
17/10/2025,Ford Ranger XLS 2.2 4x2 MT 2022,2022,Trong nước,Tân Phú - Tp.HCM,Bán tải,57.000 km,Số sàn,Xe cũ,Máy dầu,535 triệu
19/09/2025,Hyundai Santa Fe 2.2L Dầu Tiêu chuẩn 2019,2019,Trong nước,Gò Vấp - Tp.HCM,SUV,60.000 km,Số tự động,Xe cũ,Máy dầu,680 triệu
22/09/2025,VinFast LUX A2.0 Tiêu chuẩn 2020,2020,Trong nước,Cầu Giấy - Hà Nội,Sedan,90.000 km,Số tự động,Xe cũ,Máy xăng,475 triệu
02/10/2025,Mercedes-Benz C180 AMG 2021,2021,Nhập khẩu,Long Biên - Hà Nội,Sedan,30.000 km,Số tự động,Xe cũ,Máy xăng,830 triệu
12/10/2025,Hyundai Santa Fe 2.2 Dầu Cao cấp 2024,2024,Trong nước,Cầu Giấy - Hà Nội,SUV,20.000 km,Số tự động,Xe cũ,Máy dầu,1 tỉ 305 triệu
07/10/2025,Kia Sedona 2.2 DATH 2016,2016,Trong nước,Tp.HCM,MPV,120.000 km,Số tự động,Xe cũ,Máy dầu,515 triệu
07/10/2025,VinFast VF9 Plus 2024,2024,Trong nước,Tp.HCM,SUV,8.170 km,Số tự động,Xe cũ,Điện,1 tỉ 229 triệu
07/10/2025,Honda CR-V 1.5 G 2018,2018,Trong nước,Đà Nẵng,SUV,580.000 km,Số tự động,Xe cũ,Máy xăng,655 triệu
08/10/2025,Toyota Camry 3.0V 2002,2002,Trong nước,An Giang,Sedan,144.172 km,Số tự động,Xe cũ,Máy xăng,165 triệu
07/10/2025,Toyota Innova 2.0G 2006,2006,Trong nước,Tp.HCM,MPV,100.000 km,Số sàn,Xe cũ,Máy xăng,176 triệu
08/10/2025,Suzuki XL7 GLX 2022,2022,Nhập khẩu,Bà Rịa Vũng Tàu,SUV,8.000 km,Số tự động,Xe cũ,Máy xăng,490 triệu
07/10/2025,VinFast VF5 Plus 2023,2023,Trong nước,Tp.HCM,SUV,19.000 km,Số tự động,Xe cũ,Điện,350 triệu
17/10/2025,Mercedes-Benz CLA 250 2.0 I4 2017,2017,Nhập khẩu,Bắc Từ Liêm - Hà Nội,Coupe,78.000 km,Số tự động,Xe cũ,Máy xăng,599 triệu
07/10/2025,Ford Everest 2010,2010,Trong nước,Tp.HCM,SUV,18 km,Số tự động,Xe cũ,Máy dầu,280 triệu
07/10/2025,Ford Ranger XLS 2.2L 4x2 MT 2021,2021,Nhập khẩu,Bình Dương,Bán tải,53.000 km,Số sàn,Xe cũ,Máy dầu,545 triệu
17/10/2025,Land Rover Range Rover 3.0 Autobiography LWB 2014,2014,Nhập khẩu,Cái Răng - Cần Thơ,SUV,46.000 km,Số tự động,Xe cũ,Máy xăng,2 tỉ 750 triệu
07/10/2025,MG 5 STD 2022,2022,Nhập khẩu,Tp.HCM,Sedan,120.000 km,Số tự động,Xe cũ,Máy xăng,385 triệu
07/10/2025,Kia Morning S 1.25 AT 2014,2014,Trong nước,Hà Nội,Hatchback,70.000 km,Số tự động,Xe cũ,Máy xăng,215 triệu
07/10/2025,Kia Sorento 2.4 GATH Premium 2015,2015,Nhập khẩu,Tp.HCM,SUV,39.000 km,Số tự động,Xe cũ,Máy xăng,475 triệu
07/10/2025,Ford Laser 2003,2003,Nhập khẩu,Bà Rịa Vũng Tàu,Sedan,60.000 km,Số sàn,Xe cũ,Máy xăng,110 triệu
15/10/2025,Mercedes-Benz E200 Exclusive 2021,2021,Trong nước,Quận 8 - Tp.HCM,Sedan,50.000 km,Số tự động,Xe cũ,Máy xăng,1 tỉ 380 triệu
16/10/2025,Maserati Levante 3.0L S V6 2016,2016,Nhập khẩu,Quận 8 - Tp.HCM,SUV,68.000 km,Số tự động,Xe cũ,Máy xăng,1 tỉ 990 triệu
15/10/2025,BMW 320i Sport Line 2023,2023,Trong nước,Quận 8 - Tp.HCM,Sedan,22.500 km,Số tự động,Xe cũ,Máy xăng,1 tỉ 330 triệu
06/10/2025,Mercedes-Benz C200 Avantgarde Plus 2022,2022,Trong nước,Quận 8 - Tp.HCM,Sedan,47.000 km,Số tự động,Xe cũ,Máy xăng,1 tỉ 290 triệu
10/10/2025,Hyundai Tucson 2.0 Đặc biệt 2020,2020,Trong nước,Cầu Giấy - Hà Nội,Crossover,40.000 km,Số tự động,Xe cũ,Máy xăng,680 triệu
21/09/2025,Mazda CX-5 2.5 2WD 2016,2016,Trong nước,Cầu Giấy - Hà Nội,SUV,85.000 km,Số tự động,Xe cũ,Máy xăng,475 triệu
20/09/2025,Kia Cerato 1.6 AT Deluxe 2016,2016,Trong nước,An Lão - Hải Phòng,Sedan,130.000 km,Số tự động,Xe cũ,Máy xăng,365 triệu
20/09/2025,Mazda 2 Sedan 1.5L Deluxe 2015,2015,Nhập khẩu,An Lão - Hải Phòng,Sedan,120.000 km,Số tự động,Xe cũ,Máy xăng,295 triệu
07/10/2025,Hyundai Elantra 1.6 AT 2022,2022,Trong nước,Đồng Tháp,Sedan,35.000 km,Số tự động,Xe cũ,Máy xăng,485 triệu
07/10/2025,Ford Transit 2018,2018,Trong nước,Hà Nội,Van/Minivan,300.000 km,Số sàn,Xe cũ,Máy dầu,350 triệu
07/10/2025,Mitsubishi Grandis 2.4 MIVEC 2006,2006,Nhập khẩu,Tp.HCM,MPV,98.000 km,Số tự động,Xe cũ,Máy xăng,185 triệu
17/10/2025,Ford EcoSport Titanium 1.5L AT 2019,2019,Trong nước,Quận 7 - Tp.HCM,SUV,59.000 km,Số tự động,Xe cũ,Máy xăng,410 triệu
17/10/2025,Ford Territory 1.5L Titanium 2023,2023,Trong nước,Quận 7 - Tp.HCM,SUV,30.000 km,Số tự động,Xe cũ,Máy xăng,769 triệu
07/10/2025,Toyota Vios G 2021,2021,Trong nước,Tp.HCM,Sedan,90.000 km,Số tự động,Xe cũ,Máy xăng,400 triệu
17/10/2025,Ford Ranger Raptor 2023,2023,Nhập khẩu,Quận 7 - Tp.HCM,Bán tải,44.000 km,Số tự động,Xe cũ,Máy dầu,1 tỉ 120 triệu
07/10/2025,Hyundai Grand i10 1.0 AT 2014,2014,Nhập khẩu,Bà Rịa Vũng Tàu,Hatchback,19.998 km,Số tự động,Xe cũ,Máy xăng,130 triệu
07/10/2025,Kia Morning 1.0 AT Sport 2011,2011,Nhập khẩu,Bà Rịa Vũng Tàu,Hatchback,43.000 km,Số tự động,Xe cũ,Máy xăng,225 triệu
17/10/2025,Mitsubishi Xpander 2022,2022,Trong nước,Cầu Giấy - Hà Nội,MPV,146.319 km,Số tự động,Xe cũ,Máy xăng,380 triệu
08/10/2025,Chevrolet Spark LTZ 1.0 AT 2015,2015,Nhập khẩu,Tp.HCM,Hatchback,800.000 km,Số tự động,Xe cũ,Máy xăng,179 triệu
17/10/2025,Howo A7 2021,2021,Nhập khẩu,Vinh - Nghệ An,Xe tải,01 km,Số sàn,Xe cũ,Máy dầu,508 triệu
17/10/2025,Kia Rondo 2.0 GAT 2017,2017,Trong nước,Vinh - Nghệ An,MPV,164.087 km,Số tự động,Xe cũ,Máy xăng,250 triệu
07/10/2025,Hyundai Stargazer 1.5 AT Đặc biệt 2024,2024,Nhập khẩu,Đồng Nai,MPV,63.000 km,Số tự động,Xe cũ,Máy xăng,475 triệu
07/10/2025,Mitsubishi Pajero Sport D 4x2 MT 2014,2014,Trong nước,Tp.HCM,SUV,120.000 km,Số sàn,Xe cũ,Máy dầu,345 triệu
25/09/2025,MG ZS 1.5 2WD Luxury 2022,2022,Nhập khẩu,Cầu Giấy - Hà Nội,Crossover,100.000 km,Số tự động,Xe cũ,Máy xăng,320 triệu
08/10/2025,Hyundai Tucson 1.6 Turbo HTRAC 2024,2024,Trong nước,Hà Nội,SUV,20.000 km,Số tự động,Xe cũ,Máy xăng,910 triệu
07/10/2025,Mazda CX-5 2.0 Luxury 2022,2022,Nhập khẩu,Bình Dương,SUV,84.000 km,Số tự động,Xe cũ,Máy xăng,670 triệu
07/10/2025,Hyundai Accent 1.4 MT 2023,2023,Trong nước,Thừa Thiên Huế,Sedan,54.000 km,Số sàn,Xe cũ,Máy xăng,395 triệu
07/10/2025,Hyundai Kona 2.0 AT Tiêu chuẩn 2020,2020,Nhập khẩu,Dĩ An - Bình Dương,SUV,38.000 km,Số tự động,Xe cũ,Máy xăng,480 triệu
07/10/2025,Ford Ranger Wildtrak 2.0L 4x2 AT 2019,2019,Nhập khẩu,Tp.HCM,Bán tải,69.000 km,Số tự động,Xe cũ,Máy dầu,580 triệu
26/09/2025,Toyota Innova 2.0E 2018,2018,Trong nước,Đông Anh - Hà Nội,MPV,70.000 km,Số sàn,Xe cũ,Máy xăng,375 triệu
17/10/2025,Honda City 1.5 TOP CVT 2020,2020,Trong nước,Đông Anh - Hà Nội,Sedan,90.000 km,Số tự động,Xe cũ,Máy xăng,395 triệu
11/10/2025,Hyundai Grand Starex 2.4 MT 2008,2008,Nhập khẩu,Đông Anh - Hà Nội,Van/Minivan,12.000 km,Số sàn,Xe cũ,Máy dầu,240 triệu
17/10/2025,Ford Everest 2.0L ST5 6AT 2WD Titanium 2020,2020,Nhập khẩu,Tân Phú - Tp.HCM,SUV,76.000 km,Số tự động,Xe cũ,Máy dầu,840 triệu
07/10/2025,Toyota Corolla Altis 1.8G CVT 2019,2019,Nhập khẩu,Hà Nội,Sedan,70.000 km,Số tự động,Xe cũ,Máy xăng,506 triệu
07/10/2025,Mercedes-Benz CLA 45 4Matic 2016,2016,Nhập khẩu,Tp.HCM,Sedan,72.000 km,Số tự động,Xe cũ,Máy xăng,839 triệu
17/10/2025,Ford EcoSport Titanium 1.5L AT 2017,2017,Trong nước,Tân Phú - Tp.HCM,SUV,87.000 km,Số tự động,Xe cũ,Máy xăng,343 triệu
13/10/2025,Ford Ranger XLT 2.5 4x4 MT 2004,2004,Trong nước,Hải Châu - Đà Nẵng,Bán tải,156.000 km,Số sàn,Xe cũ,Máy dầu,135 triệu
11/10/2025,Hyundai Porter II 2015,2015,Nhập khẩu,Đông Anh - Hà Nội,Xe tải,10.000 km,Số sàn,Xe cũ,Máy dầu,340 triệu
14/10/2025,Kia Sedona 2.2 Luxury 2019,2019,Trong nước,Tp.HCM,MPV,78.000 km,Số tự động,Xe cũ,Máy dầu,769 triệu
11/10/2025,Dongben X30 2017,2017,Trong nước,Đông Anh - Hà Nội,Van/Minivan,12.000 km,Số sàn,Xe cũ,Máy xăng,110 triệu
15/10/2025,Kia Carnival 2.2D Signature 2021,2021,Trong nước,Quận 2 - Tp.HCM,MPV,55.000 km,Số tự động,Xe cũ,Máy dầu,1 tỉ 080 triệu
17/10/2025,Daewoo Matiz 2010,2010,Nhập khẩu,Đoan Hùng - Phú Thọ,Hatchback,150.000 km,Số tự động,Xe cũ,Máy xăng,125 triệu
17/10/2025,Ford Transit Tiêu chuẩn 2017,2017,Trong nước,Đông Anh - Hà Nội,Van/Minivan,11.000 km,Số sàn,Xe cũ,Máy dầu,385 triệu
"17/10/2025,""Ford Explorer 2.3L Ecoboost, Platinum 2017"",2017,Nhập khẩu,Ba Đình - Hà Nội,SUV,150.000 km,Số tự động,Xe cũ,Máy xăng,770 triệu"
12/10/2025,Ford Ranger XLS 2.0L 4x2 MT 2017,2017,Nhập khẩu,Hải Châu - Đà Nẵng,Bán tải,85.000 km,Số sàn,Xe cũ,Máy dầu,355 triệu
07/10/2025,Mercedes-Benz GLC 300 4Matic 2021,2021,Trong nước,Tp.HCM,SUV,59.000 km,Số tự động,Xe cũ,Máy xăng,1 tỉ 599 triệu
04/10/2025,Hyundai Porter II 2016,2016,Nhập khẩu,Đông Anh - Hà Nội,Xe tải,60.000 km,Số sàn,Xe cũ,Máy dầu,360 triệu
17/10/2025,Mercedes-Benz S63 2008,2008,Nhập khẩu,Cầu Giấy - Hà Nội,Sedan,134.052 km,Số tự động,Xe cũ,Máy xăng,368 triệu
17/10/2025,Volvo XC60 B6 AWD Inscription 2022,2022,Nhập khẩu,Long Biên - Hà Nội,SUV,44.000 km,Số tự động,Xe cũ,Hybrid,1 tỉ 739 triệu
17/10/2025,Hyundai Santa Fe 2.2 Dầu Cao cấp 2021,2021,Trong nước,Thanh Xuân - Hà Nội,SUV,53.010 km,Số tự động,Xe cũ,Máy dầu,1 tỉ 035 triệu
17/10/2025,Kia Carnival 2.2D Signature 2023,2023,Trong nước,Thanh Xuân - Hà Nội,MPV,46.112 km,Số tự động,Xe cũ,Máy dầu,1 tỉ 230 triệu
17/10/2025,JAC N350S 2022,2022,Trong nước,Cầu Giấy - Hà Nội,Xe tải,88.494 km,Số sàn,Xe cũ,Máy dầu,248 triệu
06/10/2025,Toyota Fortuner 2015,2015,Nhập khẩu,Hà Nội,SUV,239.000 km,Số tự động,Xe cũ,Máy dầu,430 triệu
07/10/2025,Hyundai Santa Fe 2007,2007,Nhập khẩu,Hà Nội,SUV,10.000 km,Số tự động,Xe cũ,Máy xăng,185 triệu
07/10/2025,Honda CR-V 1.5 G 2023,2023,Nhập khẩu,Bình Thạnh - Tp.HCM,SUV,13.000 km,Số tự động,Xe cũ,Máy xăng,870 triệu
06/10/2025,Acura MDX 2008,2008,Nhập khẩu,Đà Nẵng,SUV,120.000 km,Số tự động,Xe cũ,Máy xăng,365 triệu
07/10/2025,Mercedes-Benz Sprinter 2007,2007,Nhập khẩu,Tp.HCM,Van/Minivan,65.000 km,Số sàn,Xe cũ,Máy dầu,115 triệu
07/10/2025,Mitsubishi Pajero Sport D 4x2 AT 2012,2012,Trong nước,Tp.HCM,SUV,160.000 km,Số tự động,Xe cũ,Máy dầu,320 triệu
07/10/2025,Toyota Innova 2.0G 2014,2014,Trong nước,Tp.HCM,SUV,65.000 km,Số tự động,Xe cũ,Máy xăng,268 triệu
07/10/2025,Mercedes-Benz C250 2009,2009,Nhập khẩu,Bến Tre,Sedan,100.000 km,Số tự động,Xe cũ,Máy xăng,245 triệu
16/10/2025,Mitsubishi Pajero 3.0 V6 2002,2002,Trong nước,Vũng Tàu - Bà Rịa Vũng Tàu,SUV,300.000 km,Số tự động,Xe cũ,Máy xăng,105 triệu
07/10/2025,Mazda CX-8 Deluxe 2020,2020,Nhập khẩu,Đà Nẵng,SUV,90.000 km,Số tự động,Xe cũ,Máy xăng,650 triệu
15/10/2025,Mercedes-Benz GLC 300 4Matic Coupe 2022,2022,Nhập khẩu,Quận 7 - Tp.HCM,SUV,60.000 km,Số tự động,Xe cũ,Máy xăng,1 tỉ 899 triệu
07/10/2025,Toyota Vios G 2024,2024,Trong nước,Quận 6 - Tp.HCM,Sedan,1.196 km,Số tự động,Xe cũ,Máy xăng,505 triệu
07/10/2025,Hyundai Stargazer 1.5 AT Cao cấp 2022,2022,Nhập khẩu,Bình Thuận,MPV,55.000 km,Số tự động,Xe cũ,Máy xăng,450 triệu
16/10/2025,Toyota Innova 2.0G 2006,2006,Trong nước,Tây Ninh,SUV,100.000 km,Số sàn,Xe cũ,Máy xăng,169 triệu
16/10/2025,Toyota Innova 2.0G 2007,2007,Trong nước,Tây Ninh,SUV,100.000 km,Số sàn,Xe cũ,Máy xăng,189 triệu
16/10/2025,Toyota Innova 2.0G 2013,2013,Trong nước,Tây Ninh,MPV,100.000 km,Số tự động,Xe cũ,Máy xăng,255 triệu
07/10/2025,Toyota Corolla Cross 1.8 V  2024,2024,Nhập khẩu,Tp.HCM,SUV,11.000 km,Số tự động,Xe cũ,Máy xăng,820 triệu
07/10/2025,BMW 320i GT 2018,2018,Nhập khẩu,Tp.HCM,Sedan,47.000 km,Số tự động,Xe cũ,Máy xăng,850 triệu
06/10/2025,Peugeot 3008 2018,2018,Trong nước,Hà Nội,SUV,130.000 km,Số tự động,Xe cũ,Máy xăng,530 triệu
06/10/2025,Hyundai Grand i10 Sedan 1.2 MT 2016,2016,Nhập khẩu,Vĩnh Phúc,Sedan,150.000 km,Số sàn,Xe cũ,Máy xăng,180 triệu
07/10/2025,MG HS 2020,2020,Nhập khẩu,Nam Định,,41.000 km,Số tự động,Xe cũ,Máy xăng,485 triệu
07/10/2025,Hyundai Tucson 2.0 Dầu đặc biệt 2009,2009,Nhập khẩu,Đồng Nai,SUV,205.000 km,Số tự động,Xe cũ,Máy dầu,210 triệu
07/10/2025,Mercedes-Benz C180 AMG 2021,2021,Trong nước,Hà Nội,Sedan,40.000 km,Số tự động,Xe cũ,Máy xăng,860 triệu
06/10/2025,Toyota Vios 2010,2010,Nhập khẩu,Tp.HCM,Sedan,220.000 km,Số sàn,Xe cũ,Máy xăng,142 triệu
16/10/2025,Hyundai Grand i10 Hatchback 1.2 AT 2014,2014,Nhập khẩu,Bà Rịa - Bà Rịa Vũng Tàu,Sedan,51.000 km,Số tự động,Xe cũ,Máy xăng,245 triệu
16/10/2025,Mercedes-Benz GLC 300 4Matic 2019,2019,Nhập khẩu,Quận 7 - Tp.HCM,SUV,66.000 km,Số tự động,Xe cũ,Máy xăng,1 tỉ 050 triệu
16/10/2025,BMW X3 2025,2025,Nhập khẩu,Quận 7 - Tp.HCM,SUV,2.500 km,Số tự động,Xe cũ,Máy xăng,2 tỉ 178 triệu
07/10/2025,Kia Cerato 1.6 AT Deluxe 2010,2010,Nhập khẩu,Hải Phòng,Sedan,184.000 km,Số tự động,Xe cũ,Máy xăng,235 triệu
07/10/2025,Honda City RS 2023,2023,Trong nước,Tp.HCM,Sedan,14.100 km,Số tự động,Xe cũ,Máy xăng,539 triệu
16/10/2025,VinFast VF5 2025,2025,Trong nước,Vĩnh Yên - Vĩnh Phúc,,31.000 km,Số tự động,Xe cũ,Máy xăng,450 triệu
16/10/2025,VinFast VF8 2024,2024,Trong nước,Vĩnh Yên - Vĩnh Phúc,,28.000 km,Số tự động,Xe cũ,Máy xăng,440 triệu
16/10/2025,Nissan Almera MT 2021,2021,Nhập khẩu,Cầu Giấy - Hà Nội,Sedan,10.000 km,Số sàn,Xe cũ,Máy xăng,80 triệu
16/10/2025,Toyota Veloz Cross CVT Top 2023,2023,Trong nước,Nam Từ Liêm - Hà Nội,Crossover,80.000 km,Số tự động,Xe cũ,Máy xăng,565 triệu
15/10/2025,Hyundai Avante 1.6 MT 2012,2012,Trong nước,Đoan Hùng - Phú Thọ,Sedan,130.000 km,Số sàn,Xe cũ,Máy xăng,200 triệu
15/10/2025,Honda CR-V 2.4L TG 2010,2010,Trong nước,Đoan Hùng - Phú Thọ,SUV,130.000 km,Số tự động,Xe cũ,Máy xăng,290 triệu
15/10/2025,Kia Spectra 2003,2003,Trong nước,Đoan Hùng - Phú Thọ,Sedan,150.000 km,Số sàn,Xe cũ,Máy xăng,75 triệu
15/10/2025,Ford Laser 2005,2005,Trong nước,Đoan Hùng - Phú Thọ,Sedan,210.000 km,Số sàn,Xe cũ,Máy xăng,85 triệu
15/10/2025,Toyota Corolla Altis 1.8E MT 2002,2002,Trong nước,Đoan Hùng - Phú Thọ,Sedan,105.000 km,Số sàn,Xe cũ,Máy xăng,125 triệu
15/10/2025,Toyota Corolla Altis 1.8G MT 2004,2004,Trong nước,Đoan Hùng - Phú Thọ,Sedan,230.000 km,Số sàn,Xe cũ,Máy xăng,135 triệu
07/10/2025,Kia Cerato 1.6 AT Premium 2017,2017,Trong nước,Đắk Lắk,Sedan,98.000 km,Số tự động,Xe cũ,Máy xăng,355 triệu
16/10/2025,Howo Xe ben 2022,2022,Nhập khẩu,Cầu Giấy - Hà Nội,Xe tải,10.000 km,Số sàn,Xe cũ,Máy dầu,700 triệu
24/09/2025,Hyundai Grand i10 Hatchback 1.2 AT 2020,2020,Trong nước,Hà Nội,Hatchback,80.000 km,Số tự động,Xe cũ,Máy xăng,289 triệu
27/09/2025,Kia K3 2.0 Premium 2022,2022,Trong nước,Tân Uyên - Bình Dương,Sedan,64.000 km,Số tự động,Xe cũ,Máy xăng,545 triệu
27/09/2025,Kia Sportage 2.0D Signature 2022,2022,Trong nước,Tây Hồ - Hà Nội,SUV,233.000 km,Số tự động,Xe cũ,Máy dầu,830 triệu
27/09/2025,MG ZS 1.5 2WD Comfort 2020,2020,Nhập khẩu,Hạ Long - Quảng Ninh,SUV,69.000 km,Số tự động,Xe cũ,Máy xăng,325 triệu
27/09/2025,Ford Territory 1.5L Titanium 2022,2022,Trong nước,Bắc Từ Liêm - Hà Nội,SUV,46.000 km,Số tự động,Xe cũ,Máy xăng,729 triệu
27/09/2025,Mitsubishi Triton 4×2 AT MIVEC 2020,2020,Nhập khẩu,Bắc Từ Liêm - Hà Nội,Bán tải,73.000 km,Số tự động,Xe cũ,Máy dầu,495 triệu
26/09/2025,Hyundai Grand i10 Sedan 1.2 AT 2019,2019,Trong nước,Quận 6 - Tp.HCM,Hatchback,70.000 km,Số tự động,Xe cũ,Máy xăng,305 triệu
20/09/2025,Nissan X trail 2.5 SV 4WD 2019,2019,Trong nước,Thanh Xuân - Hà Nội,SUV,8.000 km,Số tự động,Xe cũ,Máy xăng,605 triệu
21/09/2025,Mazda CX-5 2.0 Luxury 2012,2012,Nhập khẩu,Thanh Xuân - Hà Nội,SUV,8.000 km,Số tự động,Xe cũ,Máy xăng,399 triệu
21/09/2025,Toyota Fortuner 2.7 V 4X2 AT 2019,2019,Nhập khẩu,Thanh Xuân - Hà Nội,MPV,8.000 km,Số tự động,Xe cũ,Máy xăng,750 triệu
24/09/2025,Toyota Vios Limo 2010,2010,Trong nước,Tân Yên - Bắc Giang,Sedan,40 km,Số sàn,Xe cũ,Máy xăng,116 triệu
26/09/2025,Daewoo Matiz SE 2004,2004,Trong nước,Hoàng Mai - Hà Nội,Hatchback,11.000 km,Số sàn,Xe cũ,Máy xăng,58 triệu
25/09/2025,Ford Ranger XLS 2.0L 4x2 AT 2020,2020,Trong nước,Cầu Giấy - Hà Nội,Bán tải,100.000 km,Số tự động,Xe cũ,Máy dầu,495 triệu
25/09/2025,Hyundai Santa Fe 2.2L Dầu Tiêu chuẩn 2021,2021,Trong nước,Cầu Giấy - Hà Nội,SUV,75.000 km,Số tự động,Xe cũ,Máy dầu,830 triệu
25/09/2025,Toyota Camry 2.5G 2009,2009,Nhập khẩu,Cầu Giấy - Hà Nội,Sedan,156.000 km,Số tự động,Xe cũ,Máy xăng,420 triệu
24/09/2025,Hyundai Grand i10 Hatchback 1.2 AT 2020,2020,Trong nước,Hà Nội,Hatchback,80.000 km,Số tự động,Xe cũ,Máy xăng,289 triệu
27/09/2025,Kia K3 2.0 Premium 2022,2022,Trong nước,Tân Uyên - Bình Dương,Sedan,64.000 km,Số tự động,Xe cũ,Máy xăng,545 triệu
27/09/2025,Kia Sportage 2.0D Signature 2022,2022,Trong nước,Tây Hồ - Hà Nội,SUV,233.000 km,Số tự động,Xe cũ,Máy dầu,830 triệu
27/09/2025,MG ZS 1.5 2WD Comfort 2020,2020,Nhập khẩu,Hạ Long - Quảng Ninh,SUV,69.000 km,Số tự động,Xe cũ,Máy xăng,325 triệu
27/09/2025,Ford Territory 1.5L Titanium 2022,2022,Trong nước,Bắc Từ Liêm - Hà Nội,SUV,46.000 km,Số tự động,Xe cũ,Máy xăng,729 triệu
27/09/2025,Mitsubishi Triton 4×2 AT MIVEC 2020,2020,Nhập khẩu,Bắc Từ Liêm - Hà Nội,Bán tải,73.000 km,Số tự động,Xe cũ,Máy dầu,495 triệu
26/09/2025,Hyundai Grand i10 Sedan 1.2 AT 2019,2019,Trong nước,Quận 6 - Tp.HCM,Hatchback,70.000 km,Số tự động,Xe cũ,Máy xăng,305 triệu
20/09/2025,Nissan X trail 2.5 SV 4WD 2019,2019,Trong nước,Thanh Xuân - Hà Nội,SUV,8.000 km,Số tự động,Xe cũ,Máy xăng,605 triệu
21/09/2025,Mazda CX-5 2.0 Luxury 2012,2012,Nhập khẩu,Thanh Xuân - Hà Nội,SUV,8.000 km,Số tự động,Xe cũ,Máy xăng,399 triệu
21/09/2025,Toyota Fortuner 2.7 V 4X2 AT 2019,2019,Nhập khẩu,Thanh Xuân - Hà Nội,MPV,8.000 km,Số tự động,Xe cũ,Máy xăng,750 triệu
24/09/2025,Toyota Vios Limo 2010,2010,Trong nước,Tân Yên - Bắc Giang,Sedan,40 km,Số sàn,Xe cũ,Máy xăng,116 triệu
26/09/2025,Daewoo Matiz SE 2004,2004,Trong nước,Hoàng Mai - Hà Nội,Hatchback,11.000 km,Số sàn,Xe cũ,Máy xăng,58 triệu
25/09/2025,Ford Ranger XLS 2.0L 4x2 AT 2020,2020,Trong nước,Cầu Giấy - Hà Nội,Bán tải,100.000 km,Số tự động,Xe cũ,Máy dầu,495 triệu
25/09/2025,Hyundai Santa Fe 2.2L Dầu Tiêu chuẩn 2021,2021,Trong nước,Cầu Giấy - Hà Nội,SUV,75.000 km,Số tự động,Xe cũ,Máy dầu,830 triệu
25/09/2025,Toyota Camry 2.5G 2009,2009,Nhập khẩu,Cầu Giấy - Hà Nội,Sedan,156.000 km,Số tự động,Xe cũ,Máy xăng,420 triệu
24/09/2025,Hyundai Grand i10 Hatchback 1.2 AT 2020,2020,Trong nước,Hà Nội,Hatchback,80.000 km,Số tự động,Xe cũ,Máy xăng,289 triệu
27/09/2025,Kia K3 2.0 Premium 2022,2022,Trong nước,Tân Uyên - Bình Dương,Sedan,64.000 km,Số tự động,Xe cũ,Máy xăng,545 triệu
27/09/2025,Kia Sportage 2.0D Signature 2022,2022,Trong nước,Tây Hồ - Hà Nội,SUV,233.000 km,Số tự động,Xe cũ,Máy dầu,830 triệu
27/09/2025,MG ZS 1.5 2WD Comfort 2020,2020,Nhập khẩu,Hạ Long - Quảng Ninh,SUV,69.000 km,Số tự động,Xe cũ,Máy xăng,325 triệu
27/09/2025,Ford Territory 1.5L Titanium 2022,2022,Trong nước,Bắc Từ Liêm - Hà Nội,SUV,46.000 km,Số tự động,Xe cũ,Máy xăng,729 triệu
27/09/2025,Mitsubishi Triton 4×2 AT MIVEC 2020,2020,Nhập khẩu,Bắc Từ Liêm - Hà Nội,Bán tải,73.000 km,Số tự động,Xe cũ,Máy dầu,495 triệu
26/09/2025,Hyundai Grand i10 Sedan 1.2 AT 2019,2019,Trong nước,Quận 6 - Tp.HCM,Hatchback,70.000 km,Số tự động,Xe cũ,Máy xăng,305 triệu
20/09/2025,Nissan X trail 2.5 SV 4WD 2019,2019,Trong nước,Thanh Xuân - Hà Nội,SUV,8.000 km,Số tự động,Xe cũ,Máy xăng,605 triệu
21/09/2025,Mazda CX-5 2.0 Luxury 2012,2012,Nhập khẩu,Thanh Xuân - Hà Nội,SUV,8.000 km,Số tự động,Xe cũ,Máy xăng,399 triệu
21/09/2025,Toyota Fortuner 2.7 V 4X2 AT 2019,2019,Nhập khẩu,Thanh Xuân - Hà Nội,MPV,8.000 km,Số tự động,Xe cũ,Máy xăng,750 triệu
24/09/2025,Toyota Vios Limo 2010,2010,Trong nước,Tân Yên - Bắc Giang,Sedan,40 km,Số sàn,Xe cũ,Máy xăng,116 triệu
26/09/2025,Daewoo Matiz SE 2004,2004,Trong nước,Hoàng Mai - Hà Nội,Hatchback,11.000 km,Số sàn,Xe cũ,Máy xăng,58 triệu
25/09/2025,Ford Ranger XLS 2.0L 4x2 AT 2020,2020,Trong nước,Cầu Giấy - Hà Nội,Bán tải,100.000 km,Số tự động,Xe cũ,Máy dầu,495 triệu
25/09/2025,Hyundai Santa Fe 2.2L Dầu Tiêu chuẩn 2021,2021,Trong nước,Cầu Giấy - Hà Nội,SUV,75.000 km,Số tự động,Xe cũ,Máy dầu,830 triệu
25/09/2025,Toyota Camry 2.5G 2009,2009,Nhập khẩu,Cầu Giấy - Hà Nội,Sedan,156.000 km,Số tự động,Xe cũ,Máy xăng,420 triệu
24/09/2025,Hyundai Grand i10 Hatchback 1.2 AT 2020,2020,Trong nước,Hà Nội,Hatchback,80.000 km,Số tự động,Xe cũ,Máy xăng,289 triệu
27/09/2025,Kia K3 2.0 Premium 2022,2022,Trong nước,Tân Uyên - Bình Dương,Sedan,64.000 km,Số tự động,Xe cũ,Máy xăng,545 triệu
27/09/2025,Kia Sportage 2.0D Signature 2022,2022,Trong nước,Tây Hồ - Hà Nội,SUV,233.000 km,Số tự động,Xe cũ,Máy dầu,830 triệu
27/09/2025,MG ZS 1.5 2WD Comfort 2020,2020,Nhập khẩu,Hạ Long - Quảng Ninh,SUV,69.000 km,Số tự động,Xe cũ,Máy xăng,325 triệu
27/09/2025,Ford Territory 1.5L Titanium 2022,2022,Trong nước,Bắc Từ Liêm - Hà Nội,SUV,46.000 km,Số tự động,Xe cũ,Máy xăng,729 triệu
27/09/2025,Mitsubishi Triton 4×2 AT MIVEC 2020,2020,Nhập khẩu,Bắc Từ Liêm - Hà Nội,Bán tải,73.000 km,Số tự động,Xe cũ,Máy dầu,495 triệu
26/09/2025,Hyundai Grand i10 Sedan 1.2 AT 2019,2019,Trong nước,Quận 6 - Tp.HCM,Hatchback,70.000 km,Số tự động,Xe cũ,Máy xăng,305 triệu
20/09/2025,Nissan X trail 2.5 SV 4WD 2019,2019,Trong nước,Thanh Xuân - Hà Nội,SUV,8.000 km,Số tự động,Xe cũ,Máy xăng,605 triệu
21/09/2025,Mazda CX-5 2.0 Luxury 2012,2012,Nhập khẩu,Thanh Xuân - Hà Nội,SUV,8.000 km,Số tự động,Xe cũ,Máy xăng,399 triệu
21/09/2025,Toyota Fortuner 2.7 V 4X2 AT 2019,2019,Nhập khẩu,Thanh Xuân - Hà Nội,MPV,8.000 km,Số tự động,Xe cũ,Máy xăng,750 triệu
24/09/2025,Toyota Vios Limo 2010,2010,Trong nước,Tân Yên - Bắc Giang,Sedan,40 km,Số sàn,Xe cũ,Máy xăng,116 triệu
26/09/2025,Daewoo Matiz SE 2004,2004,Trong nước,Hoàng Mai - Hà Nội,Hatchback,11.000 km,Số sàn,Xe cũ,Máy xăng,58 triệu
25/09/2025,Ford Ranger XLS 2.0L 4x2 AT 2020,2020,Trong nước,Cầu Giấy - Hà Nội,Bán tải,100.000 km,Số tự động,Xe cũ,Máy dầu,495 triệu
25/09/2025,Hyundai Santa Fe 2.2L Dầu Tiêu chuẩn 2021,2021,Trong nước,Cầu Giấy - Hà Nội,SUV,75.000 km,Số tự động,Xe cũ,Máy dầu,830 triệu
25/09/2025,Toyota Camry 2.5G 2009,2009,Nhập khẩu,Cầu Giấy - Hà Nội,Sedan,156.000 km,Số tự động,Xe cũ,Máy xăng,420 triệu
24/09/2025,Hyundai Grand i10 Hatchback 1.2 AT 2020,2020,Trong nước,Hà Nội,Hatchback,80.000 km,Số tự động,Xe cũ,Máy xăng,289 triệu
27/09/2025,Kia K3 2.0 Premium 2022,2022,Trong nước,Tân Uyên - Bình Dương,Sedan,64.000 km,Số tự động,Xe cũ,Máy xăng,545 triệu
27/09/2025,Kia Sportage 2.0D Signature 2022,2022,Trong nước,Tây Hồ - Hà Nội,SUV,233.000 km,Số tự động,Xe cũ,Máy dầu,830 triệu
27/09/2025,MG ZS 1.5 2WD Comfort 2020,2020,Nhập khẩu,Hạ Long - Quảng Ninh,SUV,69.000 km,Số tự động,Xe cũ,Máy xăng,325 triệu
27/09/2025,Ford Territory 1.5L Titanium 2022,2022,Trong nước,Bắc Từ Liêm - Hà Nội,SUV,46.000 km,Số tự động,Xe cũ,Máy xăng,729 triệu
27/09/2025,Mitsubishi Triton 4×2 AT MIVEC 2020,2020,Nhập khẩu,Bắc Từ Liêm - Hà Nội,Bán tải,73.000 km,Số tự động,Xe cũ,Máy dầu,495 triệu
26/09/2025,Hyundai Grand i10 Sedan 1.2 AT 2019,2019,Trong nước,Quận 6 - Tp.HCM,Hatchback,70.000 km,Số tự động,Xe cũ,Máy xăng,305 triệu
20/09/2025,Nissan X trail 2.5 SV 4WD 2019,2019,Trong nước,Thanh Xuân - Hà Nội,SUV,8.000 km,Số tự động,Xe cũ,Máy xăng,605 triệu
21/09/2025,Mazda CX-5 2.0 Luxury 2012,2012,Nhập khẩu,Thanh Xuân - Hà Nội,SUV,8.000 km,Số tự động,Xe cũ,Máy xăng,399 triệu
21/09/2025,Toyota Fortuner 2.7 V 4X2 AT 2019,2019,Nhập khẩu,Thanh Xuân - Hà Nội,MPV,8.000 km,Số tự động,Xe cũ,Máy xăng,750 triệu
24/09/2025,Toyota Vios Limo 2010,2010,Trong nước,Tân Yên - Bắc Giang,Sedan,40 km,Số sàn,Xe cũ,Máy xăng,116 triệu
26/09/2025,Daewoo Matiz SE 2004,2004,Trong nước,Hoàng Mai - Hà Nội,Hatchback,11.000 km,Số sàn,Xe cũ,Máy xăng,58 triệu
25/09/2025,Ford Ranger XLS 2.0L 4x2 AT 2020,2020,Trong nước,Cầu Giấy - Hà Nội,Bán tải,100.000 km,Số tự động,Xe cũ,Máy dầu,495 triệu
25/09/2025,Hyundai Santa Fe 2.2L Dầu Tiêu chuẩn 2021,2021,Trong nước,Cầu Giấy - Hà Nội,SUV,75.000 km,Số tự động,Xe cũ,Máy dầu,830 triệu
25/09/2025,Toyota Camry 2.5G 2009,2009,Nhập khẩu,Cầu Giấy - Hà Nội,Sedan,156.000 km,Số tự động,Xe cũ,Máy xăng,420 triệu
24/09/2025,Hyundai Grand i10 Hatchback 1.2 AT 2020,2020,Trong nước,Hà Nội,Hatchback,80.000 km,Số tự động,Xe cũ,Máy xăng,289 triệu
27/09/2025,Kia K3 2.0 Premium 2022,2022,Trong nước,Tân Uyên - Bình Dương,Sedan,64.000 km,Số tự động,Xe cũ,Máy xăng,545 triệu
27/09/2025,Kia Sportage 2.0D Signature 2022,2022,Trong nước,Tây Hồ - Hà Nội,SUV,233.000 km,Số tự động,Xe cũ,Máy dầu,830 triệu
27/09/2025,MG ZS 1.5 2WD Comfort 2020,2020,Nhập khẩu,Hạ Long - Quảng Ninh,SUV,69.000 km,Số tự động,Xe cũ,Máy xăng,325 triệu
27/09/2025,Ford Territory 1.5L Titanium 2022,2022,Trong nước,Bắc Từ Liêm - Hà Nội,SUV,46.000 km,Số tự động,Xe cũ,Máy xăng,729 triệu
27/09/2025,Mitsubishi Triton 4×2 AT MIVEC 2020,2020,Nhập khẩu,Bắc Từ Liêm - Hà Nội,Bán tải,73.000 km,Số tự động,Xe cũ,Máy dầu,495 triệu
26/09/2025,Hyundai Grand i10 Sedan 1.2 AT 2019,2019,Trong nước,Quận 6 - Tp.HCM,Hatchback,70.000 km,Số tự động,Xe cũ,Máy xăng,305 triệu
20/09/2025,Nissan X trail 2.5 SV 4WD 2019,2019,Trong nước,Thanh Xuân - Hà Nội,SUV,8.000 km,Số tự động,Xe cũ,Máy xăng,605 triệu
21/09/2025,Mazda CX-5 2.0 Luxury 2012,2012,Nhập khẩu,Thanh Xuân - Hà Nội,SUV,8.000 km,Số tự động,Xe cũ,Máy xăng,399 triệu
21/09/2025,Toyota Fortuner 2.7 V 4X2 AT 2019,2019,Nhập khẩu,Thanh Xuân - Hà Nội,MPV,8.000 km,Số tự động,Xe cũ,Máy xăng,750 triệu
24/09/2025,Toyota Vios Limo 2010,2010,Trong nước,Tân Yên - Bắc Giang,Sedan,40 km,Số sàn,Xe cũ,Máy xăng,116 triệu
26/09/2025,Daewoo Matiz SE 2004,2004,Trong nước,Hoàng Mai - Hà Nội,Hatchback,11.000 km,Số sàn,Xe cũ,Máy xăng,58 triệu
25/09/2025,Ford Ranger XLS 2.0L 4x2 AT 2020,2020,Trong nước,Cầu Giấy - Hà Nội,Bán tải,100.000 km,Số tự động,Xe cũ,Máy dầu,495 triệu
25/09/2025,Hyundai Santa Fe 2.2L Dầu Tiêu chuẩn 2021,2021,Trong nước,Cầu Giấy - Hà Nội,SUV,75.000 km,Số tự động,Xe cũ,Máy dầu,830 triệu
25/09/2025,Toyota Camry 2.5G 2009,2009,Nhập khẩu,Cầu Giấy - Hà Nội,Sedan,156.000 km,Số tự động,Xe cũ,Máy xăng,420 triệu
24/09/2025,Hyundai Grand i10 Hatchback 1.2 AT 2020,2020,Trong nước,Hà Nội,Hatchback,80.000 km,Số tự động,Xe cũ,Máy xăng,289 triệu
27/09/2025,Kia K3 2.0 Premium 2022,2022,Trong nước,Tân Uyên - Bình Dương,Sedan,64.000 km,Số tự động,Xe cũ,Máy xăng,545 triệu
27/09/2025,Kia Sportage 2.0D Signature 2022,2022,Trong nước,Tây Hồ - Hà Nội,SUV,233.000 km,Số tự động,Xe cũ,Máy dầu,830 triệu
27/09/2025,MG ZS 1.5 2WD Comfort 2020,2020,Nhập khẩu,Hạ Long - Quảng Ninh,SUV,69.000 km,Số tự động,Xe cũ,Máy xăng,325 triệu
27/09/2025,Ford Territory 1.5L Titanium 2022,2022,Trong nước,Bắc Từ Liêm - Hà Nội,SUV,46.000 km,Số tự động,Xe cũ,Máy xăng,729 triệu
27/09/2025,Mitsubishi Triton 4×2 AT MIVEC 2020,2020,Nhập khẩu,Bắc Từ Liêm - Hà Nội,Bán tải,73.000 km,Số tự động,Xe cũ,Máy dầu,495 triệu
26/09/2025,Hyundai Grand i10 Sedan 1.2 AT 2019,2019,Trong nước,Quận 6 - Tp.HCM,Hatchback,70.000 km,Số tự động,Xe cũ,Máy xăng,305 triệu
20/09/2025,Nissan X trail 2.5 SV 4WD 2019,2019,Trong nước,Thanh Xuân - Hà Nội,SUV,8.000 km,Số tự động,Xe cũ,Máy xăng,605 triệu
21/09/2025,Mazda CX-5 2.0 Luxury 2012,2012,Nhập khẩu,Thanh Xuân - Hà Nội,SUV,8.000 km,Số tự động,Xe cũ,Máy xăng,399 triệu
21/09/2025,Toyota Fortuner 2.7 V 4X2 AT 2019,2019,Nhập khẩu,Thanh Xuân - Hà Nội,MPV,8.000 km,Số tự động,Xe cũ,Máy xăng,750 triệu
24/09/2025,Toyota Vios Limo 2010,2010,Trong nước,Tân Yên - Bắc Giang,Sedan,40 km,Số sàn,Xe cũ,Máy xăng,116 triệu
26/09/2025,Daewoo Matiz SE 2004,2004,Trong nước,Hoàng Mai - Hà Nội,Hatchback,11.000 km,Số sàn,Xe cũ,Máy xăng,58 triệu
25/09/2025,Ford Ranger XLS 2.0L 4x2 AT 2020,2020,Trong nước,Cầu Giấy - Hà Nội,Bán tải,100.000 km,Số tự động,Xe cũ,Máy dầu,495 triệu
25/09/2025,Hyundai Santa Fe 2.2L Dầu Tiêu chuẩn 2021,2021,Trong nước,Cầu Giấy - Hà Nội,SUV,75.000 km,Số tự động,Xe cũ,Máy dầu,830 triệu
25/09/2025,Toyota Camry 2.5G 2009,2009,Nhập khẩu,Cầu Giấy - Hà Nội,Sedan,156.000 km,Số tự động,Xe cũ,Máy xăng,420 triệu
24/09/2025,Hyundai Grand i10 Hatchback 1.2 AT 2020,2020,Trong nước,Hà Nội,Hatchback,80.000 km,Số tự động,Xe cũ,Máy xăng,289 triệu
27/09/2025,Kia K3 2.0 Premium 2022,2022,Trong nước,Tân Uyên - Bình Dương,Sedan,64.000 km,Số tự động,Xe cũ,Máy xăng,545 triệu
27/09/2025,Kia Sportage 2.0D Signature 2022,2022,Trong nước,Tây Hồ - Hà Nội,SUV,233.000 km,Số tự động,Xe cũ,Máy dầu,830 triệu
27/09/2025,MG ZS 1.5 2WD Comfort 2020,2020,Nhập khẩu,Hạ Long - Quảng Ninh,SUV,69.000 km,Số tự động,Xe cũ,Máy xăng,325 triệu
27/09/2025,Ford Territory 1.5L Titanium 2022,2022,Trong nước,Bắc Từ Liêm - Hà Nội,SUV,46.000 km,Số tự động,Xe cũ,Máy xăng,729 triệu
27/09/2025,Mitsubishi Triton 4×2 AT MIVEC 2020,2020,Nhập khẩu,Bắc Từ Liêm - Hà Nội,Bán tải,73.000 km,Số tự động,Xe cũ,Máy dầu,495 triệu
26/09/2025,Hyundai Grand i10 Sedan 1.2 AT 2019,2019,Trong nước,Quận 6 - Tp.HCM,Hatchback,70.000 km,Số tự động,Xe cũ,Máy xăng,305 triệu
20/09/2025,Nissan X trail 2.5 SV 4WD 2019,2019,Trong nước,Thanh Xuân - Hà Nội,SUV,8.000 km,Số tự động,Xe cũ,Máy xăng,605 triệu
21/09/2025,Mazda CX-5 2.0 Luxury 2012,2012,Nhập khẩu,Thanh Xuân - Hà Nội,SUV,8.000 km,Số tự động,Xe cũ,Máy xăng,399 triệu
21/09/2025,Toyota Fortuner 2.7 V 4X2 AT 2019,2019,Nhập khẩu,Thanh Xuân - Hà Nội,MPV,8.000 km,Số tự động,Xe cũ,Máy xăng,750 triệu
24/09/2025,Toyota Vios Limo 2010,2010,Trong nước,Tân Yên - Bắc Giang,Sedan,40 km,Số sàn,Xe cũ,Máy xăng,116 triệu
26/09/2025,Daewoo Matiz SE 2004,2004,Trong nước,Hoàng Mai - Hà Nội,Hatchback,11.000 km,Số sàn,Xe cũ,Máy xăng,58 triệu
25/09/2025,Ford Ranger XLS 2.0L 4x2 AT 2020,2020,Trong nước,Cầu Giấy - Hà Nội,Bán tải,100.000 km,Số tự động,Xe cũ,Máy dầu,495 triệu
25/09/2025,Hyundai Santa Fe 2.2L Dầu Tiêu chuẩn 2021,2021,Trong nước,Cầu Giấy - Hà Nội,SUV,75.000 km,Số tự động,Xe cũ,Máy dầu,830 triệu
25/09/2025,Toyota Camry 2.5G 2009,2009,Nhập khẩu,Cầu Giấy - Hà Nội,Sedan,156.000 km,Số tự động,Xe cũ,Máy xăng,420 triệu
24/09/2025,Hyundai Grand i10 Hatchback 1.2 AT 2020,2020,Trong nước,Hà Nội,Hatchback,80.000 km,Số tự động,Xe cũ,Máy xăng,289 triệu
27/09/2025,Kia K3 2.0 Premium 2022,2022,Trong nước,Tân Uyên - Bình Dương,Sedan,64.000 km,Số tự động,Xe cũ,Máy xăng,545 triệu
27/09/2025,Kia Sportage 2.0D Signature 2022,2022,Trong nước,Tây Hồ - Hà Nội,SUV,233.000 km,Số tự động,Xe cũ,Máy dầu,830 triệu
27/09/2025,MG ZS 1.5 2WD Comfort 2020,2020,Nhập khẩu,Hạ Long - Quảng Ninh,SUV,69.000 km,Số tự động,Xe cũ,Máy xăng,325 triệu
27/09/2025,Ford Territory 1.5L Titanium 2022,2022,Trong nước,Bắc Từ Liêm - Hà Nội,SUV,46.000 km,Số tự động,Xe cũ,Máy xăng,729 triệu
27/09/2025,Mitsubishi Triton 4×2 AT MIVEC 2020,2020,Nhập khẩu,Bắc Từ Liêm - Hà Nội,Bán tải,73.000 km,Số tự động,Xe cũ,Máy dầu,495 triệu
26/09/2025,Hyundai Grand i10 Sedan 1.2 AT 2019,2019,Trong nước,Quận 6 - Tp.HCM,Hatchback,70.000 km,Số tự động,Xe cũ,Máy xăng,305 triệu
20/09/2025,Nissan X trail 2.5 SV 4WD 2019,2019,Trong nước,Thanh Xuân - Hà Nội,SUV,8.000 km,Số tự động,Xe cũ,Máy xăng,605 triệu
21/09/2025,Mazda CX-5 2.0 Luxury 2012,2012,Nhập khẩu,Thanh Xuân - Hà Nội,SUV,8.000 km,Số tự động,Xe cũ,Máy xăng,399 triệu
21/09/2025,Toyota Fortuner 2.7 V 4X2 AT 2019,2019,Nhập khẩu,Thanh Xuân - Hà Nội,MPV,8.000 km,Số tự động,Xe cũ,Máy xăng,750 triệu
24/09/2025,Toyota Vios Limo 2010,2010,Trong nước,Tân Yên - Bắc Giang,Sedan,40 km,Số sàn,Xe cũ,Máy xăng,116 triệu
26/09/2025,Daewoo Matiz SE 2004,2004,Trong nước,Hoàng Mai - Hà Nội,Hatchback,11.000 km,Số sàn,Xe cũ,Máy xăng,58 triệu
25/09/2025,Ford Ranger XLS 2.0L 4x2 AT 2020,2020,Trong nước,Cầu Giấy - Hà Nội,Bán tải,100.000 km,Số tự động,Xe cũ,Máy dầu,495 triệu
25/09/2025,Hyundai Santa Fe 2.2L Dầu Tiêu chuẩn 2021,2021,Trong nước,Cầu Giấy - Hà Nội,SUV,75.000 km,Số tự động,Xe cũ,Máy dầu,830 triệu
25/09/2025,Toyota Camry 2.5G 2009,2009,Nhập khẩu,Cầu Giấy - Hà Nội,Sedan,156.000 km,Số tự động,Xe cũ,Máy xăng,420 triệu
24/09/2025,Hyundai Grand i10 Hatchback 1.2 AT 2020,2020,Trong nước,Hà Nội,Hatchback,80.000 km,Số tự động,Xe cũ,Máy xăng,289 triệu
27/09/2025,Kia K3 2.0 Premium 2022,2022,Trong nước,Tân Uyên - Bình Dương,Sedan,64.000 km,Số tự động,Xe cũ,Máy xăng,545 triệu
27/09/2025,Kia Sportage 2.0D Signature 2022,2022,Trong nước,Tây Hồ - Hà Nội,SUV,233.000 km,Số tự động,Xe cũ,Máy dầu,830 triệu
27/09/2025,MG ZS 1.5 2WD Comfort 2020,2020,Nhập khẩu,Hạ Long - Quảng Ninh,SUV,69.000 km,Số tự động,Xe cũ,Máy xăng,325 triệu
27/09/2025,Ford Territory 1.5L Titanium 2022,2022,Trong nước,Bắc Từ Liêm - Hà Nội,SUV,46.000 km,Số tự động,Xe cũ,Máy xăng,729 triệu
27/09/2025,Mitsubishi Triton 4×2 AT MIVEC 2020,2020,Nhập khẩu,Bắc Từ Liêm - Hà Nội,Bán tải,73.000 km,Số tự động,Xe cũ,Máy dầu,495 triệu
26/09/2025,Hyundai Grand i10 Sedan 1.2 AT 2019,2019,Trong nước,Quận 6 - Tp.HCM,Hatchback,70.000 km,Số tự động,Xe cũ,Máy xăng,305 triệu
20/09/2025,Nissan X trail 2.5 SV 4WD 2019,2019,Trong nước,Thanh Xuân - Hà Nội,SUV,8.000 km,Số tự động,Xe cũ,Máy xăng,605 triệu
21/09/2025,Mazda CX-5 2.0 Luxury 2012,2012,Nhập khẩu,Thanh Xuân - Hà Nội,SUV,8.000 km,Số tự động,Xe cũ,Máy xăng,399 triệu
21/09/2025,Toyota Fortuner 2.7 V 4X2 AT 2019,2019,Nhập khẩu,Thanh Xuân - Hà Nội,MPV,8.000 km,Số tự động,Xe cũ,Máy xăng,750 triệu
24/09/2025,Toyota Vios Limo 2010,2010,Trong nước,Tân Yên - Bắc Giang,Sedan,40 km,Số sàn,Xe cũ,Máy xăng,116 triệu
26/09/2025,Daewoo Matiz SE 2004,2004,Trong nước,Hoàng Mai - Hà Nội,Hatchback,11.000 km,Số sàn,Xe cũ,Máy xăng,58 triệu
25/09/2025,Ford Ranger XLS 2.0L 4x2 AT 2020,2020,Trong nước,Cầu Giấy - Hà Nội,Bán tải,100.000 km,Số tự động,Xe cũ,Máy dầu,495 triệu
25/09/2025,Hyundai Santa Fe 2.2L Dầu Tiêu chuẩn 2021,2021,Trong nước,Cầu Giấy - Hà Nội,SUV,75.000 km,Số tự động,Xe cũ,Máy dầu,830 triệu
25/09/2025,Toyota Camry 2.5G 2009,2009,Nhập khẩu,Cầu Giấy - Hà Nội,Sedan,156.000 km,Số tự động,Xe cũ,Máy xăng,420 triệu
24/09/2025,Hyundai Grand i10 Hatchback 1.2 AT 2020,2020,Trong nước,Hà Nội,Hatchback,80.000 km,Số tự động,Xe cũ,Máy xăng,289 triệu
27/09/2025,Kia K3 2.0 Premium 2022,2022,Trong nước,Tân Uyên - Bình Dương,Sedan,64.000 km,Số tự động,Xe cũ,Máy xăng,545 triệu
27/09/2025,Kia Sportage 2.0D Signature 2022,2022,Trong nước,Tây Hồ - Hà Nội,SUV,233.000 km,Số tự động,Xe cũ,Máy dầu,830 triệu
27/09/2025,MG ZS 1.5 2WD Comfort 2020,2020,Nhập khẩu,Hạ Long - Quảng Ninh,SUV,69.000 km,Số tự động,Xe cũ,Máy xăng,325 triệu
27/09/2025,Ford Territory 1.5L Titanium 2022,2022,Trong nước,Bắc Từ Liêm - Hà Nội,SUV,46.000 km,Số tự động,Xe cũ,Máy xăng,729 triệu
27/09/2025,Mitsubishi Triton 4×2 AT MIVEC 2020,2020,Nhập khẩu,Bắc Từ Liêm - Hà Nội,Bán tải,73.000 km,Số tự động,Xe cũ,Máy dầu,495 triệu
26/09/2025,Hyundai Grand i10 Sedan 1.2 AT 2019,2019,Trong nước,Quận 6 - Tp.HCM,Hatchback,70.000 km,Số tự động,Xe cũ,Máy xăng,305 triệu
20/09/2025,Nissan X trail 2.5 SV 4WD 2019,2019,Trong nước,Thanh Xuân - Hà Nội,SUV,8.000 km,Số tự động,Xe cũ,Máy xăng,605 triệu
21/09/2025,Mazda CX-5 2.0 Luxury 2012,2012,Nhập khẩu,Thanh Xuân - Hà Nội,SUV,8.000 km,Số tự động,Xe cũ,Máy xăng,399 triệu
21/09/2025,Toyota Fortuner 2.7 V 4X2 AT 2019,2019,Nhập khẩu,Thanh Xuân - Hà Nội,MPV,8.000 km,Số tự động,Xe cũ,Máy xăng,750 triệu
24/09/2025,Toyota Vios Limo 2010,2010,Trong nước,Tân Yên - Bắc Giang,Sedan,40 km,Số sàn,Xe cũ,Máy xăng,116 triệu
26/09/2025,Daewoo Matiz SE 2004,2004,Trong nước,Hoàng Mai - Hà Nội,Hatchback,11.000 km,Số sàn,Xe cũ,Máy xăng,58 triệu
25/09/2025,Ford Ranger XLS 2.0L 4x2 AT 2020,2020,Trong nước,Cầu Giấy - Hà Nội,Bán tải,100.000 km,Số tự động,Xe cũ,Máy dầu,495 triệu
25/09/2025,Hyundai Santa Fe 2.2L Dầu Tiêu chuẩn 2021,2021,Trong nước,Cầu Giấy - Hà Nội,SUV,75.000 km,Số tự động,Xe cũ,Máy dầu,830 triệu
25/09/2025,Toyota Camry 2.5G 2009,2009,Nhập khẩu,Cầu Giấy - Hà Nội,Sedan,156.000 km,Số tự động,Xe cũ,Máy xăng,420 triệu
24/09/2025,Hyundai Grand i10 Hatchback 1.2 AT 2020,2020,Trong nước,Hà Nội,Hatchback,80.000 km,Số tự động,Xe cũ,Máy xăng,289 triệu
27/09/2025,Kia K3 2.0 Premium 2022,2022,Trong nước,Tân Uyên - Bình Dương,Sedan,64.000 km,Số tự động,Xe cũ,Máy xăng,545 triệu
27/09/2025,Kia Sportage 2.0D Signature 2022,2022,Trong nước,Tây Hồ - Hà Nội,SUV,233.000 km,Số tự động,Xe cũ,Máy dầu,830 triệu
27/09/2025,MG ZS 1.5 2WD Comfort 2020,2020,Nhập khẩu,Hạ Long - Quảng Ninh,SUV,69.000 km,Số tự động,Xe cũ,Máy xăng,325 triệu
27/09/2025,Ford Territory 1.5L Titanium 2022,2022,Trong nước,Bắc Từ Liêm - Hà Nội,SUV,46.000 km,Số tự động,Xe cũ,Máy xăng,729 triệu
27/09/2025,Mitsubishi Triton 4×2 AT MIVEC 2020,2020,Nhập khẩu,Bắc Từ Liêm - Hà Nội,Bán tải,73.000 km,Số tự động,Xe cũ,Máy dầu,495 triệu
26/09/2025,Hyundai Grand i10 Sedan 1.2 AT 2019,2019,Trong nước,Quận 6 - Tp.HCM,Hatchback,70.000 km,Số tự động,Xe cũ,Máy xăng,305 triệu
20/09/2025,Nissan X trail 2.5 SV 4WD 2019,2019,Trong nước,Thanh Xuân - Hà Nội,SUV,8.000 km,Số tự động,Xe cũ,Máy xăng,605 triệu
21/09/2025,Mazda CX-5 2.0 Luxury 2012,2012,Nhập khẩu,Thanh Xuân - Hà Nội,SUV,8.000 km,Số tự động,Xe cũ,Máy xăng,399 triệu
21/09/2025,Toyota Fortuner 2.7 V 4X2 AT 2019,2019,Nhập khẩu,Thanh Xuân - Hà Nội,MPV,8.000 km,Số tự động,Xe cũ,Máy xăng,750 triệu
24/09/2025,Toyota Vios Limo 2010,2010,Trong nước,Tân Yên - Bắc Giang,Sedan,40 km,Số sàn,Xe cũ,Máy xăng,116 triệu
26/09/2025,Daewoo Matiz SE 2004,2004,Trong nước,Hoàng Mai - Hà Nội,Hatchback,11.000 km,Số sàn,Xe cũ,Máy xăng,58 triệu
25/09/2025,Ford Ranger XLS 2.0L 4x2 AT 2020,2020,Trong nước,Cầu Giấy - Hà Nội,Bán tải,100.000 km,Số tự động,Xe cũ,Máy dầu,495 triệu
25/09/2025,Hyundai Santa Fe 2.2L Dầu Tiêu chuẩn 2021,2021,Trong nước,Cầu Giấy - Hà Nội,SUV,75.000 km,Số tự động,Xe cũ,Máy dầu,830 triệu
25/09/2025,Toyota Camry 2.5G 2009,2009,Nhập khẩu,Cầu Giấy - Hà Nội,Sedan,156.000 km,Số tự động,Xe cũ,Máy xăng,420 triệu
24/09/2025,Hyundai Grand i10 Hatchback 1.2 AT 2020,2020,Trong nước,Hà Nội,Hatchback,80.000 km,Số tự động,Xe cũ,Máy xăng,289 triệu
27/09/2025,Kia K3 2.0 Premium 2022,2022,Trong nước,Tân Uyên - Bình Dương,Sedan,64.000 km,Số tự động,Xe cũ,Máy xăng,545 triệu
27/09/2025,Kia Sportage 2.0D Signature 2022,2022,Trong nước,Tây Hồ - Hà Nội,SUV,233.000 km,Số tự động,Xe cũ,Máy dầu,830 triệu
27/09/2025,MG ZS 1.5 2WD Comfort 2020,2020,Nhập khẩu,Hạ Long - Quảng Ninh,SUV,69.000 km,Số tự động,Xe cũ,Máy xăng,325 triệu
27/09/2025,Ford Territory 1.5L Titanium 2022,2022,Trong nước,Bắc Từ Liêm - Hà Nội,SUV,46.000 km,Số tự động,Xe cũ,Máy xăng,729 triệu
27/09/2025,Mitsubishi Triton 4×2 AT MIVEC 2020,2020,Nhập khẩu,Bắc Từ Liêm - Hà Nội,Bán tải,73.000 km,Số tự động,Xe cũ,Máy dầu,495 triệu
26/09/2025,Hyundai Grand i10 Sedan 1.2 AT 2019,2019,Trong nước,Quận 6 - Tp.HCM,Hatchback,70.000 km,Số tự động,Xe cũ,Máy xăng,305 triệu
20/09/2025,Nissan X trail 2.5 SV 4WD 2019,2019,Trong nước,Thanh Xuân - Hà Nội,SUV,8.000 km,Số tự động,Xe cũ,Máy xăng,605 triệu
21/09/2025,Mazda CX-5 2.0 Luxury 2012,2012,Nhập khẩu,Thanh Xuân - Hà Nội,SUV,8.000 km,Số tự động,Xe cũ,Máy xăng,399 triệu
21/09/2025,Toyota Fortuner 2.7 V 4X2 AT 2019,2019,Nhập khẩu,Thanh Xuân - Hà Nội,MPV,8.000 km,Số tự động,Xe cũ,Máy xăng,750 triệu
24/09/2025,Toyota Vios Limo 2010,2010,Trong nước,Tân Yên - Bắc Giang,Sedan,40 km,Số sàn,Xe cũ,Máy xăng,116 triệu
26/09/2025,Daewoo Matiz SE 2004,2004,Trong nước,Hoàng Mai - Hà Nội,Hatchback,11.000 km,Số sàn,Xe cũ,Máy xăng,58 triệu
25/09/2025,Ford Ranger XLS 2.0L 4x2 AT 2020,2020,Trong nước,Cầu Giấy - Hà Nội,Bán tải,100.000 km,Số tự động,Xe cũ,Máy dầu,495 triệu
25/09/2025,Hyundai Santa Fe 2.2L Dầu Tiêu chuẩn 2021,2021,Trong nước,Cầu Giấy - Hà Nội,SUV,75.000 km,Số tự động,Xe cũ,Máy dầu,830 triệu
25/09/2025,Toyota Camry 2.5G 2009,2009,Nhập khẩu,Cầu Giấy - Hà Nội,Sedan,156.000 km,Số tự động,Xe cũ,Máy xăng,420 triệu
24/09/2025,Hyundai Grand i10 Hatchback 1.2 AT 2020,2020,Trong nước,Hà Nội,Hatchback,80.000 km,Số tự động,Xe cũ,Máy xăng,289 triệu
27/09/2025,Kia K3 2.0 Premium 2022,2022,Trong nước,Tân Uyên - Bình Dương,Sedan,64.000 km,Số tự động,Xe cũ,Máy xăng,545 triệu
27/09/2025,Kia Sportage 2.0D Signature 2022,2022,Trong nước,Tây Hồ - Hà Nội,SUV,233.000 km,Số tự động,Xe cũ,Máy dầu,830 triệu
27/09/2025,MG ZS 1.5 2WD Comfort 2020,2020,Nhập khẩu,Hạ Long - Quảng Ninh,SUV,69.000 km,Số tự động,Xe cũ,Máy xăng,325 triệu
27/09/2025,Ford Territory 1.5L Titanium 2022,2022,Trong nước,Bắc Từ Liêm - Hà Nội,SUV,46.000 km,Số tự động,Xe cũ,Máy xăng,729 triệu
27/09/2025,Mitsubishi Triton 4×2 AT MIVEC 2020,2020,Nhập khẩu,Bắc Từ Liêm - Hà Nội,Bán tải,73.000 km,Số tự động,Xe cũ,Máy dầu,495 triệu
26/09/2025,Hyundai Grand i10 Sedan 1.2 AT 2019,2019,Trong nước,Quận 6 - Tp.HCM,Hatchback,70.000 km,Số tự động,Xe cũ,Máy xăng,305 triệu
20/09/2025,Nissan X trail 2.5 SV 4WD 2019,2019,Trong nước,Thanh Xuân - Hà Nội,SUV,8.000 km,Số tự động,Xe cũ,Máy xăng,605 triệu
21/09/2025,Mazda CX-5 2.0 Luxury 2012,2012,Nhập khẩu,Thanh Xuân - Hà Nội,SUV,8.000 km,Số tự động,Xe cũ,Máy xăng,399 triệu
21/09/2025,Toyota Fortuner 2.7 V 4X2 AT 2019,2019,Nhập khẩu,Thanh Xuân - Hà Nội,MPV,8.000 km,Số tự động,Xe cũ,Máy xăng,750 triệu
24/09/2025,Toyota Vios Limo 2010,2010,Trong nước,Tân Yên - Bắc Giang,Sedan,40 km,Số sàn,Xe cũ,Máy xăng,116 triệu
26/09/2025,Daewoo Matiz SE 2004,2004,Trong nước,Hoàng Mai - Hà Nội,Hatchback,11.000 km,Số sàn,Xe cũ,Máy xăng,58 triệu
25/09/2025,Ford Ranger XLS 2.0L 4x2 AT 2020,2020,Trong nước,Cầu Giấy - Hà Nội,Bán tải,100.000 km,Số tự động,Xe cũ,Máy dầu,495 triệu
25/09/2025,Hyundai Santa Fe 2.2L Dầu Tiêu chuẩn 2021,2021,Trong nước,Cầu Giấy - Hà Nội,SUV,75.000 km,Số tự động,Xe cũ,Máy dầu,830 triệu
25/09/2025,Toyota Camry 2.5G 2009,2009,Nhập khẩu,Cầu Giấy - Hà Nội,Sedan,156.000 km,Số tự động,Xe cũ,Máy xăng,420 triệu
24/09/2025,Hyundai Grand i10 Hatchback 1.2 AT 2020,2020,Trong nước,Hà Nội,Hatchback,80.000 km,Số tự động,Xe cũ,Máy xăng,289 triệu
27/09/2025,Kia K3 2.0 Premium 2022,2022,Trong nước,Tân Uyên - Bình Dương,Sedan,64.000 km,Số tự động,Xe cũ,Máy xăng,545 triệu
27/09/2025,Kia Sportage 2.0D Signature 2022,2022,Trong nước,Tây Hồ - Hà Nội,SUV,233.000 km,Số tự động,Xe cũ,Máy dầu,830 triệu
27/09/2025,MG ZS 1.5 2WD Comfort 2020,2020,Nhập khẩu,Hạ Long - Quảng Ninh,SUV,69.000 km,Số tự động,Xe cũ,Máy xăng,325 triệu
27/09/2025,Ford Territory 1.5L Titanium 2022,2022,Trong nước,Bắc Từ Liêm - Hà Nội,SUV,46.000 km,Số tự động,Xe cũ,Máy xăng,729 triệu
27/09/2025,Mitsubishi Triton 4×2 AT MIVEC 2020,2020,Nhập khẩu,Bắc Từ Liêm - Hà Nội,Bán tải,73.000 km,Số tự động,Xe cũ,Máy dầu,495 triệu
26/09/2025,Hyundai Grand i10 Sedan 1.2 AT 2019,2019,Trong nước,Quận 6 - Tp.HCM,Hatchback,70.000 km,Số tự động,Xe cũ,Máy xăng,305 triệu
20/09/2025,Nissan X trail 2.5 SV 4WD 2019,2019,Trong nước,Thanh Xuân - Hà Nội,SUV,8.000 km,Số tự động,Xe cũ,Máy xăng,605 triệu
21/09/2025,Mazda CX-5 2.0 Luxury 2012,2012,Nhập khẩu,Thanh Xuân - Hà Nội,SUV,8.000 km,Số tự động,Xe cũ,Máy xăng,399 triệu
21/09/2025,Toyota Fortuner 2.7 V 4X2 AT 2019,2019,Nhập khẩu,Thanh Xuân - Hà Nội,MPV,8.000 km,Số tự động,Xe cũ,Máy xăng,750 triệu
24/09/2025,Toyota Vios Limo 2010,2010,Trong nước,Tân Yên - Bắc Giang,Sedan,40 km,Số sàn,Xe cũ,Máy xăng,116 triệu
26/09/2025,Daewoo Matiz SE 2004,2004,Trong nước,Hoàng Mai - Hà Nội,Hatchback,11.000 km,Số sàn,Xe cũ,Máy xăng,58 triệu
25/09/2025,Ford Ranger XLS 2.0L 4x2 AT 2020,2020,Trong nước,Cầu Giấy - Hà Nội,Bán tải,100.000 km,Số tự động,Xe cũ,Máy dầu,495 triệu
25/09/2025,Hyundai Santa Fe 2.2L Dầu Tiêu chuẩn 2021,2021,Trong nước,Cầu Giấy - Hà Nội,SUV,75.000 km,Số tự động,Xe cũ,Máy dầu,830 triệu
25/09/2025,Toyota Camry 2.5G 2009,2009,Nhập khẩu,Cầu Giấy - Hà Nội,Sedan,156.000 km,Số tự động,Xe cũ,Máy xăng,420 triệu
24/09/2025,Hyundai Grand i10 Hatchback 1.2 AT 2020,2020,Trong nước,Hà Nội,Hatchback,80.000 km,Số tự động,Xe cũ,Máy xăng,289 triệu
27/09/2025,Kia K3 2.0 Premium 2022,2022,Trong nước,Tân Uyên - Bình Dương,Sedan,64.000 km,Số tự động,Xe cũ,Máy xăng,545 triệu
27/09/2025,Kia Sportage 2.0D Signature 2022,2022,Trong nước,Tây Hồ - Hà Nội,SUV,233.000 km,Số tự động,Xe cũ,Máy dầu,830 triệu
27/09/2025,MG ZS 1.5 2WD Comfort 2020,2020,Nhập khẩu,Hạ Long - Quảng Ninh,SUV,69.000 km,Số tự động,Xe cũ,Máy xăng,325 triệu
27/09/2025,Ford Territory 1.5L Titanium 2022,2022,Trong nước,Bắc Từ Liêm - Hà Nội,SUV,46.000 km,Số tự động,Xe cũ,Máy xăng,729 triệu
27/09/2025,Mitsubishi Triton 4×2 AT MIVEC 2020,2020,Nhập khẩu,Bắc Từ Liêm - Hà Nội,Bán tải,73.000 km,Số tự động,Xe cũ,Máy dầu,495 triệu
26/09/2025,Hyundai Grand i10 Sedan 1.2 AT 2019,2019,Trong nước,Quận 6 - Tp.HCM,Hatchback,70.000 km,Số tự động,Xe cũ,Máy xăng,305 triệu
20/09/2025,Nissan X trail 2.5 SV 4WD 2019,2019,Trong nước,Thanh Xuân - Hà Nội,SUV,8.000 km,Số tự động,Xe cũ,Máy xăng,605 triệu
21/09/2025,Mazda CX-5 2.0 Luxury 2012,2012,Nhập khẩu,Thanh Xuân - Hà Nội,SUV,8.000 km,Số tự động,Xe cũ,Máy xăng,399 triệu
21/09/2025,Toyota Fortuner 2.7 V 4X2 AT 2019,2019,Nhập khẩu,Thanh Xuân - Hà Nội,MPV,8.000 km,Số tự động,Xe cũ,Máy xăng,750 triệu
24/09/2025,Toyota Vios Limo 2010,2010,Trong nước,Tân Yên - Bắc Giang,Sedan,40 km,Số sàn,Xe cũ,Máy xăng,116 triệu
26/09/2025,Daewoo Matiz SE 2004,2004,Trong nước,Hoàng Mai - Hà Nội,Hatchback,11.000 km,Số sàn,Xe cũ,Máy xăng,58 triệu
25/09/2025,Ford Ranger XLS 2.0L 4x2 AT 2020,2020,Trong nước,Cầu Giấy - Hà Nội,Bán tải,100.000 km,Số tự động,Xe cũ,Máy dầu,495 triệu
25/09/2025,Hyundai Santa Fe 2.2L Dầu Tiêu chuẩn 2021,2021,Trong nước,Cầu Giấy - Hà Nội,SUV,75.000 km,Số tự động,Xe cũ,Máy dầu,830 triệu
25/09/2025,Toyota Camry 2.5G 2009,2009,Nhập khẩu,Cầu Giấy - Hà Nội,Sedan,156.000 km,Số tự động,Xe cũ,Máy xăng,420 triệu
24/09/2025,Hyundai Grand i10 Hatchback 1.2 AT 2020,2020,Trong nước,Hà Nội,Hatchback,80.000 km,Số tự động,Xe cũ,Máy xăng,289 triệu
27/09/2025,Kia K3 2.0 Premium 2022,2022,Trong nước,Tân Uyên - Bình Dương,Sedan,64.000 km,Số tự động,Xe cũ,Máy xăng,545 triệu
27/09/2025,Kia Sportage 2.0D Signature 2022,2022,Trong nước,Tây Hồ - Hà Nội,SUV,233.000 km,Số tự động,Xe cũ,Máy dầu,830 triệu
27/09/2025,MG ZS 1.5 2WD Comfort 2020,2020,Nhập khẩu,Hạ Long - Quảng Ninh,SUV,69.000 km,Số tự động,Xe cũ,Máy xăng,325 triệu
27/09/2025,Ford Territory 1.5L Titanium 2022,2022,Trong nước,Bắc Từ Liêm - Hà Nội,SUV,46.000 km,Số tự động,Xe cũ,Máy xăng,729 triệu
27/09/2025,Mitsubishi Triton 4×2 AT MIVEC 2020,2020,Nhập khẩu,Bắc Từ Liêm - Hà Nội,Bán tải,73.000 km,Số tự động,Xe cũ,Máy dầu,495 triệu
26/09/2025,Hyundai Grand i10 Sedan 1.2 AT 2019,2019,Trong nước,Quận 6 - Tp.HCM,Hatchback,70.000 km,Số tự động,Xe cũ,Máy xăng,305 triệu
20/09/2025,Nissan X trail 2.5 SV 4WD 2019,2019,Trong nước,Thanh Xuân - Hà Nội,SUV,8.000 km,Số tự động,Xe cũ,Máy xăng,605 triệu
21/09/2025,Mazda CX-5 2.0 Luxury 2012,2012,Nhập khẩu,Thanh Xuân - Hà Nội,SUV,8.000 km,Số tự động,Xe cũ,Máy xăng,399 triệu
21/09/2025,Toyota Fortuner 2.7 V 4X2 AT 2019,2019,Nhập khẩu,Thanh Xuân - Hà Nội,MPV,8.000 km,Số tự động,Xe cũ,Máy xăng,750 triệu
24/09/2025,Toyota Vios Limo 2010,2010,Trong nước,Tân Yên - Bắc Giang,Sedan,40 km,Số sàn,Xe cũ,Máy xăng,116 triệu
26/09/2025,Daewoo Matiz SE 2004,2004,Trong nước,Hoàng Mai - Hà Nội,Hatchback,11.000 km,Số sàn,Xe cũ,Máy xăng,58 triệu
25/09/2025,Ford Ranger XLS 2.0L 4x2 AT 2020,2020,Trong nước,Cầu Giấy - Hà Nội,Bán tải,100.000 km,Số tự động,Xe cũ,Máy dầu,495 triệu
25/09/2025,Hyundai Santa Fe 2.2L Dầu Tiêu chuẩn 2021,2021,Trong nước,Cầu Giấy - Hà Nội,SUV,75.000 km,Số tự động,Xe cũ,Máy dầu,830 triệu
25/09/2025,Toyota Camry 2.5G 2009,2009,Nhập khẩu,Cầu Giấy - Hà Nội,Sedan,156.000 km,Số tự động,Xe cũ,Máy xăng,420 triệu
24/09/2025,Hyundai Grand i10 Hatchback 1.2 AT 2020,2020,Trong nước,Hà Nội,Hatchback,80.000 km,Số tự động,Xe cũ,Máy xăng,289 triệu
27/09/2025,Kia K3 2.0 Premium 2022,2022,Trong nước,Tân Uyên - Bình Dương,Sedan,64.000 km,Số tự động,Xe cũ,Máy xăng,545 triệu
27/09/2025,Kia Sportage 2.0D Signature 2022,2022,Trong nước,Tây Hồ - Hà Nội,SUV,233.000 km,Số tự động,Xe cũ,Máy dầu,830 triệu
27/09/2025,MG ZS 1.5 2WD Comfort 2020,2020,Nhập khẩu,Hạ Long - Quảng Ninh,SUV,69.000 km,Số tự động,Xe cũ,Máy xăng,325 triệu
27/09/2025,Ford Territory 1.5L Titanium 2022,2022,Trong nước,Bắc Từ Liêm - Hà Nội,SUV,46.000 km,Số tự động,Xe cũ,Máy xăng,729 triệu
27/09/2025,Mitsubishi Triton 4×2 AT MIVEC 2020,2020,Nhập khẩu,Bắc Từ Liêm - Hà Nội,Bán tải,73.000 km,Số tự động,Xe cũ,Máy dầu,495 triệu
26/09/2025,Hyundai Grand i10 Sedan 1.2 AT 2019,2019,Trong nước,Quận 6 - Tp.HCM,Hatchback,70.000 km,Số tự động,Xe cũ,Máy xăng,305 triệu
20/09/2025,Nissan X trail 2.5 SV 4WD 2019,2019,Trong nước,Thanh Xuân - Hà Nội,SUV,8.000 km,Số tự động,Xe cũ,Máy xăng,605 triệu
21/09/2025,Mazda CX-5 2.0 Luxury 2012,2012,Nhập khẩu,Thanh Xuân - Hà Nội,SUV,8.000 km,Số tự động,Xe cũ,Máy xăng,399 triệu
21/09/2025,Toyota Fortuner 2.7 V 4X2 AT 2019,2019,Nhập khẩu,Thanh Xuân - Hà Nội,MPV,8.000 km,Số tự động,Xe cũ,Máy xăng,750 triệu
24/09/2025,Toyota Vios Limo 2010,2010,Trong nước,Tân Yên - Bắc Giang,Sedan,40 km,Số sàn,Xe cũ,Máy xăng,116 triệu
26/09/2025,Daewoo Matiz SE 2004,2004,Trong nước,Hoàng Mai - Hà Nội,Hatchback,11.000 km,Số sàn,Xe cũ,Máy xăng,58 triệu
25/09/2025,Ford Ranger XLS 2.0L 4x2 AT 2020,2020,Trong nước,Cầu Giấy - Hà Nội,Bán tải,100.000 km,Số tự động,Xe cũ,Máy dầu,495 triệu
25/09/2025,Hyundai Santa Fe 2.2L Dầu Tiêu chuẩn 2021,2021,Trong nước,Cầu Giấy - Hà Nội,SUV,75.000 km,Số tự động,Xe cũ,Máy dầu,830 triệu
25/09/2025,Toyota Camry 2.5G 2009,2009,Nhập khẩu,Cầu Giấy - Hà Nội,Sedan,156.000 km,Số tự động,Xe cũ,Máy xăng,420 triệu
24/09/2025,Hyundai Grand i10 Hatchback 1.2 AT 2020,2020,Trong nước,Hà Nội,Hatchback,80.000 km,Số tự động,Xe cũ,Máy xăng,289 triệu
27/09/2025,Kia K3 2.0 Premium 2022,2022,Trong nước,Tân Uyên - Bình Dương,Sedan,64.000 km,Số tự động,Xe cũ,Máy xăng,545 triệu
27/09/2025,Kia Sportage 2.0D Signature 2022,2022,Trong nước,Tây Hồ - Hà Nội,SUV,233.000 km,Số tự động,Xe cũ,Máy dầu,830 triệu
27/09/2025,MG ZS 1.5 2WD Comfort 2020,2020,Nhập khẩu,Hạ Long - Quảng Ninh,SUV,69.000 km,Số tự động,Xe cũ,Máy xăng,325 triệu
27/09/2025,Ford Territory 1.5L Titanium 2022,2022,Trong nước,Bắc Từ Liêm - Hà Nội,SUV,46.000 km,Số tự động,Xe cũ,Máy xăng,729 triệu
27/09/2025,Mitsubishi Triton 4×2 AT MIVEC 2020,2020,Nhập khẩu,Bắc Từ Liêm - Hà Nội,Bán tải,73.000 km,Số tự động,Xe cũ,Máy dầu,495 triệu
26/09/2025,Hyundai Grand i10 Sedan 1.2 AT 2019,2019,Trong nước,Quận 6 - Tp.HCM,Hatchback,70.000 km,Số tự động,Xe cũ,Máy xăng,305 triệu
20/09/2025,Nissan X trail 2.5 SV 4WD 2019,2019,Trong nước,Thanh Xuân - Hà Nội,SUV,8.000 km,Số tự động,Xe cũ,Máy xăng,605 triệu
21/09/2025,Mazda CX-5 2.0 Luxury 2012,2012,Nhập khẩu,Thanh Xuân - Hà Nội,SUV,8.000 km,Số tự động,Xe cũ,Máy xăng,399 triệu
21/09/2025,Toyota Fortuner 2.7 V 4X2 AT 2019,2019,Nhập khẩu,Thanh Xuân - Hà Nội,MPV,8.000 km,Số tự động,Xe cũ,Máy xăng,750 triệu
24/09/2025,Toyota Vios Limo 2010,2010,Trong nước,Tân Yên - Bắc Giang,Sedan,40 km,Số sàn,Xe cũ,Máy xăng,116 triệu
26/09/2025,Daewoo Matiz SE 2004,2004,Trong nước,Hoàng Mai - Hà Nội,Hatchback,11.000 km,Số sàn,Xe cũ,Máy xăng,58 triệu
25/09/2025,Ford Ranger XLS 2.0L 4x2 AT 2020,2020,Trong nước,Cầu Giấy - Hà Nội,Bán tải,100.000 km,Số tự động,Xe cũ,Máy dầu,495 triệu
25/09/2025,Hyundai Santa Fe 2.2L Dầu Tiêu chuẩn 2021,2021,Trong nước,Cầu Giấy - Hà Nội,SUV,75.000 km,Số tự động,Xe cũ,Máy dầu,830 triệu
25/09/2025,Toyota Camry 2.5G 2009,2009,Nhập khẩu,Cầu Giấy - Hà Nội,Sedan,156.000 km,Số tự động,Xe cũ,Máy xăng,420 triệu
24/09/2025,Hyundai Grand i10 Hatchback 1.2 AT 2020,2020,Trong nước,Hà Nội,Hatchback,80.000 km,Số tự động,Xe cũ,Máy xăng,289 triệu
27/09/2025,Kia K3 2.0 Premium 2022,2022,Trong nước,Tân Uyên - Bình Dương,Sedan,64.000 km,Số tự động,Xe cũ,Máy xăng,545 triệu
27/09/2025,Kia Sportage 2.0D Signature 2022,2022,Trong nước,Tây Hồ - Hà Nội,SUV,233.000 km,Số tự động,Xe cũ,Máy dầu,830 triệu
27/09/2025,MG ZS 1.5 2WD Comfort 2020,2020,Nhập khẩu,Hạ Long - Quảng Ninh,SUV,69.000 km,Số tự động,Xe cũ,Máy xăng,325 triệu
27/09/2025,Ford Territory 1.5L Titanium 2022,2022,Trong nước,Bắc Từ Liêm - Hà Nội,SUV,46.000 km,Số tự động,Xe cũ,Máy xăng,729 triệu
27/09/2025,Mitsubishi Triton 4×2 AT MIVEC 2020,2020,Nhập khẩu,Bắc Từ Liêm - Hà Nội,Bán tải,73.000 km,Số tự động,Xe cũ,Máy dầu,495 triệu
26/09/2025,Hyundai Grand i10 Sedan 1.2 AT 2019,2019,Trong nước,Quận 6 - Tp.HCM,Hatchback,70.000 km,Số tự động,Xe cũ,Máy xăng,305 triệu
20/09/2025,Nissan X trail 2.5 SV 4WD 2019,2019,Trong nước,Thanh Xuân - Hà Nội,SUV,8.000 km,Số tự động,Xe cũ,Máy xăng,605 triệu
21/09/2025,Mazda CX-5 2.0 Luxury 2012,2012,Nhập khẩu,Thanh Xuân - Hà Nội,SUV,8.000 km,Số tự động,Xe cũ,Máy xăng,399 triệu
21/09/2025,Toyota Fortuner 2.7 V 4X2 AT 2019,2019,Nhập khẩu,Thanh Xuân - Hà Nội,MPV,8.000 km,Số tự động,Xe cũ,Máy xăng,750 triệu
24/09/2025,Toyota Vios Limo 2010,2010,Trong nước,Tân Yên - Bắc Giang,Sedan,40 km,Số sàn,Xe cũ,Máy xăng,116 triệu
26/09/2025,Daewoo Matiz SE 2004,2004,Trong nước,Hoàng Mai - Hà Nội,Hatchback,11.000 km,Số sàn,Xe cũ,Máy xăng,58 triệu
25/09/2025,Ford Ranger XLS 2.0L 4x2 AT 2020,2020,Trong nước,Cầu Giấy - Hà Nội,Bán tải,100.000 km,Số tự động,Xe cũ,Máy dầu,495 triệu
25/09/2025,Hyundai Santa Fe 2.2L Dầu Tiêu chuẩn 2021,2021,Trong nước,Cầu Giấy - Hà Nội,SUV,75.000 km,Số tự động,Xe cũ,Máy dầu,830 triệu
25/09/2025,Toyota Camry 2.5G 2009,2009,Nhập khẩu,Cầu Giấy - Hà Nội,Sedan,156.000 km,Số tự động,Xe cũ,Máy xăng,420 triệu
24/09/2025,Hyundai Grand i10 Hatchback 1.2 AT 2020,2020,Trong nước,Hà Nội,Hatchback,80.000 km,Số tự động,Xe cũ,Máy xăng,289 triệu
27/09/2025,Kia K3 2.0 Premium 2022,2022,Trong nước,Tân Uyên - Bình Dương,Sedan,64.000 km,Số tự động,Xe cũ,Máy xăng,545 triệu
27/09/2025,Kia Sportage 2.0D Signature 2022,2022,Trong nước,Tây Hồ - Hà Nội,SUV,233.000 km,Số tự động,Xe cũ,Máy dầu,830 triệu
27/09/2025,MG ZS 1.5 2WD Comfort 2020,2020,Nhập khẩu,Hạ Long - Quảng Ninh,SUV,69.000 km,Số tự động,Xe cũ,Máy xăng,325 triệu
27/09/2025,Ford Territory 1.5L Titanium 2022,2022,Trong nước,Bắc Từ Liêm - Hà Nội,SUV,46.000 km,Số tự động,Xe cũ,Máy xăng,729 triệu
27/09/2025,Mitsubishi Triton 4×2 AT MIVEC 2020,2020,Nhập khẩu,Bắc Từ Liêm - Hà Nội,Bán tải,73.000 km,Số tự động,Xe cũ,Máy dầu,495 triệu
26/09/2025,Hyundai Grand i10 Sedan 1.2 AT 2019,2019,Trong nước,Quận 6 - Tp.HCM,Hatchback,70.000 km,Số tự động,Xe cũ,Máy xăng,305 triệu
20/09/2025,Nissan X trail 2.5 SV 4WD 2019,2019,Trong nước,Thanh Xuân - Hà Nội,SUV,8.000 km,Số tự động,Xe cũ,Máy xăng,605 triệu
21/09/2025,Mazda CX-5 2.0 Luxury 2012,2012,Nhập khẩu,Thanh Xuân - Hà Nội,SUV,8.000 km,Số tự động,Xe cũ,Máy xăng,399 triệu
21/09/2025,Toyota Fortuner 2.7 V 4X2 AT 2019,2019,Nhập khẩu,Thanh Xuân - Hà Nội,MPV,8.000 km,Số tự động,Xe cũ,Máy xăng,750 triệu
24/09/2025,Toyota Vios Limo 2010,2010,Trong nước,Tân Yên - Bắc Giang,Sedan,40 km,Số sàn,Xe cũ,Máy xăng,116 triệu
26/09/2025,Daewoo Matiz SE 2004,2004,Trong nước,Hoàng Mai - Hà Nội,Hatchback,11.000 km,Số sàn,Xe cũ,Máy xăng,58 triệu
25/09/2025,Ford Ranger XLS 2.0L 4x2 AT 2020,2020,Trong nước,Cầu Giấy - Hà Nội,Bán tải,100.000 km,Số tự động,Xe cũ,Máy dầu,495 triệu
25/09/2025,Hyundai Santa Fe 2.2L Dầu Tiêu chuẩn 2021,2021,Trong nước,Cầu Giấy - Hà Nội,SUV,75.000 km,Số tự động,Xe cũ,Máy dầu,830 triệu
25/09/2025,Toyota Camry 2.5G 2009,2009,Nhập khẩu,Cầu Giấy - Hà Nội,Sedan,156.000 km,Số tự động,Xe cũ,Máy xăng,420 triệu
24/09/2025,Hyundai Grand i10 Hatchback 1.2 AT 2020,2020,Trong nước,Hà Nội,Hatchback,80.000 km,Số tự động,Xe cũ,Máy xăng,289 triệu
27/09/2025,Kia K3 2.0 Premium 2022,2022,Trong nước,Tân Uyên - Bình Dương,Sedan,64.000 km,Số tự động,Xe cũ,Máy xăng,545 triệu
27/09/2025,Kia Sportage 2.0D Signature 2022,2022,Trong nước,Tây Hồ - Hà Nội,SUV,233.000 km,Số tự động,Xe cũ,Máy dầu,830 triệu
27/09/2025,MG ZS 1.5 2WD Comfort 2020,2020,Nhập khẩu,Hạ Long - Quảng Ninh,SUV,69.000 km,Số tự động,Xe cũ,Máy xăng,325 triệu
27/09/2025,Ford Territory 1.5L Titanium 2022,2022,Trong nước,Bắc Từ Liêm - Hà Nội,SUV,46.000 km,Số tự động,Xe cũ,Máy xăng,729 triệu
27/09/2025,Mitsubishi Triton 4×2 AT MIVEC 2020,2020,Nhập khẩu,Bắc Từ Liêm - Hà Nội,Bán tải,73.000 km,Số tự động,Xe cũ,Máy dầu,495 triệu
26/09/2025,Hyundai Grand i10 Sedan 1.2 AT 2019,2019,Trong nước,Quận 6 - Tp.HCM,Hatchback,70.000 km,Số tự động,Xe cũ,Máy xăng,305 triệu
20/09/2025,Nissan X trail 2.5 SV 4WD 2019,2019,Trong nước,Thanh Xuân - Hà Nội,SUV,8.000 km,Số tự động,Xe cũ,Máy xăng,605 triệu
21/09/2025,Mazda CX-5 2.0 Luxury 2012,2012,Nhập khẩu,Thanh Xuân - Hà Nội,SUV,8.000 km,Số tự động,Xe cũ,Máy xăng,399 triệu
21/09/2025,Toyota Fortuner 2.7 V 4X2 AT 2019,2019,Nhập khẩu,Thanh Xuân - Hà Nội,MPV,8.000 km,Số tự động,Xe cũ,Máy xăng,750 triệu
24/09/2025,Toyota Vios Limo 2010,2010,Trong nước,Tân Yên - Bắc Giang,Sedan,40 km,Số sàn,Xe cũ,Máy xăng,116 triệu
26/09/2025,Daewoo Matiz SE 2004,2004,Trong nước,Hoàng Mai - Hà Nội,Hatchback,11.000 km,Số sàn,Xe cũ,Máy xăng,58 triệu
25/09/2025,Ford Ranger XLS 2.0L 4x2 AT 2020,2020,Trong nước,Cầu Giấy - Hà Nội,Bán tải,100.000 km,Số tự động,Xe cũ,Máy dầu,495 triệu
25/09/2025,Hyundai Santa Fe 2.2L Dầu Tiêu chuẩn 2021,2021,Trong nước,Cầu Giấy - Hà Nội,SUV,75.000 km,Số tự động,Xe cũ,Máy dầu,830 triệu
25/09/2025,Toyota Camry 2.5G 2009,2009,Nhập khẩu,Cầu Giấy - Hà Nội,Sedan,156.000 km,Số tự động,Xe cũ,Máy xăng,420 triệu
24/09/2025,Hyundai Grand i10 Hatchback 1.2 AT 2020,2020,Trong nước,Hà Nội,Hatchback,80.000 km,Số tự động,Xe cũ,Máy xăng,289 triệu
27/09/2025,Kia K3 2.0 Premium 2022,2022,Trong nước,Tân Uyên - Bình Dương,Sedan,64.000 km,Số tự động,Xe cũ,Máy xăng,545 triệu
27/09/2025,Kia Sportage 2.0D Signature 2022,2022,Trong nước,Tây Hồ - Hà Nội,SUV,233.000 km,Số tự động,Xe cũ,Máy dầu,830 triệu
27/09/2025,MG ZS 1.5 2WD Comfort 2020,2020,Nhập khẩu,Hạ Long - Quảng Ninh,SUV,69.000 km,Số tự động,Xe cũ,Máy xăng,325 triệu
27/09/2025,Ford Territory 1.5L Titanium 2022,2022,Trong nước,Bắc Từ Liêm - Hà Nội,SUV,46.000 km,Số tự động,Xe cũ,Máy xăng,729 triệu
27/09/2025,Mitsubishi Triton 4×2 AT MIVEC 2020,2020,Nhập khẩu,Bắc Từ Liêm - Hà Nội,Bán tải,73.000 km,Số tự động,Xe cũ,Máy dầu,495 triệu
26/09/2025,Hyundai Grand i10 Sedan 1.2 AT 2019,2019,Trong nước,Quận 6 - Tp.HCM,Hatchback,70.000 km,Số tự động,Xe cũ,Máy xăng,305 triệu
20/09/2025,Nissan X trail 2.5 SV 4WD 2019,2019,Trong nước,Thanh Xuân - Hà Nội,SUV,8.000 km,Số tự động,Xe cũ,Máy xăng,605 triệu
21/09/2025,Mazda CX-5 2.0 Luxury 2012,2012,Nhập khẩu,Thanh Xuân - Hà Nội,SUV,8.000 km,Số tự động,Xe cũ,Máy xăng,399 triệu
21/09/2025,Toyota Fortuner 2.7 V 4X2 AT 2019,2019,Nhập khẩu,Thanh Xuân - Hà Nội,MPV,8.000 km,Số tự động,Xe cũ,Máy xăng,750 triệu
24/09/2025,Toyota Vios Limo 2010,2010,Trong nước,Tân Yên - Bắc Giang,Sedan,40 km,Số sàn,Xe cũ,Máy xăng,116 triệu
26/09/2025,Daewoo Matiz SE 2004,2004,Trong nước,Hoàng Mai - Hà Nội,Hatchback,11.000 km,Số sàn,Xe cũ,Máy xăng,58 triệu
25/09/2025,Ford Ranger XLS 2.0L 4x2 AT 2020,2020,Trong nước,Cầu Giấy - Hà Nội,Bán tải,100.000 km,Số tự động,Xe cũ,Máy dầu,495 triệu
25/09/2025,Hyundai Santa Fe 2.2L Dầu Tiêu chuẩn 2021,2021,Trong nước,Cầu Giấy - Hà Nội,SUV,75.000 km,Số tự động,Xe cũ,Máy dầu,830 triệu
25/09/2025,Toyota Camry 2.5G 2009,2009,Nhập khẩu,Cầu Giấy - Hà Nội,Sedan,156.000 km,Số tự động,Xe cũ,Máy xăng,420 triệu
24/09/2025,Hyundai Grand i10 Hatchback 1.2 AT 2020,2020,Trong nước,Hà Nội,Hatchback,80.000 km,Số tự động,Xe cũ,Máy xăng,289 triệu
27/09/2025,Kia K3 2.0 Premium 2022,2022,Trong nước,Tân Uyên - Bình Dương,Sedan,64.000 km,Số tự động,Xe cũ,Máy xăng,545 triệu
27/09/2025,Kia Sportage 2.0D Signature 2022,2022,Trong nước,Tây Hồ - Hà Nội,SUV,233.000 km,Số tự động,Xe cũ,Máy dầu,830 triệu
27/09/2025,MG ZS 1.5 2WD Comfort 2020,2020,Nhập khẩu,Hạ Long - Quảng Ninh,SUV,69.000 km,Số tự động,Xe cũ,Máy xăng,325 triệu
27/09/2025,Ford Territory 1.5L Titanium 2022,2022,Trong nước,Bắc Từ Liêm - Hà Nội,SUV,46.000 km,Số tự động,Xe cũ,Máy xăng,729 triệu
27/09/2025,Mitsubishi Triton 4×2 AT MIVEC 2020,2020,Nhập khẩu,Bắc Từ Liêm - Hà Nội,Bán tải,73.000 km,Số tự động,Xe cũ,Máy dầu,495 triệu
26/09/2025,Hyundai Grand i10 Sedan 1.2 AT 2019,2019,Trong nước,Quận 6 - Tp.HCM,Hatchback,70.000 km,Số tự động,Xe cũ,Máy xăng,305 triệu
20/09/2025,Nissan X trail 2.5 SV 4WD 2019,2019,Trong nước,Thanh Xuân - Hà Nội,SUV,8.000 km,Số tự động,Xe cũ,Máy xăng,605 triệu
21/09/2025,Mazda CX-5 2.0 Luxury 2012,2012,Nhập khẩu,Thanh Xuân - Hà Nội,SUV,8.000 km,Số tự động,Xe cũ,Máy xăng,399 triệu
21/09/2025,Toyota Fortuner 2.7 V 4X2 AT 2019,2019,Nhập khẩu,Thanh Xuân - Hà Nội,MPV,8.000 km,Số tự động,Xe cũ,Máy xăng,750 triệu
24/09/2025,Toyota Vios Limo 2010,2010,Trong nước,Tân Yên - Bắc Giang,Sedan,40 km,Số sàn,Xe cũ,Máy xăng,116 triệu
26/09/2025,Daewoo Matiz SE 2004,2004,Trong nước,Hoàng Mai - Hà Nội,Hatchback,11.000 km,Số sàn,Xe cũ,Máy xăng,58 triệu
25/09/2025,Ford Ranger XLS 2.0L 4x2 AT 2020,2020,Trong nước,Cầu Giấy - Hà Nội,Bán tải,100.000 km,Số tự động,Xe cũ,Máy dầu,495 triệu
25/09/2025,Hyundai Santa Fe 2.2L Dầu Tiêu chuẩn 2021,2021,Trong nước,Cầu Giấy - Hà Nội,SUV,75.000 km,Số tự động,Xe cũ,Máy dầu,830 triệu
25/09/2025,Toyota Camry 2.5G 2009,2009,Nhập khẩu,Cầu Giấy - Hà Nội,Sedan,156.000 km,Số tự động,Xe cũ,Máy xăng,420 triệu
24/09/2025,Hyundai Grand i10 Hatchback 1.2 AT 2020,2020,Trong nước,Hà Nội,Hatchback,80.000 km,Số tự động,Xe cũ,Máy xăng,289 triệu
27/09/2025,Kia K3 2.0 Premium 2022,2022,Trong nước,Tân Uyên - Bình Dương,Sedan,64.000 km,Số tự động,Xe cũ,Máy xăng,545 triệu
27/09/2025,Kia Sportage 2.0D Signature 2022,2022,Trong nước,Tây Hồ - Hà Nội,SUV,233.000 km,Số tự động,Xe cũ,Máy dầu,830 triệu
27/09/2025,MG ZS 1.5 2WD Comfort 2020,2020,Nhập khẩu,Hạ Long - Quảng Ninh,SUV,69.000 km,Số tự động,Xe cũ,Máy xăng,325 triệu
27/09/2025,Ford Territory 1.5L Titanium 2022,2022,Trong nước,Bắc Từ Liêm - Hà Nội,SUV,46.000 km,Số tự động,Xe cũ,Máy xăng,729 triệu
27/09/2025,Mitsubishi Triton 4×2 AT MIVEC 2020,2020,Nhập khẩu,Bắc Từ Liêm - Hà Nội,Bán tải,73.000 km,Số tự động,Xe cũ,Máy dầu,495 triệu
26/09/2025,Hyundai Grand i10 Sedan 1.2 AT 2019,2019,Trong nước,Quận 6 - Tp.HCM,Hatchback,70.000 km,Số tự động,Xe cũ,Máy xăng,305 triệu
20/09/2025,Nissan X trail 2.5 SV 4WD 2019,2019,Trong nước,Thanh Xuân - Hà Nội,SUV,8.000 km,Số tự động,Xe cũ,Máy xăng,605 triệu
21/09/2025,Mazda CX-5 2.0 Luxury 2012,2012,Nhập khẩu,Thanh Xuân - Hà Nội,SUV,8.000 km,Số tự động,Xe cũ,Máy xăng,399 triệu
21/09/2025,Toyota Fortuner 2.7 V 4X2 AT 2019,2019,Nhập khẩu,Thanh Xuân - Hà Nội,MPV,8.000 km,Số tự động,Xe cũ,Máy xăng,750 triệu
24/09/2025,Toyota Vios Limo 2010,2010,Trong nước,Tân Yên - Bắc Giang,Sedan,40 km,Số sàn,Xe cũ,Máy xăng,116 triệu
26/09/2025,Daewoo Matiz SE 2004,2004,Trong nước,Hoàng Mai - Hà Nội,Hatchback,11.000 km,Số sàn,Xe cũ,Máy xăng,58 triệu
25/09/2025,Ford Ranger XLS 2.0L 4x2 AT 2020,2020,Trong nước,Cầu Giấy - Hà Nội,Bán tải,100.000 km,Số tự động,Xe cũ,Máy dầu,495 triệu
25/09/2025,Hyundai Santa Fe 2.2L Dầu Tiêu chuẩn 2021,2021,Trong nước,Cầu Giấy - Hà Nội,SUV,75.000 km,Số tự động,Xe cũ,Máy dầu,830 triệu
25/09/2025,Toyota Camry 2.5G 2009,2009,Nhập khẩu,Cầu Giấy - Hà Nội,Sedan,156.000 km,Số tự động,Xe cũ,Máy xăng,420 triệu
24/09/2025,Hyundai Grand i10 Hatchback 1.2 AT 2020,2020,Trong nước,Hà Nội,Hatchback,80.000 km,Số tự động,Xe cũ,Máy xăng,289 triệu
27/09/2025,Kia K3 2.0 Premium 2022,2022,Trong nước,Tân Uyên - Bình Dương,Sedan,64.000 km,Số tự động,Xe cũ,Máy xăng,545 triệu
27/09/2025,Kia Sportage 2.0D Signature 2022,2022,Trong nước,Tây Hồ - Hà Nội,SUV,233.000 km,Số tự động,Xe cũ,Máy dầu,830 triệu
27/09/2025,MG ZS 1.5 2WD Comfort 2020,2020,Nhập khẩu,Hạ Long - Quảng Ninh,SUV,69.000 km,Số tự động,Xe cũ,Máy xăng,325 triệu
27/09/2025,Ford Territory 1.5L Titanium 2022,2022,Trong nước,Bắc Từ Liêm - Hà Nội,SUV,46.000 km,Số tự động,Xe cũ,Máy xăng,729 triệu
27/09/2025,Mitsubishi Triton 4×2 AT MIVEC 2020,2020,Nhập khẩu,Bắc Từ Liêm - Hà Nội,Bán tải,73.000 km,Số tự động,Xe cũ,Máy dầu,495 triệu
26/09/2025,Hyundai Grand i10 Sedan 1.2 AT 2019,2019,Trong nước,Quận 6 - Tp.HCM,Hatchback,70.000 km,Số tự động,Xe cũ,Máy xăng,305 triệu
20/09/2025,Nissan X trail 2.5 SV 4WD 2019,2019,Trong nước,Thanh Xuân - Hà Nội,SUV,8.000 km,Số tự động,Xe cũ,Máy xăng,605 triệu
21/09/2025,Mazda CX-5 2.0 Luxury 2012,2012,Nhập khẩu,Thanh Xuân - Hà Nội,SUV,8.000 km,Số tự động,Xe cũ,Máy xăng,399 triệu
21/09/2025,Toyota Fortuner 2.7 V 4X2 AT 2019,2019,Nhập khẩu,Thanh Xuân - Hà Nội,MPV,8.000 km,Số tự động,Xe cũ,Máy xăng,750 triệu
24/09/2025,Toyota Vios Limo 2010,2010,Trong nước,Tân Yên - Bắc Giang,Sedan,40 km,Số sàn,Xe cũ,Máy xăng,116 triệu
26/09/2025,Daewoo Matiz SE 2004,2004,Trong nước,Hoàng Mai - Hà Nội,Hatchback,11.000 km,Số sàn,Xe cũ,Máy xăng,58 triệu
25/09/2025,Ford Ranger XLS 2.0L 4x2 AT 2020,2020,Trong nước,Cầu Giấy - Hà Nội,Bán tải,100.000 km,Số tự động,Xe cũ,Máy dầu,495 triệu
25/09/2025,Hyundai Santa Fe 2.2L Dầu Tiêu chuẩn 2021,2021,Trong nước,Cầu Giấy - Hà Nội,SUV,75.000 km,Số tự động,Xe cũ,Máy dầu,830 triệu
25/09/2025,Toyota Camry 2.5G 2009,2009,Nhập khẩu,Cầu Giấy - Hà Nội,Sedan,156.000 km,Số tự động,Xe cũ,Máy xăng,420 triệu
24/09/2025,Hyundai Grand i10 Hatchback 1.2 AT 2020,2020,Trong nước,Hà Nội,Hatchback,80.000 km,Số tự động,Xe cũ,Máy xăng,289 triệu
27/09/2025,Kia K3 2.0 Premium 2022,2022,Trong nước,Tân Uyên - Bình Dương,Sedan,64.000 km,Số tự động,Xe cũ,Máy xăng,545 triệu
27/09/2025,Kia Sportage 2.0D Signature 2022,2022,Trong nước,Tây Hồ - Hà Nội,SUV,233.000 km,Số tự động,Xe cũ,Máy dầu,830 triệu
27/09/2025,MG ZS 1.5 2WD Comfort 2020,2020,Nhập khẩu,Hạ Long - Quảng Ninh,SUV,69.000 km,Số tự động,Xe cũ,Máy xăng,325 triệu
27/09/2025,Ford Territory 1.5L Titanium 2022,2022,Trong nước,Bắc Từ Liêm - Hà Nội,SUV,46.000 km,Số tự động,Xe cũ,Máy xăng,729 triệu
27/09/2025,Mitsubishi Triton 4×2 AT MIVEC 2020,2020,Nhập khẩu,Bắc Từ Liêm - Hà Nội,Bán tải,73.000 km,Số tự động,Xe cũ,Máy dầu,495 triệu
26/09/2025,Hyundai Grand i10 Sedan 1.2 AT 2019,2019,Trong nước,Quận 6 - Tp.HCM,Hatchback,70.000 km,Số tự động,Xe cũ,Máy xăng,305 triệu
20/09/2025,Nissan X trail 2.5 SV 4WD 2019,2019,Trong nước,Thanh Xuân - Hà Nội,SUV,8.000 km,Số tự động,Xe cũ,Máy xăng,605 triệu
21/09/2025,Mazda CX-5 2.0 Luxury 2012,2012,Nhập khẩu,Thanh Xuân - Hà Nội,SUV,8.000 km,Số tự động,Xe cũ,Máy xăng,399 triệu
21/09/2025,Toyota Fortuner 2.7 V 4X2 AT 2019,2019,Nhập khẩu,Thanh Xuân - Hà Nội,MPV,8.000 km,Số tự động,Xe cũ,Máy xăng,750 triệu
24/09/2025,Toyota Vios Limo 2010,2010,Trong nước,Tân Yên - Bắc Giang,Sedan,40 km,Số sàn,Xe cũ,Máy xăng,116 triệu
26/09/2025,Daewoo Matiz SE 2004,2004,Trong nước,Hoàng Mai - Hà Nội,Hatchback,11.000 km,Số sàn,Xe cũ,Máy xăng,58 triệu
25/09/2025,Ford Ranger XLS 2.0L 4x2 AT 2020,2020,Trong nước,Cầu Giấy - Hà Nội,Bán tải,100.000 km,Số tự động,Xe cũ,Máy dầu,495 triệu
25/09/2025,Hyundai Santa Fe 2.2L Dầu Tiêu chuẩn 2021,2021,Trong nước,Cầu Giấy - Hà Nội,SUV,75.000 km,Số tự động,Xe cũ,Máy dầu,830 triệu
25/09/2025,Toyota Camry 2.5G 2009,2009,Nhập khẩu,Cầu Giấy - Hà Nội,Sedan,156.000 km,Số tự động,Xe cũ,Máy xăng,420 triệu
24/09/2025,Hyundai Grand i10 Hatchback 1.2 AT 2020,2020,Trong nước,Hà Nội,Hatchback,80.000 km,Số tự động,Xe cũ,Máy xăng,289 triệu
27/09/2025,Kia K3 2.0 Premium 2022,2022,Trong nước,Tân Uyên - Bình Dương,Sedan,64.000 km,Số tự động,Xe cũ,Máy xăng,545 triệu
27/09/2025,Kia Sportage 2.0D Signature 2022,2022,Trong nước,Tây Hồ - Hà Nội,SUV,233.000 km,Số tự động,Xe cũ,Máy dầu,830 triệu
27/09/2025,MG ZS 1.5 2WD Comfort 2020,2020,Nhập khẩu,Hạ Long - Quảng Ninh,SUV,69.000 km,Số tự động,Xe cũ,Máy xăng,325 triệu
27/09/2025,Ford Territory 1.5L Titanium 2022,2022,Trong nước,Bắc Từ Liêm - Hà Nội,SUV,46.000 km,Số tự động,Xe cũ,Máy xăng,729 triệu
27/09/2025,Mitsubishi Triton 4×2 AT MIVEC 2020,2020,Nhập khẩu,Bắc Từ Liêm - Hà Nội,Bán tải,73.000 km,Số tự động,Xe cũ,Máy dầu,495 triệu
26/09/2025,Hyundai Grand i10 Sedan 1.2 AT 2019,2019,Trong nước,Quận 6 - Tp.HCM,Hatchback,70.000 km,Số tự động,Xe cũ,Máy xăng,305 triệu
20/09/2025,Nissan X trail 2.5 SV 4WD 2019,2019,Trong nước,Thanh Xuân - Hà Nội,SUV,8.000 km,Số tự động,Xe cũ,Máy xăng,605 triệu
21/09/2025,Mazda CX-5 2.0 Luxury 2012,2012,Nhập khẩu,Thanh Xuân - Hà Nội,SUV,8.000 km,Số tự động,Xe cũ,Máy xăng,399 triệu
21/09/2025,Toyota Fortuner 2.7 V 4X2 AT 2019,2019,Nhập khẩu,Thanh Xuân - Hà Nội,MPV,8.000 km,Số tự động,Xe cũ,Máy xăng,750 triệu
24/09/2025,Toyota Vios Limo 2010,2010,Trong nước,Tân Yên - Bắc Giang,Sedan,40 km,Số sàn,Xe cũ,Máy xăng,116 triệu
26/09/2025,Daewoo Matiz SE 2004,2004,Trong nước,Hoàng Mai - Hà Nội,Hatchback,11.000 km,Số sàn,Xe cũ,Máy xăng,58 triệu
25/09/2025,Ford Ranger XLS 2.0L 4x2 AT 2020,2020,Trong nước,Cầu Giấy - Hà Nội,Bán tải,100.000 km,Số tự động,Xe cũ,Máy dầu,495 triệu
25/09/2025,Hyundai Santa Fe 2.2L Dầu Tiêu chuẩn 2021,2021,Trong nước,Cầu Giấy - Hà Nội,SUV,75.000 km,Số tự động,Xe cũ,Máy dầu,830 triệu
25/09/2025,Toyota Camry 2.5G 2009,2009,Nhập khẩu,Cầu Giấy - Hà Nội,Sedan,156.000 km,Số tự động,Xe cũ,Máy xăng,420 triệu
24/09/2025,Hyundai Grand i10 Hatchback 1.2 AT 2020,2020,Trong nước,Hà Nội,Hatchback,80.000 km,Số tự động,Xe cũ,Máy xăng,289 triệu
27/09/2025,Kia K3 2.0 Premium 2022,2022,Trong nước,Tân Uyên - Bình Dương,Sedan,64.000 km,Số tự động,Xe cũ,Máy xăng,545 triệu
27/09/2025,Kia Sportage 2.0D Signature 2022,2022,Trong nước,Tây Hồ - Hà Nội,SUV,233.000 km,Số tự động,Xe cũ,Máy dầu,830 triệu
27/09/2025,MG ZS 1.5 2WD Comfort 2020,2020,Nhập khẩu,Hạ Long - Quảng Ninh,SUV,69.000 km,Số tự động,Xe cũ,Máy xăng,325 triệu
27/09/2025,Ford Territory 1.5L Titanium 2022,2022,Trong nước,Bắc Từ Liêm - Hà Nội,SUV,46.000 km,Số tự động,Xe cũ,Máy xăng,729 triệu
27/09/2025,Mitsubishi Triton 4×2 AT MIVEC 2020,2020,Nhập khẩu,Bắc Từ Liêm - Hà Nội,Bán tải,73.000 km,Số tự động,Xe cũ,Máy dầu,495 triệu
26/09/2025,Hyundai Grand i10 Sedan 1.2 AT 2019,2019,Trong nước,Quận 6 - Tp.HCM,Hatchback,70.000 km,Số tự động,Xe cũ,Máy xăng,305 triệu
20/09/2025,Nissan X trail 2.5 SV 4WD 2019,2019,Trong nước,Thanh Xuân - Hà Nội,SUV,8.000 km,Số tự động,Xe cũ,Máy xăng,605 triệu
21/09/2025,Mazda CX-5 2.0 Luxury 2012,2012,Nhập khẩu,Thanh Xuân - Hà Nội,SUV,8.000 km,Số tự động,Xe cũ,Máy xăng,399 triệu
21/09/2025,Toyota Fortuner 2.7 V 4X2 AT 2019,2019,Nhập khẩu,Thanh Xuân - Hà Nội,MPV,8.000 km,Số tự động,Xe cũ,Máy xăng,750 triệu
24/09/2025,Toyota Vios Limo 2010,2010,Trong nước,Tân Yên - Bắc Giang,Sedan,40 km,Số sàn,Xe cũ,Máy xăng,116 triệu
26/09/2025,Daewoo Matiz SE 2004,2004,Trong nước,Hoàng Mai - Hà Nội,Hatchback,11.000 km,Số sàn,Xe cũ,Máy xăng,58 triệu
25/09/2025,Ford Ranger XLS 2.0L 4x2 AT 2020,2020,Trong nước,Cầu Giấy - Hà Nội,Bán tải,100.000 km,Số tự động,Xe cũ,Máy dầu,495 triệu
25/09/2025,Hyundai Santa Fe 2.2L Dầu Tiêu chuẩn 2021,2021,Trong nước,Cầu Giấy - Hà Nội,SUV,75.000 km,Số tự động,Xe cũ,Máy dầu,830 triệu
25/09/2025,Toyota Camry 2.5G 2009,2009,Nhập khẩu,Cầu Giấy - Hà Nội,Sedan,156.000 km,Số tự động,Xe cũ,Máy xăng,420 triệu
24/09/2025,Hyundai Grand i10 Hatchback 1.2 AT 2020,2020,Trong nước,Hà Nội,Hatchback,80.000 km,Số tự động,Xe cũ,Máy xăng,289 triệu
27/09/2025,Kia K3 2.0 Premium 2022,2022,Trong nước,Tân Uyên - Bình Dương,Sedan,64.000 km,Số tự động,Xe cũ,Máy xăng,545 triệu
27/09/2025,Kia Sportage 2.0D Signature 2022,2022,Trong nước,Tây Hồ - Hà Nội,SUV,233.000 km,Số tự động,Xe cũ,Máy dầu,830 triệu
27/09/2025,MG ZS 1.5 2WD Comfort 2020,2020,Nhập khẩu,Hạ Long - Quảng Ninh,SUV,69.000 km,Số tự động,Xe cũ,Máy xăng,325 triệu
27/09/2025,Ford Territory 1.5L Titanium 2022,2022,Trong nước,Bắc Từ Liêm - Hà Nội,SUV,46.000 km,Số tự động,Xe cũ,Máy xăng,729 triệu
27/09/2025,Mitsubishi Triton 4×2 AT MIVEC 2020,2020,Nhập khẩu,Bắc Từ Liêm - Hà Nội,Bán tải,73.000 km,Số tự động,Xe cũ,Máy dầu,495 triệu
26/09/2025,Hyundai Grand i10 Sedan 1.2 AT 2019,2019,Trong nước,Quận 6 - Tp.HCM,Hatchback,70.000 km,Số tự động,Xe cũ,Máy xăng,305 triệu
20/09/2025,Nissan X trail 2.5 SV 4WD 2019,2019,Trong nước,Thanh Xuân - Hà Nội,SUV,8.000 km,Số tự động,Xe cũ,Máy xăng,605 triệu
21/09/2025,Mazda CX-5 2.0 Luxury 2012,2012,Nhập khẩu,Thanh Xuân - Hà Nội,SUV,8.000 km,Số tự động,Xe cũ,Máy xăng,399 triệu
21/09/2025,Toyota Fortuner 2.7 V 4X2 AT 2019,2019,Nhập khẩu,Thanh Xuân - Hà Nội,MPV,8.000 km,Số tự động,Xe cũ,Máy xăng,750 triệu
24/09/2025,Toyota Vios Limo 2010,2010,Trong nước,Tân Yên - Bắc Giang,Sedan,40 km,Số sàn,Xe cũ,Máy xăng,116 triệu
26/09/2025,Daewoo Matiz SE 2004,2004,Trong nước,Hoàng Mai - Hà Nội,Hatchback,11.000 km,Số sàn,Xe cũ,Máy xăng,58 triệu
25/09/2025,Ford Ranger XLS 2.0L 4x2 AT 2020,2020,Trong nước,Cầu Giấy - Hà Nội,Bán tải,100.000 km,Số tự động,Xe cũ,Máy dầu,495 triệu
25/09/2025,Hyundai Santa Fe 2.2L Dầu Tiêu chuẩn 2021,2021,Trong nước,Cầu Giấy - Hà Nội,SUV,75.000 km,Số tự động,Xe cũ,Máy dầu,830 triệu
25/09/2025,Toyota Camry 2.5G 2009,2009,Nhập khẩu,Cầu Giấy - Hà Nội,Sedan,156.000 km,Số tự động,Xe cũ,Máy xăng,420 triệu
24/09/2025,Hyundai Grand i10 Hatchback 1.2 AT 2020,2020,Trong nước,Hà Nội,Hatchback,80.000 km,Số tự động,Xe cũ,Máy xăng,289 triệu
27/09/2025,Kia K3 2.0 Premium 2022,2022,Trong nước,Tân Uyên - Bình Dương,Sedan,64.000 km,Số tự động,Xe cũ,Máy xăng,545 triệu
27/09/2025,Kia Sportage 2.0D Signature 2022,2022,Trong nước,Tây Hồ - Hà Nội,SUV,233.000 km,Số tự động,Xe cũ,Máy dầu,830 triệu
27/09/2025,MG ZS 1.5 2WD Comfort 2020,2020,Nhập khẩu,Hạ Long - Quảng Ninh,SUV,69.000 km,Số tự động,Xe cũ,Máy xăng,325 triệu
27/09/2025,Ford Territory 1.5L Titanium 2022,2022,Trong nước,Bắc Từ Liêm - Hà Nội,SUV,46.000 km,Số tự động,Xe cũ,Máy xăng,729 triệu
27/09/2025,Mitsubishi Triton 4×2 AT MIVEC 2020,2020,Nhập khẩu,Bắc Từ Liêm - Hà Nội,Bán tải,73.000 km,Số tự động,Xe cũ,Máy dầu,495 triệu
26/09/2025,Hyundai Grand i10 Sedan 1.2 AT 2019,2019,Trong nước,Quận 6 - Tp.HCM,Hatchback,70.000 km,Số tự động,Xe cũ,Máy xăng,305 triệu
20/09/2025,Nissan X trail 2.5 SV 4WD 2019,2019,Trong nước,Thanh Xuân - Hà Nội,SUV,8.000 km,Số tự động,Xe cũ,Máy xăng,605 triệu
21/09/2025,Mazda CX-5 2.0 Luxury 2012,2012,Nhập khẩu,Thanh Xuân - Hà Nội,SUV,8.000 km,Số tự động,Xe cũ,Máy xăng,399 triệu
21/09/2025,Toyota Fortuner 2.7 V 4X2 AT 2019,2019,Nhập khẩu,Thanh Xuân - Hà Nội,MPV,8.000 km,Số tự động,Xe cũ,Máy xăng,750 triệu
24/09/2025,Toyota Vios Limo 2010,2010,Trong nước,Tân Yên - Bắc Giang,Sedan,40 km,Số sàn,Xe cũ,Máy xăng,116 triệu
26/09/2025,Daewoo Matiz SE 2004,2004,Trong nước,Hoàng Mai - Hà Nội,Hatchback,11.000 km,Số sàn,Xe cũ,Máy xăng,58 triệu
25/09/2025,Ford Ranger XLS 2.0L 4x2 AT 2020,2020,Trong nước,Cầu Giấy - Hà Nội,Bán tải,100.000 km,Số tự động,Xe cũ,Máy dầu,495 triệu
25/09/2025,Hyundai Santa Fe 2.2L Dầu Tiêu chuẩn 2021,2021,Trong nước,Cầu Giấy - Hà Nội,SUV,75.000 km,Số tự động,Xe cũ,Máy dầu,830 triệu
25/09/2025,Toyota Camry 2.5G 2009,2009,Nhập khẩu,Cầu Giấy - Hà Nội,Sedan,156.000 km,Số tự động,Xe cũ,Máy xăng,420 triệu
24/09/2025,Hyundai Grand i10 Hatchback 1.2 AT 2020,2020,Trong nước,Hà Nội,Hatchback,80.000 km,Số tự động,Xe cũ,Máy xăng,289 triệu
27/09/2025,Kia K3 2.0 Premium 2022,2022,Trong nước,Tân Uyên - Bình Dương,Sedan,64.000 km,Số tự động,Xe cũ,Máy xăng,545 triệu
27/09/2025,Kia Sportage 2.0D Signature 2022,2022,Trong nước,Tây Hồ - Hà Nội,SUV,233.000 km,Số tự động,Xe cũ,Máy dầu,830 triệu
27/09/2025,MG ZS 1.5 2WD Comfort 2020,2020,Nhập khẩu,Hạ Long - Quảng Ninh,SUV,69.000 km,Số tự động,Xe cũ,Máy xăng,325 triệu
27/09/2025,Ford Territory 1.5L Titanium 2022,2022,Trong nước,Bắc Từ Liêm - Hà Nội,SUV,46.000 km,Số tự động,Xe cũ,Máy xăng,729 triệu
27/09/2025,Mitsubishi Triton 4×2 AT MIVEC 2020,2020,Nhập khẩu,Bắc Từ Liêm - Hà Nội,Bán tải,73.000 km,Số tự động,Xe cũ,Máy dầu,495 triệu
26/09/2025,Hyundai Grand i10 Sedan 1.2 AT 2019,2019,Trong nước,Quận 6 - Tp.HCM,Hatchback,70.000 km,Số tự động,Xe cũ,Máy xăng,305 triệu
20/09/2025,Nissan X trail 2.5 SV 4WD 2019,2019,Trong nước,Thanh Xuân - Hà Nội,SUV,8.000 km,Số tự động,Xe cũ,Máy xăng,605 triệu
21/09/2025,Mazda CX-5 2.0 Luxury 2012,2012,Nhập khẩu,Thanh Xuân - Hà Nội,SUV,8.000 km,Số tự động,Xe cũ,Máy xăng,399 triệu
21/09/2025,Toyota Fortuner 2.7 V 4X2 AT 2019,2019,Nhập khẩu,Thanh Xuân - Hà Nội,MPV,8.000 km,Số tự động,Xe cũ,Máy xăng,750 triệu
24/09/2025,Toyota Vios Limo 2010,2010,Trong nước,Tân Yên - Bắc Giang,Sedan,40 km,Số sàn,Xe cũ,Máy xăng,116 triệu
26/09/2025,Daewoo Matiz SE 2004,2004,Trong nước,Hoàng Mai - Hà Nội,Hatchback,11.000 km,Số sàn,Xe cũ,Máy xăng,58 triệu
25/09/2025,Ford Ranger XLS 2.0L 4x2 AT 2020,2020,Trong nước,Cầu Giấy - Hà Nội,Bán tải,100.000 km,Số tự động,Xe cũ,Máy dầu,495 triệu
25/09/2025,Hyundai Santa Fe 2.2L Dầu Tiêu chuẩn 2021,2021,Trong nước,Cầu Giấy - Hà Nội,SUV,75.000 km,Số tự động,Xe cũ,Máy dầu,830 triệu
25/09/2025,Toyota Camry 2.5G 2009,2009,Nhập khẩu,Cầu Giấy - Hà Nội,Sedan,156.000 km,Số tự động,Xe cũ,Máy xăng,420 triệu
24/09/2025,Hyundai Grand i10 Hatchback 1.2 AT 2020,2020,Trong nước,Hà Nội,Hatchback,80.000 km,Số tự động,Xe cũ,Máy xăng,289 triệu
27/09/2025,Kia K3 2.0 Premium 2022,2022,Trong nước,Tân Uyên - Bình Dương,Sedan,64.000 km,Số tự động,Xe cũ,Máy xăng,545 triệu
27/09/2025,Kia Sportage 2.0D Signature 2022,2022,Trong nước,Tây Hồ - Hà Nội,SUV,233.000 km,Số tự động,Xe cũ,Máy dầu,830 triệu
27/09/2025,MG ZS 1.5 2WD Comfort 2020,2020,Nhập khẩu,Hạ Long - Quảng Ninh,SUV,69.000 km,Số tự động,Xe cũ,Máy xăng,325 triệu
27/09/2025,Ford Territory 1.5L Titanium 2022,2022,Trong nước,Bắc Từ Liêm - Hà Nội,SUV,46.000 km,Số tự động,Xe cũ,Máy xăng,729 triệu
27/09/2025,Mitsubishi Triton 4×2 AT MIVEC 2020,2020,Nhập khẩu,Bắc Từ Liêm - Hà Nội,Bán tải,73.000 km,Số tự động,Xe cũ,Máy dầu,495 triệu
26/09/2025,Hyundai Grand i10 Sedan 1.2 AT 2019,2019,Trong nước,Quận 6 - Tp.HCM,Hatchback,70.000 km,Số tự động,Xe cũ,Máy xăng,305 triệu
20/09/2025,Nissan X trail 2.5 SV 4WD 2019,2019,Trong nước,Thanh Xuân - Hà Nội,SUV,8.000 km,Số tự động,Xe cũ,Máy xăng,605 triệu
21/09/2025,Mazda CX-5 2.0 Luxury 2012,2012,Nhập khẩu,Thanh Xuân - Hà Nội,SUV,8.000 km,Số tự động,Xe cũ,Máy xăng,399 triệu
21/09/2025,Toyota Fortuner 2.7 V 4X2 AT 2019,2019,Nhập khẩu,Thanh Xuân - Hà Nội,MPV,8.000 km,Số tự động,Xe cũ,Máy xăng,750 triệu
24/09/2025,Toyota Vios Limo 2010,2010,Trong nước,Tân Yên - Bắc Giang,Sedan,40 km,Số sàn,Xe cũ,Máy xăng,116 triệu
26/09/2025,Daewoo Matiz SE 2004,2004,Trong nước,Hoàng Mai - Hà Nội,Hatchback,11.000 km,Số sàn,Xe cũ,Máy xăng,58 triệu
25/09/2025,Ford Ranger XLS 2.0L 4x2 AT 2020,2020,Trong nước,Cầu Giấy - Hà Nội,Bán tải,100.000 km,Số tự động,Xe cũ,Máy dầu,495 triệu
25/09/2025,Hyundai Santa Fe 2.2L Dầu Tiêu chuẩn 2021,2021,Trong nước,Cầu Giấy - Hà Nội,SUV,75.000 km,Số tự động,Xe cũ,Máy dầu,830 triệu
25/09/2025,Toyota Camry 2.5G 2009,2009,Nhập khẩu,Cầu Giấy - Hà Nội,Sedan,156.000 km,Số tự động,Xe cũ,Máy xăng,420 triệu
24/09/2025,Hyundai Grand i10 Hatchback 1.2 AT 2020,2020,Trong nước,Hà Nội,Hatchback,80.000 km,Số tự động,Xe cũ,Máy xăng,289 triệu
27/09/2025,Kia K3 2.0 Premium 2022,2022,Trong nước,Tân Uyên - Bình Dương,Sedan,64.000 km,Số tự động,Xe cũ,Máy xăng,545 triệu
27/09/2025,Kia Sportage 2.0D Signature 2022,2022,Trong nước,Tây Hồ - Hà Nội,SUV,233.000 km,Số tự động,Xe cũ,Máy dầu,830 triệu
27/09/2025,MG ZS 1.5 2WD Comfort 2020,2020,Nhập khẩu,Hạ Long - Quảng Ninh,SUV,69.000 km,Số tự động,Xe cũ,Máy xăng,325 triệu
27/09/2025,Ford Territory 1.5L Titanium 2022,2022,Trong nước,Bắc Từ Liêm - Hà Nội,SUV,46.000 km,Số tự động,Xe cũ,Máy xăng,729 triệu
27/09/2025,Mitsubishi Triton 4×2 AT MIVEC 2020,2020,Nhập khẩu,Bắc Từ Liêm - Hà Nội,Bán tải,73.000 km,Số tự động,Xe cũ,Máy dầu,495 triệu
26/09/2025,Hyundai Grand i10 Sedan 1.2 AT 2019,2019,Trong nước,Quận 6 - Tp.HCM,Hatchback,70.000 km,Số tự động,Xe cũ,Máy xăng,305 triệu
20/09/2025,Nissan X trail 2.5 SV 4WD 2019,2019,Trong nước,Thanh Xuân - Hà Nội,SUV,8.000 km,Số tự động,Xe cũ,Máy xăng,605 triệu
21/09/2025,Mazda CX-5 2.0 Luxury 2012,2012,Nhập khẩu,Thanh Xuân - Hà Nội,SUV,8.000 km,Số tự động,Xe cũ,Máy xăng,399 triệu
21/09/2025,Toyota Fortuner 2.7 V 4X2 AT 2019,2019,Nhập khẩu,Thanh Xuân - Hà Nội,MPV,8.000 km,Số tự động,Xe cũ,Máy xăng,750 triệu
24/09/2025,Toyota Vios Limo 2010,2010,Trong nước,Tân Yên - Bắc Giang,Sedan,40 km,Số sàn,Xe cũ,Máy xăng,116 triệu
26/09/2025,Daewoo Matiz SE 2004,2004,Trong nước,Hoàng Mai - Hà Nội,Hatchback,11.000 km,Số sàn,Xe cũ,Máy xăng,58 triệu
25/09/2025,Ford Ranger XLS 2.0L 4x2 AT 2020,2020,Trong nước,Cầu Giấy - Hà Nội,Bán tải,100.000 km,Số tự động,Xe cũ,Máy dầu,495 triệu
25/09/2025,Hyundai Santa Fe 2.2L Dầu Tiêu chuẩn 2021,2021,Trong nước,Cầu Giấy - Hà Nội,SUV,75.000 km,Số tự động,Xe cũ,Máy dầu,830 triệu
25/09/2025,Toyota Camry 2.5G 2009,2009,Nhập khẩu,Cầu Giấy - Hà Nội,Sedan,156.000 km,Số tự động,Xe cũ,Máy xăng,420 triệu
24/09/2025,Hyundai Grand i10 Hatchback 1.2 AT 2020,2020,Trong nước,Hà Nội,Hatchback,80.000 km,Số tự động,Xe cũ,Máy xăng,289 triệu
27/09/2025,Kia K3 2.0 Premium 2022,2022,Trong nước,Tân Uyên - Bình Dương,Sedan,64.000 km,Số tự động,Xe cũ,Máy xăng,545 triệu
27/09/2025,Kia Sportage 2.0D Signature 2022,2022,Trong nước,Tây Hồ - Hà Nội,SUV,233.000 km,Số tự động,Xe cũ,Máy dầu,830 triệu
27/09/2025,MG ZS 1.5 2WD Comfort 2020,2020,Nhập khẩu,Hạ Long - Quảng Ninh,SUV,69.000 km,Số tự động,Xe cũ,Máy xăng,325 triệu
27/09/2025,Ford Territory 1.5L Titanium 2022,2022,Trong nước,Bắc Từ Liêm - Hà Nội,SUV,46.000 km,Số tự động,Xe cũ,Máy xăng,729 triệu
27/09/2025,Mitsubishi Triton 4×2 AT MIVEC 2020,2020,Nhập khẩu,Bắc Từ Liêm - Hà Nội,Bán tải,73.000 km,Số tự động,Xe cũ,Máy dầu,495 triệu
26/09/2025,Hyundai Grand i10 Sedan 1.2 AT 2019,2019,Trong nước,Quận 6 - Tp.HCM,Hatchback,70.000 km,Số tự động,Xe cũ,Máy xăng,305 triệu
20/09/2025,Nissan X trail 2.5 SV 4WD 2019,2019,Trong nước,Thanh Xuân - Hà Nội,SUV,8.000 km,Số tự động,Xe cũ,Máy xăng,605 triệu
21/09/2025,Mazda CX-5 2.0 Luxury 2012,2012,Nhập khẩu,Thanh Xuân - Hà Nội,SUV,8.000 km,Số tự động,Xe cũ,Máy xăng,399 triệu
21/09/2025,Toyota Fortuner 2.7 V 4X2 AT 2019,2019,Nhập khẩu,Thanh Xuân - Hà Nội,MPV,8.000 km,Số tự động,Xe cũ,Máy xăng,750 triệu
24/09/2025,Toyota Vios Limo 2010,2010,Trong nước,Tân Yên - Bắc Giang,Sedan,40 km,Số sàn,Xe cũ,Máy xăng,116 triệu
26/09/2025,Daewoo Matiz SE 2004,2004,Trong nước,Hoàng Mai - Hà Nội,Hatchback,11.000 km,Số sàn,Xe cũ,Máy xăng,58 triệu
25/09/2025,Ford Ranger XLS 2.0L 4x2 AT 2020,2020,Trong nước,Cầu Giấy - Hà Nội,Bán tải,100.000 km,Số tự động,Xe cũ,Máy dầu,495 triệu
25/09/2025,Hyundai Santa Fe 2.2L Dầu Tiêu chuẩn 2021,2021,Trong nước,Cầu Giấy - Hà Nội,SUV,75.000 km,Số tự động,Xe cũ,Máy dầu,830 triệu
25/09/2025,Toyota Camry 2.5G 2009,2009,Nhập khẩu,Cầu Giấy - Hà Nội,Sedan,156.000 km,Số tự động,Xe cũ,Máy xăng,420 triệu
24/09/2025,Hyundai Grand i10 Hatchback 1.2 AT 2020,2020,Trong nước,Hà Nội,Hatchback,80.000 km,Số tự động,Xe cũ,Máy xăng,289 triệu
27/09/2025,Kia K3 2.0 Premium 2022,2022,Trong nước,Tân Uyên - Bình Dương,Sedan,64.000 km,Số tự động,Xe cũ,Máy xăng,545 triệu
27/09/2025,Kia Sportage 2.0D Signature 2022,2022,Trong nước,Tây Hồ - Hà Nội,SUV,233.000 km,Số tự động,Xe cũ,Máy dầu,830 triệu
27/09/2025,MG ZS 1.5 2WD Comfort 2020,2020,Nhập khẩu,Hạ Long - Quảng Ninh,SUV,69.000 km,Số tự động,Xe cũ,Máy xăng,325 triệu
27/09/2025,Ford Territory 1.5L Titanium 2022,2022,Trong nước,Bắc Từ Liêm - Hà Nội,SUV,46.000 km,Số tự động,Xe cũ,Máy xăng,729 triệu
27/09/2025,Mitsubishi Triton 4×2 AT MIVEC 2020,2020,Nhập khẩu,Bắc Từ Liêm - Hà Nội,Bán tải,73.000 km,Số tự động,Xe cũ,Máy dầu,495 triệu
26/09/2025,Hyundai Grand i10 Sedan 1.2 AT 2019,2019,Trong nước,Quận 6 - Tp.HCM,Hatchback,70.000 km,Số tự động,Xe cũ,Máy xăng,305 triệu
20/09/2025,Nissan X trail 2.5 SV 4WD 2019,2019,Trong nước,Thanh Xuân - Hà Nội,SUV,8.000 km,Số tự động,Xe cũ,Máy xăng,605 triệu
21/09/2025,Mazda CX-5 2.0 Luxury 2012,2012,Nhập khẩu,Thanh Xuân - Hà Nội,SUV,8.000 km,Số tự động,Xe cũ,Máy xăng,399 triệu
21/09/2025,Toyota Fortuner 2.7 V 4X2 AT 2019,2019,Nhập khẩu,Thanh Xuân - Hà Nội,MPV,8.000 km,Số tự động,Xe cũ,Máy xăng,750 triệu
24/09/2025,Toyota Vios Limo 2010,2010,Trong nước,Tân Yên - Bắc Giang,Sedan,40 km,Số sàn,Xe cũ,Máy xăng,116 triệu
26/09/2025,Daewoo Matiz SE 2004,2004,Trong nước,Hoàng Mai - Hà Nội,Hatchback,11.000 km,Số sàn,Xe cũ,Máy xăng,58 triệu
25/09/2025,Ford Ranger XLS 2.0L 4x2 AT 2020,2020,Trong nước,Cầu Giấy - Hà Nội,Bán tải,100.000 km,Số tự động,Xe cũ,Máy dầu,495 triệu
25/09/2025,Hyundai Santa Fe 2.2L Dầu Tiêu chuẩn 2021,2021,Trong nước,Cầu Giấy - Hà Nội,SUV,75.000 km,Số tự động,Xe cũ,Máy dầu,830 triệu
25/09/2025,Toyota Camry 2.5G 2009,2009,Nhập khẩu,Cầu Giấy - Hà Nội,Sedan,156.000 km,Số tự động,Xe cũ,Máy xăng,420 triệu
24/09/2025,Hyundai Grand i10 Hatchback 1.2 AT 2020,2020,Trong nước,Hà Nội,Hatchback,80.000 km,Số tự động,Xe cũ,Máy xăng,289 triệu
27/09/2025,Kia K3 2.0 Premium 2022,2022,Trong nước,Tân Uyên - Bình Dương,Sedan,64.000 km,Số tự động,Xe cũ,Máy xăng,545 triệu
27/09/2025,Kia Sportage 2.0D Signature 2022,2022,Trong nước,Tây Hồ - Hà Nội,SUV,233.000 km,Số tự động,Xe cũ,Máy dầu,830 triệu
27/09/2025,MG ZS 1.5 2WD Comfort 2020,2020,Nhập khẩu,Hạ Long - Quảng Ninh,SUV,69.000 km,Số tự động,Xe cũ,Máy xăng,325 triệu
27/09/2025,Ford Territory 1.5L Titanium 2022,2022,Trong nước,Bắc Từ Liêm - Hà Nội,SUV,46.000 km,Số tự động,Xe cũ,Máy xăng,729 triệu
27/09/2025,Mitsubishi Triton 4×2 AT MIVEC 2020,2020,Nhập khẩu,Bắc Từ Liêm - Hà Nội,Bán tải,73.000 km,Số tự động,Xe cũ,Máy dầu,495 triệu
26/09/2025,Hyundai Grand i10 Sedan 1.2 AT 2019,2019,Trong nước,Quận 6 - Tp.HCM,Hatchback,70.000 km,Số tự động,Xe cũ,Máy xăng,305 triệu
20/09/2025,Nissan X trail 2.5 SV 4WD 2019,2019,Trong nước,Thanh Xuân - Hà Nội,SUV,8.000 km,Số tự động,Xe cũ,Máy xăng,605 triệu
21/09/2025,Mazda CX-5 2.0 Luxury 2012,2012,Nhập khẩu,Thanh Xuân - Hà Nội,SUV,8.000 km,Số tự động,Xe cũ,Máy xăng,399 triệu
21/09/2025,Toyota Fortuner 2.7 V 4X2 AT 2019,2019,Nhập khẩu,Thanh Xuân - Hà Nội,MPV,8.000 km,Số tự động,Xe cũ,Máy xăng,750 triệu
24/09/2025,Toyota Vios Limo 2010,2010,Trong nước,Tân Yên - Bắc Giang,Sedan,40 km,Số sàn,Xe cũ,Máy xăng,116 triệu
26/09/2025,Daewoo Matiz SE 2004,2004,Trong nước,Hoàng Mai - Hà Nội,Hatchback,11.000 km,Số sàn,Xe cũ,Máy xăng,58 triệu
25/09/2025,Ford Ranger XLS 2.0L 4x2 AT 2020,2020,Trong nước,Cầu Giấy - Hà Nội,Bán tải,100.000 km,Số tự động,Xe cũ,Máy dầu,495 triệu
25/09/2025,Hyundai Santa Fe 2.2L Dầu Tiêu chuẩn 2021,2021,Trong nước,Cầu Giấy - Hà Nội,SUV,75.000 km,Số tự động,Xe cũ,Máy dầu,830 triệu
25/09/2025,Toyota Camry 2.5G 2009,2009,Nhập khẩu,Cầu Giấy - Hà Nội,Sedan,156.000 km,Số tự động,Xe cũ,Máy xăng,420 triệu
24/09/2025,Hyundai Grand i10 Hatchback 1.2 AT 2020,2020,Trong nước,Hà Nội,Hatchback,80.000 km,Số tự động,Xe cũ,Máy xăng,289 triệu
27/09/2025,Kia K3 2.0 Premium 2022,2022,Trong nước,Tân Uyên - Bình Dương,Sedan,64.000 km,Số tự động,Xe cũ,Máy xăng,545 triệu
27/09/2025,Kia Sportage 2.0D Signature 2022,2022,Trong nước,Tây Hồ - Hà Nội,SUV,233.000 km,Số tự động,Xe cũ,Máy dầu,830 triệu
27/09/2025,MG ZS 1.5 2WD Comfort 2020,2020,Nhập khẩu,Hạ Long - Quảng Ninh,SUV,69.000 km,Số tự động,Xe cũ,Máy xăng,325 triệu
27/09/2025,Ford Territory 1.5L Titanium 2022,2022,Trong nước,Bắc Từ Liêm - Hà Nội,SUV,46.000 km,Số tự động,Xe cũ,Máy xăng,729 triệu
27/09/2025,Mitsubishi Triton 4×2 AT MIVEC 2020,2020,Nhập khẩu,Bắc Từ Liêm - Hà Nội,Bán tải,73.000 km,Số tự động,Xe cũ,Máy dầu,495 triệu
26/09/2025,Hyundai Grand i10 Sedan 1.2 AT 2019,2019,Trong nước,Quận 6 - Tp.HCM,Hatchback,70.000 km,Số tự động,Xe cũ,Máy xăng,305 triệu
20/09/2025,Nissan X trail 2.5 SV 4WD 2019,2019,Trong nước,Thanh Xuân - Hà Nội,SUV,8.000 km,Số tự động,Xe cũ,Máy xăng,605 triệu
21/09/2025,Mazda CX-5 2.0 Luxury 2012,2012,Nhập khẩu,Thanh Xuân - Hà Nội,SUV,8.000 km,Số tự động,Xe cũ,Máy xăng,399 triệu
21/09/2025,Toyota Fortuner 2.7 V 4X2 AT 2019,2019,Nhập khẩu,Thanh Xuân - Hà Nội,MPV,8.000 km,Số tự động,Xe cũ,Máy xăng,750 triệu
24/09/2025,Toyota Vios Limo 2010,2010,Trong nước,Tân Yên - Bắc Giang,Sedan,40 km,Số sàn,Xe cũ,Máy xăng,116 triệu
26/09/2025,Daewoo Matiz SE 2004,2004,Trong nước,Hoàng Mai - Hà Nội,Hatchback,11.000 km,Số sàn,Xe cũ,Máy xăng,58 triệu
25/09/2025,Ford Ranger XLS 2.0L 4x2 AT 2020,2020,Trong nước,Cầu Giấy - Hà Nội,Bán tải,100.000 km,Số tự động,Xe cũ,Máy dầu,495 triệu
25/09/2025,Hyundai Santa Fe 2.2L Dầu Tiêu chuẩn 2021,2021,Trong nước,Cầu Giấy - Hà Nội,SUV,75.000 km,Số tự động,Xe cũ,Máy dầu,830 triệu
25/09/2025,Toyota Camry 2.5G 2009,2009,Nhập khẩu,Cầu Giấy - Hà Nội,Sedan,156.000 km,Số tự động,Xe cũ,Máy xăng,420 triệu
24/09/2025,Hyundai Grand i10 Hatchback 1.2 AT 2020,2020,Trong nước,Hà Nội,Hatchback,80.000 km,Số tự động,Xe cũ,Máy xăng,289 triệu
27/09/2025,Kia K3 2.0 Premium 2022,2022,Trong nước,Tân Uyên - Bình Dương,Sedan,64.000 km,Số tự động,Xe cũ,Máy xăng,545 triệu
27/09/2025,Kia Sportage 2.0D Signature 2022,2022,Trong nước,Tây Hồ - Hà Nội,SUV,233.000 km,Số tự động,Xe cũ,Máy dầu,830 triệu
27/09/2025,MG ZS 1.5 2WD Comfort 2020,2020,Nhập khẩu,Hạ Long - Quảng Ninh,SUV,69.000 km,Số tự động,Xe cũ,Máy xăng,325 triệu
27/09/2025,Ford Territory 1.5L Titanium 2022,2022,Trong nước,Bắc Từ Liêm - Hà Nội,SUV,46.000 km,Số tự động,Xe cũ,Máy xăng,729 triệu
27/09/2025,Mitsubishi Triton 4×2 AT MIVEC 2020,2020,Nhập khẩu,Bắc Từ Liêm - Hà Nội,Bán tải,73.000 km,Số tự động,Xe cũ,Máy dầu,495 triệu
26/09/2025,Hyundai Grand i10 Sedan 1.2 AT 2019,2019,Trong nước,Quận 6 - Tp.HCM,Hatchback,70.000 km,Số tự động,Xe cũ,Máy xăng,305 triệu
20/09/2025,Nissan X trail 2.5 SV 4WD 2019,2019,Trong nước,Thanh Xuân - Hà Nội,SUV,8.000 km,Số tự động,Xe cũ,Máy xăng,605 triệu
21/09/2025,Mazda CX-5 2.0 Luxury 2012,2012,Nhập khẩu,Thanh Xuân - Hà Nội,SUV,8.000 km,Số tự động,Xe cũ,Máy xăng,399 triệu
21/09/2025,Toyota Fortuner 2.7 V 4X2 AT 2019,2019,Nhập khẩu,Thanh Xuân - Hà Nội,MPV,8.000 km,Số tự động,Xe cũ,Máy xăng,750 triệu
24/09/2025,Toyota Vios Limo 2010,2010,Trong nước,Tân Yên - Bắc Giang,Sedan,40 km,Số sàn,Xe cũ,Máy xăng,116 triệu
26/09/2025,Daewoo Matiz SE 2004,2004,Trong nước,Hoàng Mai - Hà Nội,Hatchback,11.000 km,Số sàn,Xe cũ,Máy xăng,58 triệu
25/09/2025,Ford Ranger XLS 2.0L 4x2 AT 2020,2020,Trong nước,Cầu Giấy - Hà Nội,Bán tải,100.000 km,Số tự động,Xe cũ,Máy dầu,495 triệu
25/09/2025,Hyundai Santa Fe 2.2L Dầu Tiêu chuẩn 2021,2021,Trong nước,Cầu Giấy - Hà Nội,SUV,75.000 km,Số tự động,Xe cũ,Máy dầu,830 triệu
25/09/2025,Toyota Camry 2.5G 2009,2009,Nhập khẩu,Cầu Giấy - Hà Nội,Sedan,156.000 km,Số tự động,Xe cũ,Máy xăng,420 triệu
24/09/2025,Hyundai Grand i10 Hatchback 1.2 AT 2020,2020,Trong nước,Hà Nội,Hatchback,80.000 km,Số tự động,Xe cũ,Máy xăng,289 triệu
27/09/2025,Kia K3 2.0 Premium 2022,2022,Trong nước,Tân Uyên - Bình Dương,Sedan,64.000 km,Số tự động,Xe cũ,Máy xăng,545 triệu
27/09/2025,Kia Sportage 2.0D Signature 2022,2022,Trong nước,Tây Hồ - Hà Nội,SUV,233.000 km,Số tự động,Xe cũ,Máy dầu,830 triệu
27/09/2025,MG ZS 1.5 2WD Comfort 2020,2020,Nhập khẩu,Hạ Long - Quảng Ninh,SUV,69.000 km,Số tự động,Xe cũ,Máy xăng,325 triệu
27/09/2025,Ford Territory 1.5L Titanium 2022,2022,Trong nước,Bắc Từ Liêm - Hà Nội,SUV,46.000 km,Số tự động,Xe cũ,Máy xăng,729 triệu
27/09/2025,Mitsubishi Triton 4×2 AT MIVEC 2020,2020,Nhập khẩu,Bắc Từ Liêm - Hà Nội,Bán tải,73.000 km,Số tự động,Xe cũ,Máy dầu,495 triệu
26/09/2025,Hyundai Grand i10 Sedan 1.2 AT 2019,2019,Trong nước,Quận 6 - Tp.HCM,Hatchback,70.000 km,Số tự động,Xe cũ,Máy xăng,305 triệu
20/09/2025,Nissan X trail 2.5 SV 4WD 2019,2019,Trong nước,Thanh Xuân - Hà Nội,SUV,8.000 km,Số tự động,Xe cũ,Máy xăng,605 triệu
21/09/2025,Mazda CX-5 2.0 Luxury 2012,2012,Nhập khẩu,Thanh Xuân - Hà Nội,SUV,8.000 km,Số tự động,Xe cũ,Máy xăng,399 triệu
21/09/2025,Toyota Fortuner 2.7 V 4X2 AT 2019,2019,Nhập khẩu,Thanh Xuân - Hà Nội,MPV,8.000 km,Số tự động,Xe cũ,Máy xăng,750 triệu
24/09/2025,Toyota Vios Limo 2010,2010,Trong nước,Tân Yên - Bắc Giang,Sedan,40 km,Số sàn,Xe cũ,Máy xăng,116 triệu
26/09/2025,Daewoo Matiz SE 2004,2004,Trong nước,Hoàng Mai - Hà Nội,Hatchback,11.000 km,Số sàn,Xe cũ,Máy xăng,58 triệu
25/09/2025,Ford Ranger XLS 2.0L 4x2 AT 2020,2020,Trong nước,Cầu Giấy - Hà Nội,Bán tải,100.000 km,Số tự động,Xe cũ,Máy dầu,495 triệu
25/09/2025,Hyundai Santa Fe 2.2L Dầu Tiêu chuẩn 2021,2021,Trong nước,Cầu Giấy - Hà Nội,SUV,75.000 km,Số tự động,Xe cũ,Máy dầu,830 triệu
25/09/2025,Toyota Camry 2.5G 2009,2009,Nhập khẩu,Cầu Giấy - Hà Nội,Sedan,156.000 km,Số tự động,Xe cũ,Máy xăng,420 triệu
24/09/2025,Hyundai Grand i10 Hatchback 1.2 AT 2020,2020,Trong nước,Hà Nội,Hatchback,80.000 km,Số tự động,Xe cũ,Máy xăng,289 triệu
27/09/2025,Kia K3 2.0 Premium 2022,2022,Trong nước,Tân Uyên - Bình Dương,Sedan,64.000 km,Số tự động,Xe cũ,Máy xăng,545 triệu
27/09/2025,Kia Sportage 2.0D Signature 2022,2022,Trong nước,Tây Hồ - Hà Nội,SUV,233.000 km,Số tự động,Xe cũ,Máy dầu,830 triệu
27/09/2025,MG ZS 1.5 2WD Comfort 2020,2020,Nhập khẩu,Hạ Long - Quảng Ninh,SUV,69.000 km,Số tự động,Xe cũ,Máy xăng,325 triệu
27/09/2025,Ford Territory 1.5L Titanium 2022,2022,Trong nước,Bắc Từ Liêm - Hà Nội,SUV,46.000 km,Số tự động,Xe cũ,Máy xăng,729 triệu
27/09/2025,Mitsubishi Triton 4×2 AT MIVEC 2020,2020,Nhập khẩu,Bắc Từ Liêm - Hà Nội,Bán tải,73.000 km,Số tự động,Xe cũ,Máy dầu,495 triệu
26/09/2025,Hyundai Grand i10 Sedan 1.2 AT 2019,2019,Trong nước,Quận 6 - Tp.HCM,Hatchback,70.000 km,Số tự động,Xe cũ,Máy xăng,305 triệu
20/09/2025,Nissan X trail 2.5 SV 4WD 2019,2019,Trong nước,Thanh Xuân - Hà Nội,SUV,8.000 km,Số tự động,Xe cũ,Máy xăng,605 triệu
21/09/2025,Mazda CX-5 2.0 Luxury 2012,2012,Nhập khẩu,Thanh Xuân - Hà Nội,SUV,8.000 km,Số tự động,Xe cũ,Máy xăng,399 triệu
21/09/2025,Toyota Fortuner 2.7 V 4X2 AT 2019,2019,Nhập khẩu,Thanh Xuân - Hà Nội,MPV,8.000 km,Số tự động,Xe cũ,Máy xăng,750 triệu
24/09/2025,Toyota Vios Limo 2010,2010,Trong nước,Tân Yên - Bắc Giang,Sedan,40 km,Số sàn,Xe cũ,Máy xăng,116 triệu
26/09/2025,Daewoo Matiz SE 2004,2004,Trong nước,Hoàng Mai - Hà Nội,Hatchback,11.000 km,Số sàn,Xe cũ,Máy xăng,58 triệu
25/09/2025,Ford Ranger XLS 2.0L 4x2 AT 2020,2020,Trong nước,Cầu Giấy - Hà Nội,Bán tải,100.000 km,Số tự động,Xe cũ,Máy dầu,495 triệu
25/09/2025,Hyundai Santa Fe 2.2L Dầu Tiêu chuẩn 2021,2021,Trong nước,Cầu Giấy - Hà Nội,SUV,75.000 km,Số tự động,Xe cũ,Máy dầu,830 triệu
25/09/2025,Toyota Camry 2.5G 2009,2009,Nhập khẩu,Cầu Giấy - Hà Nội,Sedan,156.000 km,Số tự động,Xe cũ,Máy xăng,420 triệu
24/09/2025,Hyundai Grand i10 Hatchback 1.2 AT 2020,2020,Trong nước,Hà Nội,Hatchback,80.000 km,Số tự động,Xe cũ,Máy xăng,289 triệu
27/09/2025,Kia K3 2.0 Premium 2022,2022,Trong nước,Tân Uyên - Bình Dương,Sedan,64.000 km,Số tự động,Xe cũ,Máy xăng,545 triệu
27/09/2025,Kia Sportage 2.0D Signature 2022,2022,Trong nước,Tây Hồ - Hà Nội,SUV,233.000 km,Số tự động,Xe cũ,Máy dầu,830 triệu
27/09/2025,MG ZS 1.5 2WD Comfort 2020,2020,Nhập khẩu,Hạ Long - Quảng Ninh,SUV,69.000 km,Số tự động,Xe cũ,Máy xăng,325 triệu
27/09/2025,Ford Territory 1.5L Titanium 2022,2022,Trong nước,Bắc Từ Liêm - Hà Nội,SUV,46.000 km,Số tự động,Xe cũ,Máy xăng,729 triệu
27/09/2025,Mitsubishi Triton 4×2 AT MIVEC 2020,2020,Nhập khẩu,Bắc Từ Liêm - Hà Nội,Bán tải,73.000 km,Số tự động,Xe cũ,Máy dầu,495 triệu
26/09/2025,Hyundai Grand i10 Sedan 1.2 AT 2019,2019,Trong nước,Quận 6 - Tp.HCM,Hatchback,70.000 km,Số tự động,Xe cũ,Máy xăng,305 triệu
20/09/2025,Nissan X trail 2.5 SV 4WD 2019,2019,Trong nước,Thanh Xuân - Hà Nội,SUV,8.000 km,Số tự động,Xe cũ,Máy xăng,605 triệu
21/09/2025,Mazda CX-5 2.0 Luxury 2012,2012,Nhập khẩu,Thanh Xuân - Hà Nội,SUV,8.000 km,Số tự động,Xe cũ,Máy xăng,399 triệu
21/09/2025,Toyota Fortuner 2.7 V 4X2 AT 2019,2019,Nhập khẩu,Thanh Xuân - Hà Nội,MPV,8.000 km,Số tự động,Xe cũ,Máy xăng,750 triệu
24/09/2025,Toyota Vios Limo 2010,2010,Trong nước,Tân Yên - Bắc Giang,Sedan,40 km,Số sàn,Xe cũ,Máy xăng,116 triệu
26/09/2025,Daewoo Matiz SE 2004,2004,Trong nước,Hoàng Mai - Hà Nội,Hatchback,11.000 km,Số sàn,Xe cũ,Máy xăng,58 triệu
25/09/2025,Ford Ranger XLS 2.0L 4x2 AT 2020,2020,Trong nước,Cầu Giấy - Hà Nội,Bán tải,100.000 km,Số tự động,Xe cũ,Máy dầu,495 triệu
25/09/2025,Hyundai Santa Fe 2.2L Dầu Tiêu chuẩn 2021,2021,Trong nước,Cầu Giấy - Hà Nội,SUV,75.000 km,Số tự động,Xe cũ,Máy dầu,830 triệu
25/09/2025,Toyota Camry 2.5G 2009,2009,Nhập khẩu,Cầu Giấy - Hà Nội,Sedan,156.000 km,Số tự động,Xe cũ,Máy xăng,420 triệu
24/09/2025,Hyundai Grand i10 Hatchback 1.2 AT 2020,2020,Trong nước,Hà Nội,Hatchback,80.000 km,Số tự động,Xe cũ,Máy xăng,289 triệu
27/09/2025,Kia K3 2.0 Premium 2022,2022,Trong nước,Tân Uyên - Bình Dương,Sedan,64.000 km,Số tự động,Xe cũ,Máy xăng,545 triệu
27/09/2025,Kia Sportage 2.0D Signature 2022,2022,Trong nước,Tây Hồ - Hà Nội,SUV,233.000 km,Số tự động,Xe cũ,Máy dầu,830 triệu
27/09/2025,MG ZS 1.5 2WD Comfort 2020,2020,Nhập khẩu,Hạ Long - Quảng Ninh,SUV,69.000 km,Số tự động,Xe cũ,Máy xăng,325 triệu
27/09/2025,Ford Territory 1.5L Titanium 2022,2022,Trong nước,Bắc Từ Liêm - Hà Nội,SUV,46.000 km,Số tự động,Xe cũ,Máy xăng,729 triệu
27/09/2025,Mitsubishi Triton 4×2 AT MIVEC 2020,2020,Nhập khẩu,Bắc Từ Liêm - Hà Nội,Bán tải,73.000 km,Số tự động,Xe cũ,Máy dầu,495 triệu
26/09/2025,Hyundai Grand i10 Sedan 1.2 AT 2019,2019,Trong nước,Quận 6 - Tp.HCM,Hatchback,70.000 km,Số tự động,Xe cũ,Máy xăng,305 triệu
20/09/2025,Nissan X trail 2.5 SV 4WD 2019,2019,Trong nước,Thanh Xuân - Hà Nội,SUV,8.000 km,Số tự động,Xe cũ,Máy xăng,605 triệu
21/09/2025,Mazda CX-5 2.0 Luxury 2012,2012,Nhập khẩu,Thanh Xuân - Hà Nội,SUV,8.000 km,Số tự động,Xe cũ,Máy xăng,399 triệu
21/09/2025,Toyota Fortuner 2.7 V 4X2 AT 2019,2019,Nhập khẩu,Thanh Xuân - Hà Nội,MPV,8.000 km,Số tự động,Xe cũ,Máy xăng,750 triệu
24/09/2025,Toyota Vios Limo 2010,2010,Trong nước,Tân Yên - Bắc Giang,Sedan,40 km,Số sàn,Xe cũ,Máy xăng,116 triệu
26/09/2025,Daewoo Matiz SE 2004,2004,Trong nước,Hoàng Mai - Hà Nội,Hatchback,11.000 km,Số sàn,Xe cũ,Máy xăng,58 triệu
25/09/2025,Ford Ranger XLS 2.0L 4x2 AT 2020,2020,Trong nước,Cầu Giấy - Hà Nội,Bán tải,100.000 km,Số tự động,Xe cũ,Máy dầu,495 triệu
25/09/2025,Hyundai Santa Fe 2.2L Dầu Tiêu chuẩn 2021,2021,Trong nước,Cầu Giấy - Hà Nội,SUV,75.000 km,Số tự động,Xe cũ,Máy dầu,830 triệu
25/09/2025,Toyota Camry 2.5G 2009,2009,Nhập khẩu,Cầu Giấy - Hà Nội,Sedan,156.000 km,Số tự động,Xe cũ,Máy xăng,420 triệu
24/09/2025,Hyundai Grand i10 Hatchback 1.2 AT 2020,2020,Trong nước,Hà Nội,Hatchback,80.000 km,Số tự động,Xe cũ,Máy xăng,289 triệu
27/09/2025,Kia K3 2.0 Premium 2022,2022,Trong nước,Tân Uyên - Bình Dương,Sedan,64.000 km,Số tự động,Xe cũ,Máy xăng,545 triệu
27/09/2025,Kia Sportage 2.0D Signature 2022,2022,Trong nước,Tây Hồ - Hà Nội,SUV,233.000 km,Số tự động,Xe cũ,Máy dầu,830 triệu
27/09/2025,MG ZS 1.5 2WD Comfort 2020,2020,Nhập khẩu,Hạ Long - Quảng Ninh,SUV,69.000 km,Số tự động,Xe cũ,Máy xăng,325 triệu
27/09/2025,Ford Territory 1.5L Titanium 2022,2022,Trong nước,Bắc Từ Liêm - Hà Nội,SUV,46.000 km,Số tự động,Xe cũ,Máy xăng,729 triệu
27/09/2025,Mitsubishi Triton 4×2 AT MIVEC 2020,2020,Nhập khẩu,Bắc Từ Liêm - Hà Nội,Bán tải,73.000 km,Số tự động,Xe cũ,Máy dầu,495 triệu
26/09/2025,Hyundai Grand i10 Sedan 1.2 AT 2019,2019,Trong nước,Quận 6 - Tp.HCM,Hatchback,70.000 km,Số tự động,Xe cũ,Máy xăng,305 triệu
20/09/2025,Nissan X trail 2.5 SV 4WD 2019,2019,Trong nước,Thanh Xuân - Hà Nội,SUV,8.000 km,Số tự động,Xe cũ,Máy xăng,605 triệu
21/09/2025,Mazda CX-5 2.0 Luxury 2012,2012,Nhập khẩu,Thanh Xuân - Hà Nội,SUV,8.000 km,Số tự động,Xe cũ,Máy xăng,399 triệu
21/09/2025,Toyota Fortuner 2.7 V 4X2 AT 2019,2019,Nhập khẩu,Thanh Xuân - Hà Nội,MPV,8.000 km,Số tự động,Xe cũ,Máy xăng,750 triệu
24/09/2025,Toyota Vios Limo 2010,2010,Trong nước,Tân Yên - Bắc Giang,Sedan,40 km,Số sàn,Xe cũ,Máy xăng,116 triệu
26/09/2025,Daewoo Matiz SE 2004,2004,Trong nước,Hoàng Mai - Hà Nội,Hatchback,11.000 km,Số sàn,Xe cũ,Máy xăng,58 triệu
25/09/2025,Ford Ranger XLS 2.0L 4x2 AT 2020,2020,Trong nước,Cầu Giấy - Hà Nội,Bán tải,100.000 km,Số tự động,Xe cũ,Máy dầu,495 triệu
25/09/2025,Hyundai Santa Fe 2.2L Dầu Tiêu chuẩn 2021,2021,Trong nước,Cầu Giấy - Hà Nội,SUV,75.000 km,Số tự động,Xe cũ,Máy dầu,830 triệu
25/09/2025,Toyota Camry 2.5G 2009,2009,Nhập khẩu,Cầu Giấy - Hà Nội,Sedan,156.000 km,Số tự động,Xe cũ,Máy xăng,420 triệu
24/09/2025,Hyundai Grand i10 Hatchback 1.2 AT 2020,2020,Trong nước,Hà Nội,Hatchback,80.000 km,Số tự động,Xe cũ,Máy xăng,289 triệu
27/09/2025,Kia K3 2.0 Premium 2022,2022,Trong nước,Tân Uyên - Bình Dương,Sedan,64.000 km,Số tự động,Xe cũ,Máy xăng,545 triệu
27/09/2025,Kia Sportage 2.0D Signature 2022,2022,Trong nước,Tây Hồ - Hà Nội,SUV,233.000 km,Số tự động,Xe cũ,Máy dầu,830 triệu
27/09/2025,MG ZS 1.5 2WD Comfort 2020,2020,Nhập khẩu,Hạ Long - Quảng Ninh,SUV,69.000 km,Số tự động,Xe cũ,Máy xăng,325 triệu
27/09/2025,Ford Territory 1.5L Titanium 2022,2022,Trong nước,Bắc Từ Liêm - Hà Nội,SUV,46.000 km,Số tự động,Xe cũ,Máy xăng,729 triệu
27/09/2025,Mitsubishi Triton 4×2 AT MIVEC 2020,2020,Nhập khẩu,Bắc Từ Liêm - Hà Nội,Bán tải,73.000 km,Số tự động,Xe cũ,Máy dầu,495 triệu
26/09/2025,Hyundai Grand i10 Sedan 1.2 AT 2019,2019,Trong nước,Quận 6 - Tp.HCM,Hatchback,70.000 km,Số tự động,Xe cũ,Máy xăng,305 triệu
20/09/2025,Nissan X trail 2.5 SV 4WD 2019,2019,Trong nước,Thanh Xuân - Hà Nội,SUV,8.000 km,Số tự động,Xe cũ,Máy xăng,605 triệu
21/09/2025,Mazda CX-5 2.0 Luxury 2012,2012,Nhập khẩu,Thanh Xuân - Hà Nội,SUV,8.000 km,Số tự động,Xe cũ,Máy xăng,399 triệu
21/09/2025,Toyota Fortuner 2.7 V 4X2 AT 2019,2019,Nhập khẩu,Thanh Xuân - Hà Nội,MPV,8.000 km,Số tự động,Xe cũ,Máy xăng,750 triệu
24/09/2025,Toyota Vios Limo 2010,2010,Trong nước,Tân Yên - Bắc Giang,Sedan,40 km,Số sàn,Xe cũ,Máy xăng,116 triệu
26/09/2025,Daewoo Matiz SE 2004,2004,Trong nước,Hoàng Mai - Hà Nội,Hatchback,11.000 km,Số sàn,Xe cũ,Máy xăng,58 triệu
25/09/2025,Ford Ranger XLS 2.0L 4x2 AT 2020,2020,Trong nước,Cầu Giấy - Hà Nội,Bán tải,100.000 km,Số tự động,Xe cũ,Máy dầu,495 triệu
25/09/2025,Hyundai Santa Fe 2.2L Dầu Tiêu chuẩn 2021,2021,Trong nước,Cầu Giấy - Hà Nội,SUV,75.000 km,Số tự động,Xe cũ,Máy dầu,830 triệu
25/09/2025,Toyota Camry 2.5G 2009,2009,Nhập khẩu,Cầu Giấy - Hà Nội,Sedan,156.000 km,Số tự động,Xe cũ,Máy xăng,420 triệu
24/09/2025,Hyundai Grand i10 Hatchback 1.2 AT 2020,2020,Trong nước,Hà Nội,Hatchback,80.000 km,Số tự động,Xe cũ,Máy xăng,289 triệu
27/09/2025,Kia K3 2.0 Premium 2022,2022,Trong nước,Tân Uyên - Bình Dương,Sedan,64.000 km,Số tự động,Xe cũ,Máy xăng,545 triệu
27/09/2025,Kia Sportage 2.0D Signature 2022,2022,Trong nước,Tây Hồ - Hà Nội,SUV,233.000 km,Số tự động,Xe cũ,Máy dầu,830 triệu
27/09/2025,MG ZS 1.5 2WD Comfort 2020,2020,Nhập khẩu,Hạ Long - Quảng Ninh,SUV,69.000 km,Số tự động,Xe cũ,Máy xăng,325 triệu
27/09/2025,Ford Territory 1.5L Titanium 2022,2022,Trong nước,Bắc Từ Liêm - Hà Nội,SUV,46.000 km,Số tự động,Xe cũ,Máy xăng,729 triệu
27/09/2025,Mitsubishi Triton 4×2 AT MIVEC 2020,2020,Nhập khẩu,Bắc Từ Liêm - Hà Nội,Bán tải,73.000 km,Số tự động,Xe cũ,Máy dầu,495 triệu
26/09/2025,Hyundai Grand i10 Sedan 1.2 AT 2019,2019,Trong nước,Quận 6 - Tp.HCM,Hatchback,70.000 km,Số tự động,Xe cũ,Máy xăng,305 triệu
20/09/2025,Nissan X trail 2.5 SV 4WD 2019,2019,Trong nước,Thanh Xuân - Hà Nội,SUV,8.000 km,Số tự động,Xe cũ,Máy xăng,605 triệu
21/09/2025,Mazda CX-5 2.0 Luxury 2012,2012,Nhập khẩu,Thanh Xuân - Hà Nội,SUV,8.000 km,Số tự động,Xe cũ,Máy xăng,399 triệu
21/09/2025,Toyota Fortuner 2.7 V 4X2 AT 2019,2019,Nhập khẩu,Thanh Xuân - Hà Nội,MPV,8.000 km,Số tự động,Xe cũ,Máy xăng,750 triệu
24/09/2025,Toyota Vios Limo 2010,2010,Trong nước,Tân Yên - Bắc Giang,Sedan,40 km,Số sàn,Xe cũ,Máy xăng,116 triệu
26/09/2025,Daewoo Matiz SE 2004,2004,Trong nước,Hoàng Mai - Hà Nội,Hatchback,11.000 km,Số sàn,Xe cũ,Máy xăng,58 triệu
25/09/2025,Ford Ranger XLS 2.0L 4x2 AT 2020,2020,Trong nước,Cầu Giấy - Hà Nội,Bán tải,100.000 km,Số tự động,Xe cũ,Máy dầu,495 triệu
25/09/2025,Hyundai Santa Fe 2.2L Dầu Tiêu chuẩn 2021,2021,Trong nước,Cầu Giấy - Hà Nội,SUV,75.000 km,Số tự động,Xe cũ,Máy dầu,830 triệu
25/09/2025,Toyota Camry 2.5G 2009,2009,Nhập khẩu,Cầu Giấy - Hà Nội,Sedan,156.000 km,Số tự động,Xe cũ,Máy xăng,420 triệu
24/09/2025,Hyundai Grand i10 Hatchback 1.2 AT 2020,2020,Trong nước,Hà Nội,Hatchback,80.000 km,Số tự động,Xe cũ,Máy xăng,289 triệu
27/09/2025,Kia K3 2.0 Premium 2022,2022,Trong nước,Tân Uyên - Bình Dương,Sedan,64.000 km,Số tự động,Xe cũ,Máy xăng,545 triệu
27/09/2025,Kia Sportage 2.0D Signature 2022,2022,Trong nước,Tây Hồ - Hà Nội,SUV,233.000 km,Số tự động,Xe cũ,Máy dầu,830 triệu
27/09/2025,MG ZS 1.5 2WD Comfort 2020,2020,Nhập khẩu,Hạ Long - Quảng Ninh,SUV,69.000 km,Số tự động,Xe cũ,Máy xăng,325 triệu
27/09/2025,Ford Territory 1.5L Titanium 2022,2022,Trong nước,Bắc Từ Liêm - Hà Nội,SUV,46.000 km,Số tự động,Xe cũ,Máy xăng,729 triệu
27/09/2025,Mitsubishi Triton 4×2 AT MIVEC 2020,2020,Nhập khẩu,Bắc Từ Liêm - Hà Nội,Bán tải,73.000 km,Số tự động,Xe cũ,Máy dầu,495 triệu
26/09/2025,Hyundai Grand i10 Sedan 1.2 AT 2019,2019,Trong nước,Quận 6 - Tp.HCM,Hatchback,70.000 km,Số tự động,Xe cũ,Máy xăng,305 triệu
20/09/2025,Nissan X trail 2.5 SV 4WD 2019,2019,Trong nước,Thanh Xuân - Hà Nội,SUV,8.000 km,Số tự động,Xe cũ,Máy xăng,605 triệu
21/09/2025,Mazda CX-5 2.0 Luxury 2012,2012,Nhập khẩu,Thanh Xuân - Hà Nội,SUV,8.000 km,Số tự động,Xe cũ,Máy xăng,399 triệu
21/09/2025,Toyota Fortuner 2.7 V 4X2 AT 2019,2019,Nhập khẩu,Thanh Xuân - Hà Nội,MPV,8.000 km,Số tự động,Xe cũ,Máy xăng,750 triệu
24/09/2025,Toyota Vios Limo 2010,2010,Trong nước,Tân Yên - Bắc Giang,Sedan,40 km,Số sàn,Xe cũ,Máy xăng,116 triệu
26/09/2025,Daewoo Matiz SE 2004,2004,Trong nước,Hoàng Mai - Hà Nội,Hatchback,11.000 km,Số sàn,Xe cũ,Máy xăng,58 triệu
25/09/2025,Ford Ranger XLS 2.0L 4x2 AT 2020,2020,Trong nước,Cầu Giấy - Hà Nội,Bán tải,100.000 km,Số tự động,Xe cũ,Máy dầu,495 triệu
25/09/2025,Hyundai Santa Fe 2.2L Dầu Tiêu chuẩn 2021,2021,Trong nước,Cầu Giấy - Hà Nội,SUV,75.000 km,Số tự động,Xe cũ,Máy dầu,830 triệu
25/09/2025,Toyota Camry 2.5G 2009,2009,Nhập khẩu,Cầu Giấy - Hà Nội,Sedan,156.000 km,Số tự động,Xe cũ,Máy xăng,420 triệu
24/09/2025,Hyundai Grand i10 Hatchback 1.2 AT 2020,2020,Trong nước,Hà Nội,Hatchback,80.000 km,Số tự động,Xe cũ,Máy xăng,289 triệu
27/09/2025,Kia K3 2.0 Premium 2022,2022,Trong nước,Tân Uyên - Bình Dương,Sedan,64.000 km,Số tự động,Xe cũ,Máy xăng,545 triệu
27/09/2025,Kia Sportage 2.0D Signature 2022,2022,Trong nước,Tây Hồ - Hà Nội,SUV,233.000 km,Số tự động,Xe cũ,Máy dầu,830 triệu
27/09/2025,MG ZS 1.5 2WD Comfort 2020,2020,Nhập khẩu,Hạ Long - Quảng Ninh,SUV,69.000 km,Số tự động,Xe cũ,Máy xăng,325 triệu
27/09/2025,Ford Territory 1.5L Titanium 2022,2022,Trong nước,Bắc Từ Liêm - Hà Nội,SUV,46.000 km,Số tự động,Xe cũ,Máy xăng,729 triệu
27/09/2025,Mitsubishi Triton 4×2 AT MIVEC 2020,2020,Nhập khẩu,Bắc Từ Liêm - Hà Nội,Bán tải,73.000 km,Số tự động,Xe cũ,Máy dầu,495 triệu
26/09/2025,Hyundai Grand i10 Sedan 1.2 AT 2019,2019,Trong nước,Quận 6 - Tp.HCM,Hatchback,70.000 km,Số tự động,Xe cũ,Máy xăng,305 triệu
20/09/2025,Nissan X trail 2.5 SV 4WD 2019,2019,Trong nước,Thanh Xuân - Hà Nội,SUV,8.000 km,Số tự động,Xe cũ,Máy xăng,605 triệu
21/09/2025,Mazda CX-5 2.0 Luxury 2012,2012,Nhập khẩu,Thanh Xuân - Hà Nội,SUV,8.000 km,Số tự động,Xe cũ,Máy xăng,399 triệu
21/09/2025,Toyota Fortuner 2.7 V 4X2 AT 2019,2019,Nhập khẩu,Thanh Xuân - Hà Nội,MPV,8.000 km,Số tự động,Xe cũ,Máy xăng,750 triệu
24/09/2025,Toyota Vios Limo 2010,2010,Trong nước,Tân Yên - Bắc Giang,Sedan,40 km,Số sàn,Xe cũ,Máy xăng,116 triệu
26/09/2025,Daewoo Matiz SE 2004,2004,Trong nước,Hoàng Mai - Hà Nội,Hatchback,11.000 km,Số sàn,Xe cũ,Máy xăng,58 triệu
25/09/2025,Ford Ranger XLS 2.0L 4x2 AT 2020,2020,Trong nước,Cầu Giấy - Hà Nội,Bán tải,100.000 km,Số tự động,Xe cũ,Máy dầu,495 triệu
25/09/2025,Hyundai Santa Fe 2.2L Dầu Tiêu chuẩn 2021,2021,Trong nước,Cầu Giấy - Hà Nội,SUV,75.000 km,Số tự động,Xe cũ,Máy dầu,830 triệu
25/09/2025,Toyota Camry 2.5G 2009,2009,Nhập khẩu,Cầu Giấy - Hà Nội,Sedan,156.000 km,Số tự động,Xe cũ,Máy xăng,420 triệu
24/09/2025,Hyundai Grand i10 Hatchback 1.2 AT 2020,2020,Trong nước,Hà Nội,Hatchback,80.000 km,Số tự động,Xe cũ,Máy xăng,289 triệu
27/09/2025,Kia K3 2.0 Premium 2022,2022,Trong nước,Tân Uyên - Bình Dương,Sedan,64.000 km,Số tự động,Xe cũ,Máy xăng,545 triệu
27/09/2025,Kia Sportage 2.0D Signature 2022,2022,Trong nước,Tây Hồ - Hà Nội,SUV,233.000 km,Số tự động,Xe cũ,Máy dầu,830 triệu
27/09/2025,MG ZS 1.5 2WD Comfort 2020,2020,Nhập khẩu,Hạ Long - Quảng Ninh,SUV,69.000 km,Số tự động,Xe cũ,Máy xăng,325 triệu
27/09/2025,Ford Territory 1.5L Titanium 2022,2022,Trong nước,Bắc Từ Liêm - Hà Nội,SUV,46.000 km,Số tự động,Xe cũ,Máy xăng,729 triệu
27/09/2025,Mitsubishi Triton 4×2 AT MIVEC 2020,2020,Nhập khẩu,Bắc Từ Liêm - Hà Nội,Bán tải,73.000 km,Số tự động,Xe cũ,Máy dầu,495 triệu
26/09/2025,Hyundai Grand i10 Sedan 1.2 AT 2019,2019,Trong nước,Quận 6 - Tp.HCM,Hatchback,70.000 km,Số tự động,Xe cũ,Máy xăng,305 triệu
20/09/2025,Nissan X trail 2.5 SV 4WD 2019,2019,Trong nước,Thanh Xuân - Hà Nội,SUV,8.000 km,Số tự động,Xe cũ,Máy xăng,605 triệu
21/09/2025,Mazda CX-5 2.0 Luxury 2012,2012,Nhập khẩu,Thanh Xuân - Hà Nội,SUV,8.000 km,Số tự động,Xe cũ,Máy xăng,399 triệu
21/09/2025,Toyota Fortuner 2.7 V 4X2 AT 2019,2019,Nhập khẩu,Thanh Xuân - Hà Nội,MPV,8.000 km,Số tự động,Xe cũ,Máy xăng,750 triệu
